"record_key","record_type","path_or_key","category","extension","bytes","sha256","lifecycle","reference_count","references","contract","secrets_or_env","side_effect","disposition","evidence_basis","notes"
"asset:android-chrome-192x192.png","asset","android-chrome-192x192.png","public-asset","png","78847","31ce56ed175c32676e15f9d9346110be53be69dff16291426518c07ed8187d11","authored-public-asset","53","about.html | blog/ai-appointment-reminders-uk-2026.html | blog/ai-automation-failures-uk-smes-2026.html | blog/ai-automation-uk-gdpr-2026-sme-guide.html | blog/ai-automations-physio-chiro-clinics-uk.html | blog/ai-booking-automation-uk-hospitality-2026.html | blog/ai-call-answering-trades-uk.html | blog/ai-document-automation-uk-smes-2026.html | blog/ai-etas-smart-scheduling-uk-trades-2026.html | blog/ai-guest-concierge-hotels-bbs-uk.html | blog/ai-lead-capture-trades-uk-2026.html | blog/ai-lead-capture-uk-trades-2026.html | blog/ai-lead-qualification-estate-agents-2026.html | blog/ai-lead-scoring-fitness-coaches-uk.html | blog/ai-missed-call-recovery-dentists-uk.html | blog/ai-no-show-reduction-uk-salons-barbers.html | blog/ai-quote-follow-up-trades.html | blog/ai-rebooking-journeys-salons-uk.html | blog/ai-receptionist-small-business-2026.html | blog/ai-receptionist-uk-costs-roi-2026.html | blog/ai-returns-triage-ecommerce-uk.html | blog/ai-viewing-feedback-estate-agents-uk.html | blog/ai-voice-agents-uk-smes-2026.html | blog/ai-website-tools-uk-small-businesses-2026.html | blog/ai-win-back-journeys-gyms-uk.html | blog/clinic-rebooking-physio-chiro-uk.html | blog/dental-intake-e-consent-automation-uk.html | blog/dental-recall-automation-uk-2026.html | blog/dm-to-client-automation-uk-fitness-coaches-2026.html | blog/estate-agent-viewing-confirmations-uk.html | blog/gym-booking-automation-uk-gyms-studios-2026.html | blog/post-purchase-automation-uk-ecommerce-repeat-customers.html | blog/quote-chase-automation-uk-trades-accepted-jobs-2026.html | blog/quote-follow-up-automation-uk-trades-2026.html | blog.html | book.html | codex/execplans/2026-04-01-favicon-logo-migration.md | contact.html | index.html | pricing.html | privacy-policy.html | scripts/seo-audit.js | services/dentists.html | services/ecommerce.html | services/estate-agents.html | services/fitness-coaches.html | services/gyms-fitness-studios.html | services/hospitality.html | services/physios-chiropractors.html | services/salons-barbers.html | services/trades.html | services.html | site.webmanifest","","","","retain","repository evidence",""
"asset:android-chrome-512x512.png","asset","android-chrome-512x512.png","public-asset","png","499126","cbe4ae7c676824f7bd5773b76a2da4ac2a448dbd2ee5d82d1350416e9e644bde","authored-public-asset","3","codex/execplans/2026-04-01-favicon-logo-migration.md | scripts/seo-audit.js | site.webmanifest","","","","retain","repository evidence",""
"asset:apple-touch-icon.png","asset","apple-touch-icon.png","public-asset","png","69615","69aba8bda0d05de39cb4f3bffca9aa21e7bc1a707072fd9ad9ffa07aaeb28c70","authored-public-asset","52","about.html | blog/ai-appointment-reminders-uk-2026.html | blog/ai-automation-failures-uk-smes-2026.html | blog/ai-automation-uk-gdpr-2026-sme-guide.html | blog/ai-automations-physio-chiro-clinics-uk.html | blog/ai-booking-automation-uk-hospitality-2026.html | blog/ai-call-answering-trades-uk.html | blog/ai-document-automation-uk-smes-2026.html | blog/ai-etas-smart-scheduling-uk-trades-2026.html | blog/ai-guest-concierge-hotels-bbs-uk.html | blog/ai-lead-capture-trades-uk-2026.html | blog/ai-lead-capture-uk-trades-2026.html | blog/ai-lead-qualification-estate-agents-2026.html | blog/ai-lead-scoring-fitness-coaches-uk.html | blog/ai-missed-call-recovery-dentists-uk.html | blog/ai-no-show-reduction-uk-salons-barbers.html | blog/ai-quote-follow-up-trades.html | blog/ai-rebooking-journeys-salons-uk.html | blog/ai-receptionist-small-business-2026.html | blog/ai-receptionist-uk-costs-roi-2026.html | blog/ai-returns-triage-ecommerce-uk.html | blog/ai-viewing-feedback-estate-agents-uk.html | blog/ai-voice-agents-uk-smes-2026.html | blog/ai-website-tools-uk-small-businesses-2026.html | blog/ai-win-back-journeys-gyms-uk.html | blog/clinic-rebooking-physio-chiro-uk.html | blog/dental-intake-e-consent-automation-uk.html | blog/dental-recall-automation-uk-2026.html | blog/dm-to-client-automation-uk-fitness-coaches-2026.html | blog/estate-agent-viewing-confirmations-uk.html | blog/gym-booking-automation-uk-gyms-studios-2026.html | blog/post-purchase-automation-uk-ecommerce-repeat-customers.html | blog/quote-chase-automation-uk-trades-accepted-jobs-2026.html | blog/quote-follow-up-automation-uk-trades-2026.html | blog.html | book.html | codex/execplans/2026-04-01-favicon-logo-migration.md | contact.html | index.html | pricing.html | privacy-policy.html | scripts/seo-audit.js | services/dentists.html | services/ecommerce.html | services/estate-agents.html | services/fitness-coaches.html | services/gyms-fitness-studios.html | services/hospitality.html | services/physios-chiropractors.html | services/salons-barbers.html | services/trades.html | services.html","","","","retain","repository evidence",""
"asset:assets/.DS_Store","asset","assets/.DS_Store","public-asset","","8196","398203603567f998fe03f03997707a51a245f8dff7ee60fd7545c476bae557ef","unreferenced","0","","","","","unresolved","repository evidence","unreferenced by scanned public pages/source; ownership unresolved"
"asset:assets/css/custom.css","asset","assets/css/custom.css","stylesheet","css","64","48ece418ffde369afd66521dadaee6700492576e119e8d038e0050f64a1974fc","authored-public-asset","2","assets/js/app.js | src/js/app.js","","","","retain","repository evidence","byte-identical group (assets/css/custom.css | assets/css/mobile.css); 64 bytes each"
"asset:assets/css/mobile.css","asset","assets/css/mobile.css","stylesheet","css","64","48ece418ffde369afd66521dadaee6700492576e119e8d038e0050f64a1974fc","authored-public-asset","2","assets/js/app.js | src/js/app.js","","","","retain","repository evidence","byte-identical group (assets/css/custom.css | assets/css/mobile.css); 64 bytes each"
"asset:assets/css/pricing-widget.css","asset","assets/css/pricing-widget.css","stylesheet","css","27875","37d4c3dd03ce489ec65702b3d0548ea47b37524dc171858df7e079b17e9ec128","generated-bundle","12","codex/execplans/2026-03-16-pricing-widget-restoration.md | pricing-widget/scripts/copy-css.js | pricing.html | services/dentists.html | services/ecommerce.html | services/estate-agents.html | services/fitness-coaches.html | services/gyms-fitness-studios.html | services/hospitality.html | services/physios-chiropractors.html | services/salons-barbers.html | services/trades.html","","","","discard","repository evidence","discard only generated output after replacement build is proven"
"asset:assets/css/styles.css","asset","assets/css/styles.css","stylesheet","css","281366","3320c92072408a3d3b73e47cadbb3dba2887f4c777480b6ff19b7924e27d1613","generated-bundle","61","about.html | blog/ai-appointment-reminders-uk-2026.html | blog/ai-automation-failures-uk-smes-2026.html | blog/ai-automation-uk-gdpr-2026-sme-guide.html | blog/ai-automations-physio-chiro-clinics-uk.html | blog/ai-booking-automation-uk-hospitality-2026.html | blog/ai-call-answering-trades-uk.html | blog/ai-document-automation-uk-smes-2026.html | blog/ai-etas-smart-scheduling-uk-trades-2026.html | blog/ai-guest-concierge-hotels-bbs-uk.html | blog/ai-lead-capture-trades-uk-2026.html | blog/ai-lead-capture-uk-trades-2026.html | blog/ai-lead-qualification-estate-agents-2026.html | blog/ai-lead-scoring-fitness-coaches-uk.html | blog/ai-missed-call-recovery-dentists-uk.html | blog/ai-no-show-reduction-uk-salons-barbers.html | blog/ai-quote-follow-up-trades.html | blog/ai-rebooking-journeys-salons-uk.html | blog/ai-receptionist-small-business-2026.html | blog/ai-receptionist-uk-costs-roi-2026.html | blog/ai-returns-triage-ecommerce-uk.html | blog/ai-viewing-feedback-estate-agents-uk.html | blog/ai-voice-agents-uk-smes-2026.html | blog/ai-website-tools-uk-small-businesses-2026.html | blog/ai-win-back-journeys-gyms-uk.html | blog/clinic-rebooking-physio-chiro-uk.html | blog/dental-intake-e-consent-automation-uk.html | blog/dental-recall-automation-uk-2026.html | blog/dm-to-client-automation-uk-fitness-coaches-2026.html | blog/estate-agent-viewing-confirmations-uk.html | blog/gym-booking-automation-uk-gyms-studios-2026.html | blog/post-purchase-automation-uk-ecommerce-repeat-customers.html | blog/quote-chase-automation-uk-trades-accepted-jobs-2026.html | blog/quote-follow-up-automation-uk-trades-2026.html | blog.html | book.html | build-css.js | codex/execplans/2026-03-10-blog-pages.md | codex/execplans/2026-03-13-desktop-hero-height-recovery.md | codex/execplans/2026-03-13-mobile-footer-overscroll-fix.md | codex/execplans/2026-03-13-mobile-ios-toolbar-parallax-fix.md | codex/execplans/2026-03-13-mobile-urlbar-overlay-removal.md | codex/execplans/2026-03-13-service-image-loading-elimination.md | codex/execplans/2026-03-16-pricing-widget-restoration.md | codex/execplans/2026-03-23-desktop-body-background-marquee-timing.md | codex/execplans/2026-03-23-lightbox-single-source-sizing.md | codex/execplans/2026-04-16-desktop-hero-cta-fit.md | contact.html | index.html | pricing.html | privacy-policy.html | services/dentists.html | services/ecommerce.html | services/estate-agents.html | services/fitness-coaches.html | services/gyms-fitness-studios.html | services/hospitality.html | services/physios-chiropractors.html | services/salons-barbers.html | services/trades.html | services.html","","","","discard","repository evidence","discard only generated output after replacement build is proven"
"asset:assets/fonts/google-sans-flex-latin-ext.woff2","asset","assets/fonts/google-sans-flex-latin-ext.woff2","font","woff2","56388","b964b052e70173c7d358e621b1c81d1b8a69a347408de47179499b3b08caa5d0","authored-font","1","docs/reports/2026-03-19-sitewide-font-copy-review.md","","","","retain","repository evidence",""
"asset:assets/fonts/google-sans-flex-latin.woff2","asset","assets/fonts/google-sans-flex-latin.woff2","font","woff2","119328","bbab933f550f8a453b54eba22b8154d8fa3cf7add5008f0072969a44d66d06a2","authored-font","1","docs/reports/2026-03-19-sitewide-font-copy-review.md","","","","retain","repository evidence",""
"asset:assets/images/.DS_Store","asset","assets/images/.DS_Store","image","","14340","698a6cc70da5b890c6726a1eff35eb9c7eb0aa74ad6240ef234f717305f66b43","unreferenced","0","","","","","unresolved","repository evidence","unreferenced by scanned public pages/source; ownership unresolved"
"asset:assets/images/blog/.DS_Store","asset","assets/images/blog/.DS_Store","image","","6148","d65165279105ca6773180500688df4bdc69a2c7b771752f0a46ef120b7fd8ec3","unreferenced","0","","","","","unresolved","repository evidence","byte-identical group (assets/images/blog/.DS_Store | assets/logo/.DS_Store); 6148 bytes each; unreferenced by scanned public pages/source; ownership unresolved"
"asset:assets/images/blog/blog_1.jpeg","asset","assets/images/blog/blog_1.jpeg","image","jpeg","611389","ab0938594b1596e34662c16d9022c666e0ebd42065b68d6655fa40d89e1e4b45","generated-image-source","14","blog/ai-automation-failures-uk-smes-2026.html | blog/ai-automation-uk-gdpr-2026-sme-guide.html | blog/ai-booking-automation-uk-hospitality-2026.html | blog/ai-document-automation-uk-smes-2026.html | blog/ai-lead-capture-trades-uk-2026.html | blog/ai-lead-capture-uk-trades-2026.html | blog/ai-lead-qualification-estate-agents-2026.html | blog/ai-no-show-reduction-uk-salons-barbers.html | blog/ai-receptionist-small-business-2026.html | blog/ai-receptionist-uk-costs-roi-2026.html | blog/ai-voice-agents-uk-smes-2026.html | blog/ai-website-tools-uk-small-businesses-2026.html | blog.html | codex/execplans/2026-03-10-blog-pages.md","","","","retain","repository evidence","byte-identical group (assets/images/blog/blog_1.jpeg | assets/images/blog_1.jpeg); 611389 bytes each; blog_1 basename collision can make derivative output order-dependent"
"asset:assets/images/blog/blog_1.png","asset","assets/images/blog/blog_1.png","image","png","5568858","cc09dac6aa0db30800f3e28d2bd866960c05eba9da66dc7a2fc10711fda2edee","generated-image-source","0","","","","","retain","repository evidence","blog_1 basename collision can make derivative output order-dependent"
"asset:assets/images/blog/blog_10.png","asset","assets/images/blog/blog_10.png","image","png","2020813","7a29dbef310bdd5180df14f2c0a2a5f941f00b4a999c2f825eecbe2dadfe25dc","generated-image-source","0","","","","","retain","repository evidence",""
"asset:assets/images/blog/blog_11.png","asset","assets/images/blog/blog_11.png","image","png","1974268","cddbfec574c12aa09a58ba9ab420d3d04c5969bb0417f9703f8af24a06c29b01","generated-image-source","0","","","","","retain","repository evidence",""
"asset:assets/images/blog/blog_12.png","asset","assets/images/blog/blog_12.png","image","png","2209125","2aed546b1504795008386984f96dd065d2734bb1104abae6368b129cdc7f40b5","generated-image-source","0","","","","","retain","repository evidence",""
"asset:assets/images/blog/blog_13.png","asset","assets/images/blog/blog_13.png","image","png","1968672","97413a17e5428f3aa1de7198f7447cf36cbfc25eecf103f99b255cc8e187cbc0","generated-image-source","1","codex/execplans/2026-03-10-blog-pages.md","","","","retain","repository evidence",""
"asset:assets/images/blog/blog_14.png","asset","assets/images/blog/blog_14.png","image","png","2043558","a951d6b0895f80f926ebc78bba6f293f7459a8d96b0ca1f7ae94c23c147be38d","generated-image-source","0","","","","","retain","repository evidence",""
"asset:assets/images/blog/blog_15.png","asset","assets/images/blog/blog_15.png","image","png","1906796","a5363fae0abbd57e4264d8524c05ba3481f770cc89974b309fb01cee9dc71296","generated-image-source","0","","","","","retain","repository evidence",""
"asset:assets/images/blog/blog_16.png","asset","assets/images/blog/blog_16.png","image","png","2229163","63645bf1a2b4fe80e44bf80c8e230872fa450aadc6c0f633010eea5ce892b968","generated-image-source","0","","","","","retain","repository evidence",""
"asset:assets/images/blog/blog_17.png","asset","assets/images/blog/blog_17.png","image","png","2077688","6ab3005c4992ae595783fef58075dd3185b4a70dc86ae6b18aa423c422007bf3","generated-image-source","0","","","","","retain","repository evidence",""
"asset:assets/images/blog/blog_18.png","asset","assets/images/blog/blog_18.png","image","png","2090933","11d20351a438e211957b6b1ce4eacf5adebf061fc1296731a1762ecd8b4ae7c3","generated-image-source","0","","","","","retain","repository evidence",""
"asset:assets/images/blog/blog_19.png","asset","assets/images/blog/blog_19.png","image","png","1993696","7f1de191930bdbc10ab7344daf22a132dc1fa11a98bd627a373502ef54a0bfc7","generated-image-source","1","blog/ai-appointment-reminders-uk-2026.html","","","","retain","repository evidence",""
"asset:assets/images/blog/blog_2.png","asset","assets/images/blog/blog_2.png","image","png","2393168","7e4db6b696bbf5c869ecb49bdc1d7627a1d99bac61a3a6e81119ab0fa94efae7","generated-image-source","0","","","","","retain","repository evidence",""
"asset:assets/images/blog/blog_20.png","asset","assets/images/blog/blog_20.png","image","png","2179580","d7eb6838db1070df41b48a08282a3b4dcc45cce67b58d68ef3f9312489446db1","generated-image-source","1","blog/dental-recall-automation-uk-2026.html","","","","retain","repository evidence",""
"asset:assets/images/blog/blog_21.png","asset","assets/images/blog/blog_21.png","image","png","2236136","72ba085744b79b7bff66b288ff48cd080950998273144a3c2644f63149e2be81","generated-image-source","1","blog/quote-chase-automation-uk-trades-accepted-jobs-2026.html","","","","retain","repository evidence",""
"asset:assets/images/blog/blog_22.png","asset","assets/images/blog/blog_22.png","image","png","2149542","5c2402470523857cd7b06d34fa39456a66157a0f3673450475dbd70be385f478","generated-image-source","0","","","","","retain","repository evidence",""
"asset:assets/images/blog/blog_23.png","asset","assets/images/blog/blog_23.png","image","png","2188079","2dafb6c3e86953c53c5a59fbc9d0c6bf8045c68fa0b84c52538d27b2d225aa43","generated-image-source","1","blog/quote-follow-up-automation-uk-trades-2026.html","","","","retain","repository evidence",""
"asset:assets/images/blog/blog_24.png","asset","assets/images/blog/blog_24.png","image","png","2958685","78196c6f1e3f8dd1198f489573ebb2eea14bd0009606a1548ab2b04353a4ccdd","generated-image-source","1","blog/ai-etas-smart-scheduling-uk-trades-2026.html","","","","retain","repository evidence",""
"asset:assets/images/blog/blog_25.png","asset","assets/images/blog/blog_25.png","image","png","2615900","87cb9100707aba363a8e49a48f65b4d296e595c0dc26cf34de82c41efb5badbf","generated-image-source","1","blog/post-purchase-automation-uk-ecommerce-repeat-customers.html","","","","retain","repository evidence",""
"asset:assets/images/blog/blog_26.png","asset","assets/images/blog/blog_26.png","image","png","2879994","9c647fadfb053366dd90d517d69bf70f2db76222a448cbb09ded85a54762b182","generated-image-source","1","blog/dm-to-client-automation-uk-fitness-coaches-2026.html","","","","retain","repository evidence",""
"asset:assets/images/blog/blog_27.png","asset","assets/images/blog/blog_27.png","image","png","2185052","68bb8b74107ca06798248f049d73079834c5ff53234e283b458d1700353f8a9e","generated-image-source","1","blog/gym-booking-automation-uk-gyms-studios-2026.html","","","","retain","repository evidence",""
"asset:assets/images/blog/blog_28.png","asset","assets/images/blog/blog_28.png","image","png","2352144","12309b99248f85f2f0be6108c3564c281d61acc7c47fc053612d897fb17fd43b","generated-image-source","1","blog/ai-automations-physio-chiro-clinics-uk.html","","","","retain","repository evidence",""
"asset:assets/images/blog/blog_29.png","asset","assets/images/blog/blog_29.png","image","png","2265602","3c2d17402d24ec0499e203e06558f405f4a9b06f096251743c07d1a19e182f01","generated-image-source","1","blog/estate-agent-viewing-confirmations-uk.html","","","","retain","repository evidence",""
"asset:assets/images/blog/blog_3.png","asset","assets/images/blog/blog_3.png","image","png","2142182","4a03654e810849188c089f9a8fab95fd62bce7a71e4c32053892be8eac895e43","generated-image-source","0","","","","","retain","repository evidence",""
"asset:assets/images/blog/blog_30.png","asset","assets/images/blog/blog_30.png","image","png","2478603","51d634fe52bede764ce2cc822c6a8d434b66603b14808efea16737458da4f88f","generated-image-source","1","blog/ai-guest-concierge-hotels-bbs-uk.html","","","","retain","repository evidence",""
"asset:assets/images/blog/blog_31.png","asset","assets/images/blog/blog_31.png","image","png","2532485","4c74293732a13e6ab0d018c5d74da80bed61f6f56786fd83bb3fa27fcb09ae5d","generated-image-source","1","blog/dental-intake-e-consent-automation-uk.html","","","","retain","repository evidence",""
"asset:assets/images/blog/blog_32.png","asset","assets/images/blog/blog_32.png","image","png","2425698","cf8d446b02b3ca9782dd83aacc5c61fa0cdc4b58cb307285b14a5292e9e00513","generated-image-source","1","blog/ai-rebooking-journeys-salons-uk.html","","","","retain","repository evidence",""
"asset:assets/images/blog/blog_33.png","asset","assets/images/blog/blog_33.png","image","png","2754529","5f770a24bcf0fa479ac2b0ef3e5af85d2d15ceb6db3d343f942863dc13b002d7","generated-image-source","1","blog/ai-call-answering-trades-uk.html","","","","retain","repository evidence",""
"asset:assets/images/blog/blog_34.png","asset","assets/images/blog/blog_34.png","image","png","2417630","2a1d2e5d4153da18af394e3f7530e522c9ddee982cee0ce416bd7ebb0f5e3842","generated-image-source","1","blog/ai-returns-triage-ecommerce-uk.html","","","","retain","repository evidence",""
"asset:assets/images/blog/blog_35.png","asset","assets/images/blog/blog_35.png","image","png","2138706","8da5f37c572e830666619622c9a99992208104bf018aecea638b64b83d25eb06","generated-image-source","1","blog/ai-win-back-journeys-gyms-uk.html","","","","retain","repository evidence",""
"asset:assets/images/blog/blog_36.png","asset","assets/images/blog/blog_36.png","image","png","2417771","f5626da6447614eda5eb77f915ea71cc1a888cfaf5c596c2e72cca94932486e5","generated-image-source","1","blog/clinic-rebooking-physio-chiro-uk.html","","","","retain","repository evidence",""
"asset:assets/images/blog/blog_37.png","asset","assets/images/blog/blog_37.png","image","png","2541032","8be1edfc9c85b622b8c09bbcd5f00a53f4d63dd205b005e0744de74bdd2fe290","generated-image-source","1","blog/ai-lead-scoring-fitness-coaches-uk.html","","","","retain","repository evidence",""
"asset:assets/images/blog/blog_38.png","asset","assets/images/blog/blog_38.png","image","png","2414460","c27f63a847b7a10a29ef3ee7736c9236ee52c72f7ce13fe1a5305db461693058","generated-image-source","1","blog/ai-missed-call-recovery-dentists-uk.html","","","","retain","repository evidence",""
"asset:assets/images/blog/blog_39.png","asset","assets/images/blog/blog_39.png","image","png","2408822","182dfe5e7f2ee02a3cec7c64f96506972ac59aed72210eea112d02a52e3f6499","generated-image-source","1","blog/ai-viewing-feedback-estate-agents-uk.html","","","","retain","repository evidence","all 12 committed derivatives differ from a clean pinned-source build"
"asset:assets/images/blog/blog_4.png","asset","assets/images/blog/blog_4.png","image","png","2199310","d5c93ce2aa623e01d8123378959b7212a47923293f60fe57f5bc3f9b8f578759","generated-image-source","0","","","","","retain","repository evidence",""
"asset:assets/images/blog/blog_40.png","asset","assets/images/blog/blog_40.png","image","png","2678033","16e0364f2aec3a2439f3f8f4a22c4ccf65bee0668affc93b94af3b236588d856","generated-image-source","0","","","","","retain","repository evidence","source exists but 12 expected derivatives are absent per source"
"asset:assets/images/blog/blog_41.png","asset","assets/images/blog/blog_41.png","image","png","2826518","1b92f036d10fd5ca02846dd6299ad58583fc97b813ac775f35cdce19e81b6747","generated-image-source","2","blog/ai-quote-follow-up-trades.html | blog.html","","","","retain","repository evidence","source exists but 12 expected derivatives are absent per source"
"asset:assets/images/blog/blog_5.png","asset","assets/images/blog/blog_5.png","image","png","2040650","24478d3b040b25e0266986e09da9f0a6a563130f9e69186b781974ba8834db4e","generated-image-source","0","","","","","retain","repository evidence",""
"asset:assets/images/blog/blog_6.png","asset","assets/images/blog/blog_6.png","image","png","2216687","68f44f8ce7b7d17d21f3e057f819371f4faa25534638a79e1befffad09194e85","generated-image-source","0","","","","","retain","repository evidence",""
"asset:assets/images/blog/blog_7.png","asset","assets/images/blog/blog_7.png","image","png","2370410","cad3a4e59b31c6d78b371c034a23cc99631c999b6117143f17d4445a411ddaad","generated-image-source","0","","","","","retain","repository evidence",""
"asset:assets/images/blog/blog_8.png","asset","assets/images/blog/blog_8.png","image","png","2164633","6ab7985a8fa6804946b0a58bec1187d8337d4467216e8553cdf49c4aca6933f7","generated-image-source","0","","","","","retain","repository evidence",""
"asset:assets/images/blog/blog_9.png","asset","assets/images/blog/blog_9.png","image","png","2366337","f1d824d9be795f2b624b22f13f2c1f9b0b0f4555ce852def556d832a551fa49c","generated-image-source","0","","","","","retain","repository evidence",""
"asset:assets/images/blog/derived/blog_1-1280.avif","asset","assets/images/blog/derived/blog_1-1280.avif","image","avif","32190","628b63532ea518fd1e2d409b96827a388495ae567ef8a582b77ce666778b3646","generated-derivative","0","","","","","refactor","repository evidence",""
"asset:assets/images/blog/derived/blog_1-1280.jpg","asset","assets/images/blog/derived/blog_1-1280.jpg","image","jpg","104442","bf119e4274f25b340d4b6eb7896d522485c3d9df9460af2b83adcadcb3335e3d","generated-derivative","1","blog/ai-receptionist-small-business-2026.html","","","","refactor","repository evidence",""
"asset:assets/images/blog/derived/blog_1-1280.webp","asset","assets/images/blog/derived/blog_1-1280.webp","image","webp","52942","c9d8d860c88d3ccbe08173d58714b7b1710bed24c24ece7540cc55c3350325da","generated-derivative","0","","","","","refactor","repository evidence",""
"asset:assets/images/blog/derived/blog_1-320.avif","asset","assets/images/blog/derived/blog_1-320.avif","image","avif","5948","fdf7eb40a3e07e367d98d5727f060ea5d4d57081bc55aea8f3bf825242c826af","generated-derivative","0","","","","","refactor","repository evidence",""
"asset:assets/images/blog/derived/blog_1-320.jpg","asset","assets/images/blog/derived/blog_1-320.jpg","image","jpg","12107","eaaf15734ca897d0a9e5ca8edb062c0251c210ee77e1f9c68aecdc8056fcb28a","generated-derivative","1","blog.html","","","","refactor","repository evidence",""
"asset:assets/images/blog/derived/blog_1-320.webp","asset","assets/images/blog/derived/blog_1-320.webp","image","webp","7394","f74125b9a6f2730dfb8799d5af2931d68fca17297683161f969927fca91980aa","generated-derivative","0","","","","","refactor","repository evidence",""
"asset:assets/images/blog/derived/blog_1-640.avif","asset","assets/images/blog/derived/blog_1-640.avif","image","avif","14628","5404d4b97667c4b4eb6deaf954058e912e431d9d1edaac799acb9b9273d87617","generated-derivative","0","","","","","refactor","repository evidence",""
"asset:assets/images/blog/derived/blog_1-640.jpg","asset","assets/images/blog/derived/blog_1-640.jpg","image","jpg","36450","4a3c59da4d094434ca7ffe2d3a543a47f3acf7f50a4fcc4287c8f73fdd270e64","generated-derivative","2","blog/ai-receptionist-small-business-2026.html | blog.html","","","","refactor","repository evidence",""
"asset:assets/images/blog/derived/blog_1-640.webp","asset","assets/images/blog/derived/blog_1-640.webp","image","webp","20926","20da5a734d92b1d484c9c66f387e2014c346e5468edbae1b26c8a600573e50ec","generated-derivative","0","","","","","refactor","repository evidence",""
"asset:assets/images/blog/derived/blog_1-960.avif","asset","assets/images/blog/derived/blog_1-960.avif","image","avif","23656","540f93b4e8c0f5a34cc1b3953c5362a9962e4c42f85add5d58bdad7b6ad9af5e","generated-derivative","0","","","","","refactor","repository evidence",""
"asset:assets/images/blog/derived/blog_1-960.jpg","asset","assets/images/blog/derived/blog_1-960.jpg","image","jpg","68049","4d6989fc18c40d694af5a19543ccc1a5148e4c061c29a53bed7610dd2f05fe9f","generated-derivative","2","blog/ai-receptionist-small-business-2026.html | blog.html","","","","refactor","repository evidence",""
"asset:assets/images/blog/derived/blog_1-960.webp","asset","assets/images/blog/derived/blog_1-960.webp","image","webp","36718","cd37b777ba358ef90c861ae36836014d577717bd063e02a8744ed3bb5982f931","generated-derivative","0","","","","","refactor","repository evidence",""
"asset:assets/images/blog/derived/blog_10-1280.avif","asset","assets/images/blog/derived/blog_10-1280.avif","image","avif","12193","1a773cbd4bfa36a4326d22cd2e3e937c6bc7c9400aed55065af803201df4d1e5","generated-derivative","0","","","","","refactor","repository evidence",""
"asset:assets/images/blog/derived/blog_10-1280.jpg","asset","assets/images/blog/derived/blog_10-1280.jpg","image","jpg","46954","4944fa5435f33bd73b1d78dc87358dbb0501ed3ed336bf6dbdef987085759fa2","generated-derivative","1","blog/ai-receptionist-uk-costs-roi-2026.html","","","","refactor","repository evidence",""
"asset:assets/images/blog/derived/blog_10-1280.webp","asset","assets/images/blog/derived/blog_10-1280.webp","image","webp","21736","b331f8845735c4229430a8e82e1e16f332a5256b12345d11d7a43395033629eb","generated-derivative","0","","","","","refactor","repository evidence",""
"asset:assets/images/blog/derived/blog_10-320.avif","asset","assets/images/blog/derived/blog_10-320.avif","image","avif","1924","7c1ae0d65bc44297b2c6d3d505c39b99293d29812b5c94ca739e9b40b30665cb","generated-derivative","0","","","","","refactor","repository evidence",""
"asset:assets/images/blog/derived/blog_10-320.jpg","asset","assets/images/blog/derived/blog_10-320.jpg","image","jpg","5763","02793a6f9eab686a8dff70bdddada1422c96771ac9d88194bd9a6be753a85942","generated-derivative","1","blog.html","","","","refactor","repository evidence",""
"asset:assets/images/blog/derived/blog_10-320.webp","asset","assets/images/blog/derived/blog_10-320.webp","image","webp","2724","044a66df321af542afc853243a4769cf199ecc38554de11539d0419466a072f2","generated-derivative","0","","","","","refactor","repository evidence",""
"asset:assets/images/blog/derived/blog_10-640.avif","asset","assets/images/blog/derived/blog_10-640.avif","image","avif","4637","98ed9dd06b7f8187003fe1f3f4cafe0b15e08a13457dffebdb7b702d14829793","generated-derivative","0","","","","","refactor","repository evidence",""
"asset:assets/images/blog/derived/blog_10-640.jpg","asset","assets/images/blog/derived/blog_10-640.jpg","image","jpg","15866","10938db104d89f274f733496677b35975b5ef98c35c04243a6b8eb880e3606d2","generated-derivative","2","blog/ai-receptionist-uk-costs-roi-2026.html | blog.html","","","","refactor","repository evidence",""
"asset:assets/images/blog/derived/blog_10-640.webp","asset","assets/images/blog/derived/blog_10-640.webp","image","webp","7358","06b569ff0ed4727f1ee41e6082e0059d8c6687491746cbfe824f5bc7bc9017ae","generated-derivative","0","","","","","refactor","repository evidence",""
"asset:assets/images/blog/derived/blog_10-960.avif","asset","assets/images/blog/derived/blog_10-960.avif","image","avif","7990","61e4b4bb1de933a1a22932462ad5c51754da2ffee37c86f37fb7295dba4713b9","generated-derivative","0","","","","","refactor","repository evidence",""
"asset:assets/images/blog/derived/blog_10-960.jpg","asset","assets/images/blog/derived/blog_10-960.jpg","image","jpg","29557","c669c2a08d3b70271efb0f8d0300d9d9b10501fbbc9594e86f8e0fb162a1b089","generated-derivative","2","blog/ai-receptionist-uk-costs-roi-2026.html | blog.html","","","","refactor","repository evidence",""
"asset:assets/images/blog/derived/blog_10-960.webp","asset","assets/images/blog/derived/blog_10-960.webp","image","webp","13832","9324049bb4cc57e83167cb628acf057938741277e8be67ac233f9ca3d74415e6","generated-derivative","0","","","","","refactor","repository evidence",""
"asset:assets/images/blog/derived/blog_11-1280.avif","asset","assets/images/blog/derived/blog_11-1280.avif","image","avif","11360","c2789ec7202a0da85286ef5710f7ea08faa44512e9007e3606e2b286b96c4193","generated-derivative","0","","","","","refactor","repository evidence",""
"asset:assets/images/blog/derived/blog_11-1280.jpg","asset","assets/images/blog/derived/blog_11-1280.jpg","image","jpg","37586","080973bec171f722ef30e1a254bdcf73f953bb70eb212c5423d33a10b202d11a","generated-derivative","0","","","","","refactor","repository evidence",""
"asset:assets/images/blog/derived/blog_11-1280.webp","asset","assets/images/blog/derived/blog_11-1280.webp","image","webp","18632","639202dfc865912b38966b246956ed07a6ac260db2f148c2e6e4011fe88ceb8a","generated-derivative","0","","","","","refactor","repository evidence",""
"asset:assets/images/blog/derived/blog_11-320.avif","asset","assets/images/blog/derived/blog_11-320.avif","image","avif","1873","ca53d61135c6d7a1ad00b9c4908883efb4029030d331300f3c942dbfe8e5ff73","generated-derivative","0","","","","","refactor","repository evidence",""
"asset:assets/images/blog/derived/blog_11-320.jpg","asset","assets/images/blog/derived/blog_11-320.jpg","image","jpg","4270","8efd29e7d9ca73a59b19efe1e47c400050b2629a416eb787a36b45082c773f6f","generated-derivative","0","","","","","refactor","repository evidence",""
"asset:assets/images/blog/derived/blog_11-320.webp","asset","assets/images/blog/derived/blog_11-320.webp","image","webp","2194","3af98b0f23bf64e57070287c5839a36123914cce13dfc196aeae0dfb5a18fdf2","generated-derivative","0","","","","","refactor","repository evidence",""
"asset:assets/images/blog/derived/blog_11-640.avif","asset","assets/images/blog/derived/blog_11-640.avif","image","avif","4803","5d22cd14045482727888a1ffaa5b336b3b48744bd3bb17740045306aefbc4b56","generated-derivative","0","","","","","refactor","repository evidence",""
"asset:assets/images/blog/derived/blog_11-640.jpg","asset","assets/images/blog/derived/blog_11-640.jpg","image","jpg","13031","5cbca81ccc0bce45d9080c4bfb9558f6f87eab4bac0710907c151fefd750d99b","generated-derivative","0","","","","","refactor","repository evidence",""
"asset:assets/images/blog/derived/blog_11-640.webp","asset","assets/images/blog/derived/blog_11-640.webp","image","webp","6530","544d6f3ec1545d181b1cf017c34e017fa1fa1ca4a64403f90818e3e6a33d7838","generated-derivative","0","","","","","refactor","repository evidence",""
"asset:assets/images/blog/derived/blog_11-960.avif","asset","assets/images/blog/derived/blog_11-960.avif","image","avif","8049","7b024293968812848f2a97d46872e290bca1e7807a88b5416c4e0f2781b4cf6f","generated-derivative","0","","","","","refactor","repository evidence",""
"asset:assets/images/blog/derived/blog_11-960.jpg","asset","assets/images/blog/derived/blog_11-960.jpg","image","jpg","24303","27aca4260cc1dc3c7238de191b87ba649aa3e2914ced0d4b6146fd31ab0d2289","generated-derivative","0","","","","","refactor","repository evidence",""
"asset:assets/images/blog/derived/blog_11-960.webp","asset","assets/images/blog/derived/blog_11-960.webp","image","webp","11964","4215d5150d9b2ebfba5c76aea268be7f8b88179e797695a649d224400b33c153","generated-derivative","0","","","","","refactor","repository evidence",""
"asset:assets/images/blog/derived/blog_12-1280.avif","asset","assets/images/blog/derived/blog_12-1280.avif","image","avif","14948","90ba6a2866f47e3993d602a489ee4c5c22dcc16f470b7f366a3056545f4857e9","generated-derivative","0","","","","","refactor","repository evidence",""
"asset:assets/images/blog/derived/blog_12-1280.jpg","asset","assets/images/blog/derived/blog_12-1280.jpg","image","jpg","50893","d57ee48c127413513a49c099f8e87fdf847094fad95ba5c5a11294dff980b83f","generated-derivative","1","blog/ai-no-show-reduction-uk-salons-barbers.html","","","","refactor","repository evidence",""
"asset:assets/images/blog/derived/blog_12-1280.webp","asset","assets/images/blog/derived/blog_12-1280.webp","image","webp","27032","c961866ca0ba63975d3ea798203559dd0c64e05f3067d9788ce7940473adde9c","generated-derivative","0","","","","","refactor","repository evidence",""
"asset:assets/images/blog/derived/blog_12-320.avif","asset","assets/images/blog/derived/blog_12-320.avif","image","avif","3092","e9b9670977db663d9904206f934a546be7061d60b3c832c3a7b58baf657b184e","generated-derivative","0","","","","","refactor","repository evidence",""
"asset:assets/images/blog/derived/blog_12-320.jpg","asset","assets/images/blog/derived/blog_12-320.jpg","image","jpg","6637","46d2066f0abd88ac4f93f0ef75a5cc859b2b06091b42f590d7215cae00daa4d4","generated-derivative","1","blog.html","","","","refactor","repository evidence",""
"asset:assets/images/blog/derived/blog_12-320.webp","asset","assets/images/blog/derived/blog_12-320.webp","image","webp","3966","905504dbff6fd3868469eb9f57197c47ae6dad670d9b7f59b28dfbaab5ffc3f6","generated-derivative","0","","","","","refactor","repository evidence",""
"asset:assets/images/blog/derived/blog_12-640.avif","asset","assets/images/blog/derived/blog_12-640.avif","image","avif","7092","7f381f91177738e4aaf78bf693c69af7633ab915d494b110809bdc2876e59dae","generated-derivative","0","","","","","refactor","repository evidence",""
"asset:assets/images/blog/derived/blog_12-640.jpg","asset","assets/images/blog/derived/blog_12-640.jpg","image","jpg","19021","e051cd9283369dbabf30be8933c4d6f2e28f07752d169ed69eb28a9ec207c3f5","generated-derivative","2","blog/ai-no-show-reduction-uk-salons-barbers.html | blog.html","","","","refactor","repository evidence",""
"asset:assets/images/blog/derived/blog_12-640.webp","asset","assets/images/blog/derived/blog_12-640.webp","image","webp","10610","b3c6a1005e8f5fd8c51f4f6332dcebf0d6b84f93abaa9415cfcc8a2b85a26273","generated-derivative","0","","","","","refactor","repository evidence",""
"asset:assets/images/blog/derived/blog_12-960.avif","asset","assets/images/blog/derived/blog_12-960.avif","image","avif","11070","530906f274bf8f5d8ffe2b1771b6472b4ed76abdfb0b456b4c624213e669698c","generated-derivative","0","","","","","refactor","repository evidence",""
"asset:assets/images/blog/derived/blog_12-960.jpg","asset","assets/images/blog/derived/blog_12-960.jpg","image","jpg","34286","6e36575bc0b42141a546e12dff1952bca7b7a410994adeb601268c9969615616","generated-derivative","2","blog/ai-no-show-reduction-uk-salons-barbers.html | blog.html","","","","refactor","repository evidence",""
"asset:assets/images/blog/derived/blog_12-960.webp","asset","assets/images/blog/derived/blog_12-960.webp","image","webp","18740","830537478b9fb3e7d10a5383be1a4d315469cd21f757de9214a3e074c2ef3c17","generated-derivative","0","","","","","refactor","repository evidence",""
"asset:assets/images/blog/derived/blog_13-1280.avif","asset","assets/images/blog/derived/blog_13-1280.avif","image","avif","13897","fdd847189e6ef7e16c53df7c0b0d5c35bcf6523cb54af404de00fc638a6fe0e9","generated-derivative","0","","","","","refactor","repository evidence",""
"asset:assets/images/blog/derived/blog_13-1280.jpg","asset","assets/images/blog/derived/blog_13-1280.jpg","image","jpg","45750","d815ab199a6591f47912a353f374c6ada71b2fcf21e09197d3dccb6e889330f3","generated-derivative","1","blog/ai-lead-capture-uk-trades-2026.html","","","","refactor","repository evidence",""
"asset:assets/images/blog/derived/blog_13-1280.webp","asset","assets/images/blog/derived/blog_13-1280.webp","image","webp","24928","fddf843776939baecd8d33325d96e8f016b0b0f8d1c82bc9515dc3be2961235c","generated-derivative","0","","","","","refactor","repository evidence",""
"asset:assets/images/blog/derived/blog_13-320.avif","asset","assets/images/blog/derived/blog_13-320.avif","image","avif","2110","e1962a91c6f5bd4808f5e297d670cd12ad965d5c188e86e56732e29d0f303acb","generated-derivative","0","","","","","refactor","repository evidence",""
"asset:assets/images/blog/derived/blog_13-320.jpg","asset","assets/images/blog/derived/blog_13-320.jpg","image","jpg","4586","e698df473c72def5507a0af4ed7a5c620580377fb4b8a0c4c90079fd38e6e4bd","generated-derivative","1","blog.html","","","","refactor","repository evidence",""
"asset:assets/images/blog/derived/blog_13-320.webp","asset","assets/images/blog/derived/blog_13-320.webp","image","webp","2706","359d6fda92dcb4c4c41e1ec496da7bbb67a07b736938feb0eb7493b918da578d","generated-derivative","0","","","","","refactor","repository evidence",""
"asset:assets/images/blog/derived/blog_13-640.avif","asset","assets/images/blog/derived/blog_13-640.avif","image","avif","5380","0c17278dac8728475600078c9d03bcbdd5dc11b487c1d12b665f97190b558b9a","generated-derivative","0","","","","","refactor","repository evidence",""
"asset:assets/images/blog/derived/blog_13-640.jpg","asset","assets/images/blog/derived/blog_13-640.jpg","image","jpg","14480","b701d0069db28b9a114b441a9a94f5b628e389da9af068dc1c50604b02d38fc2","generated-derivative","2","blog/ai-lead-capture-uk-trades-2026.html | blog.html","","","","refactor","repository evidence",""
"asset:assets/images/blog/derived/blog_13-640.webp","asset","assets/images/blog/derived/blog_13-640.webp","image","webp","8230","194d6ccf946d68fd743017be653a8c84e4c67e1c50423c3000f66e4ea21b555d","generated-derivative","0","","","","","refactor","repository evidence",""
"asset:assets/images/blog/derived/blog_13-960.avif","asset","assets/images/blog/derived/blog_13-960.avif","image","avif","9538","f76da09224aa432effc10a64ec215acdf72d6a90505f86554b5d02b550d3203d","generated-derivative","0","","","","","refactor","repository evidence",""
"asset:assets/images/blog/derived/blog_13-960.jpg","asset","assets/images/blog/derived/blog_13-960.jpg","image","jpg","29088","738ae6ede405f456f7e35f1060d63cdf3b79ac8b80c4c00d584e39d3192fae2e","generated-derivative","2","blog/ai-lead-capture-uk-trades-2026.html | blog.html","","","","refactor","repository evidence",""
"asset:assets/images/blog/derived/blog_13-960.webp","asset","assets/images/blog/derived/blog_13-960.webp","image","webp","15878","85c317acf402fdf76b53a5b9545c61a6204c6aef9483e690c470a939f8c685de","generated-derivative","0","","","","","refactor","repository evidence",""
"asset:assets/images/blog/derived/blog_14-1280.avif","asset","assets/images/blog/derived/blog_14-1280.avif","image","avif","9574","3daa91565fbbc973225bd9c02fee2bc9efbd70db96061390cce6e1932eca9434","generated-derivative","0","","","","","refactor","repository evidence",""
"asset:assets/images/blog/derived/blog_14-1280.jpg","asset","assets/images/blog/derived/blog_14-1280.jpg","image","jpg","36870","7a76c179924d905de42ba4598545cf4cce5828b564e9fd6d073599939ccffc0e","generated-derivative","1","blog/ai-lead-capture-trades-uk-2026.html","","","","refactor","repository evidence",""
"asset:assets/images/blog/derived/blog_14-1280.webp","asset","assets/images/blog/derived/blog_14-1280.webp","image","webp","19036","d465349145ceb49f37b84b9bb373dfbda991d041518dffd533f2ea527a882f2e","generated-derivative","0","","","","","refactor","repository evidence",""
"asset:assets/images/blog/derived/blog_14-320.avif","asset","assets/images/blog/derived/blog_14-320.avif","image","avif","1830","9b6ecb1b1ef6ee6b6d9c31e2633695165524a9fbe4503c0d65eef56bb3c9250b","generated-derivative","0","","","","","refactor","repository evidence",""
"asset:assets/images/blog/derived/blog_14-320.jpg","asset","assets/images/blog/derived/blog_14-320.jpg","image","jpg","4547","adcd10a8418c4fa467a49f637e5ffa4fe74c124f6bda927c56b7c8a36db27f67","generated-derivative","1","blog.html","","","","refactor","repository evidence",""
"asset:assets/images/blog/derived/blog_14-320.webp","asset","assets/images/blog/derived/blog_14-320.webp","image","webp","2384","62bdca3f787d14f42eac25d02f9dea292e7f5b00899dd7254cd5642bc99092a2","generated-derivative","0","","","","","refactor","repository evidence",""
"asset:assets/images/blog/derived/blog_14-640.avif","asset","assets/images/blog/derived/blog_14-640.avif","image","avif","4522","01ecb0168d4bc3238ba20c94f464405286a060b3760c5ba7e5107d8baa87d970","generated-derivative","0","","","","","refactor","repository evidence",""
"asset:assets/images/blog/derived/blog_14-640.jpg","asset","assets/images/blog/derived/blog_14-640.jpg","image","jpg","13513","01b955aa8ac974bc32000028a1057457fdc57cab62bed9600ba769c02793afc7","generated-derivative","2","blog/ai-lead-capture-trades-uk-2026.html | blog.html","","","","refactor","repository evidence",""
"asset:assets/images/blog/derived/blog_14-640.webp","asset","assets/images/blog/derived/blog_14-640.webp","image","webp","7184","e3bc36e4015ad53dd65bc07eb7473c6419d217bcf4becd30467ee511be9788fb","generated-derivative","0","","","","","refactor","repository evidence",""
"asset:assets/images/blog/derived/blog_14-960.avif","asset","assets/images/blog/derived/blog_14-960.avif","image","avif","7187","892286397614a5f56c6ef5fc3c6459e401df68e4103439fca2adee7b66fad91d","generated-derivative","0","","","","","refactor","repository evidence",""
"asset:assets/images/blog/derived/blog_14-960.jpg","asset","assets/images/blog/derived/blog_14-960.jpg","image","jpg","24571","73eab10c8f68f37b65c1816f1b3620961df0ccb3adeae62cba506cfe8f472a17","generated-derivative","2","blog/ai-lead-capture-trades-uk-2026.html | blog.html","","","","refactor","repository evidence",""
"asset:assets/images/blog/derived/blog_14-960.webp","asset","assets/images/blog/derived/blog_14-960.webp","image","webp","12674","af1436f2d609626f86669b08305968aa0c772075d61399e34faaceb0b6a8a728","generated-derivative","0","","","","","refactor","repository evidence",""
"asset:assets/images/blog/derived/blog_15-1280.avif","asset","assets/images/blog/derived/blog_15-1280.avif","image","avif","10323","14011b3bb77287b59314424992277fe8bf1e7217fa9d3e8e899638f9adf07e8d","generated-derivative","0","","","","","refactor","repository evidence",""
"asset:assets/images/blog/derived/blog_15-1280.jpg","asset","assets/images/blog/derived/blog_15-1280.jpg","image","jpg","34969","b033649e1cd80c152705fbc11113fc860fbd2b71a199ff40e18ea0846e7a9cd8","generated-derivative","1","blog/ai-booking-automation-uk-hospitality-2026.html","","","","refactor","repository evidence",""
"asset:assets/images/blog/derived/blog_15-1280.webp","asset","assets/images/blog/derived/blog_15-1280.webp","image","webp","17950","95eac741ce3356bb89c85495d62803d558288c60ec2d5e280166dfc70a68c2cc","generated-derivative","0","","","","","refactor","repository evidence",""
"asset:assets/images/blog/derived/blog_15-320.avif","asset","assets/images/blog/derived/blog_15-320.avif","image","avif","1902","4189b2808473df65f3e0255f0589e36bdee4836a708be30c67f7c00e0be2d399","generated-derivative","0","","","","","refactor","repository evidence",""
"asset:assets/images/blog/derived/blog_15-320.jpg","asset","assets/images/blog/derived/blog_15-320.jpg","image","jpg","4356","f34d6248a68690497454e06b02f1ffdfc9f68570a0ce90539167b20b0b6c920e","generated-derivative","1","blog.html","","","","refactor","repository evidence",""
"asset:assets/images/blog/derived/blog_15-320.webp","asset","assets/images/blog/derived/blog_15-320.webp","image","webp","2240","b459e668e4225cfccf70281deeadeaaabda085a894d9c8c115da13ea7c0f2f9f","generated-derivative","0","","","","","refactor","repository evidence",""
"asset:assets/images/blog/derived/blog_15-640.avif","asset","assets/images/blog/derived/blog_15-640.avif","image","avif","4450","ad0e0e5037168be2eb48d9e083cde693f7ebdaae480ca10a5d3e346c480f311f","generated-derivative","0","","","","","refactor","repository evidence",""
"asset:assets/images/blog/derived/blog_15-640.jpg","asset","assets/images/blog/derived/blog_15-640.jpg","image","jpg","12272","d0678cf23753e27ab56db3e84102c4942f01dd18468b4fde25eb24c9be42f55d","generated-derivative","2","blog/ai-booking-automation-uk-hospitality-2026.html | blog.html","","","","refactor","repository evidence",""
"asset:assets/images/blog/derived/blog_15-640.webp","asset","assets/images/blog/derived/blog_15-640.webp","image","webp","6492","81096619e2adfb0847e00598608410e7a7d5655185a3760a3235670041311387","generated-derivative","0","","","","","refactor","repository evidence",""
"asset:assets/images/blog/derived/blog_15-960.avif","asset","assets/images/blog/derived/blog_15-960.avif","image","avif","7453","5a56ccea5132f28cabe39a79da04f3c6afec067e13d036b4d99df92b9f835e8d","generated-derivative","0","","","","","refactor","repository evidence",""
"asset:assets/images/blog/derived/blog_15-960.jpg","asset","assets/images/blog/derived/blog_15-960.jpg","image","jpg","22848","4177b1eff4e1b287ea3376a632f7f3050f476f8a2cb12c288ad1979f90b7b3af","generated-derivative","2","blog/ai-booking-automation-uk-hospitality-2026.html | blog.html","","","","refactor","repository evidence",""
"asset:assets/images/blog/derived/blog_15-960.webp","asset","assets/images/blog/derived/blog_15-960.webp","image","webp","11848","812720e1cbf503ffe905c36e65ad914ac946d654acc4658245b534a3985c5ff6","generated-derivative","0","","","","","refactor","repository evidence",""
"asset:assets/images/blog/derived/blog_16-1280.avif","asset","assets/images/blog/derived/blog_16-1280.avif","image","avif","19283","51c6526ed65fedc683784fce8392bacd93f72122343b6567ec73aa2ccf24d036","generated-derivative","0","","","","","refactor","repository evidence",""
"asset:assets/images/blog/derived/blog_16-1280.jpg","asset","assets/images/blog/derived/blog_16-1280.jpg","image","jpg","66953","ea9eba3b6ed4dcd0355dfcc50d454e2ad4e0e857d4f80392e398750bfd6204c1","generated-derivative","1","blog/ai-lead-qualification-estate-agents-2026.html","","","","refactor","repository evidence",""
"asset:assets/images/blog/derived/blog_16-1280.webp","asset","assets/images/blog/derived/blog_16-1280.webp","image","webp","36660","ceae61b297411bc3a3ae425b268ddb70023b9dbbd481e17891cd8b761c79f6d5","generated-derivative","0","","","","","refactor","repository evidence",""
"asset:assets/images/blog/derived/blog_16-320.avif","asset","assets/images/blog/derived/blog_16-320.avif","image","avif","3126","8893a5cfb9efb5c6111cba1a1a519fabcad54f5464c025c5f10ed821d129e1b8","generated-derivative","0","","","","","refactor","repository evidence",""
"asset:assets/images/blog/derived/blog_16-320.jpg","asset","assets/images/blog/derived/blog_16-320.jpg","image","jpg","6906","fcff53085bb3dab6cdbd0ff69b85be03db0355eb1d915d4a0f78a8006353916c","generated-derivative","1","blog.html","","","","refactor","repository evidence",""
"asset:assets/images/blog/derived/blog_16-320.webp","asset","assets/images/blog/derived/blog_16-320.webp","image","webp","4170","bc419735bade4246187379b1e77a0e5ea8248aed9ee99abee67570b09acd30db","generated-derivative","0","","","","","refactor","repository evidence",""
"asset:assets/images/blog/derived/blog_16-640.avif","asset","assets/images/blog/derived/blog_16-640.avif","image","avif","7539","a1a71c446991b280bcf031074a6b7765dbda133245c9eeeefca720b5964e6602","generated-derivative","0","","","","","refactor","repository evidence",""
"asset:assets/images/blog/derived/blog_16-640.jpg","asset","assets/images/blog/derived/blog_16-640.jpg","image","jpg","21530","ee63f99db2b9f4f18c9c614409056a1f9e2c21b39b18ee715f0dc874bb87986b","generated-derivative","2","blog/ai-lead-qualification-estate-agents-2026.html | blog.html","","","","refactor","repository evidence",""
"asset:assets/images/blog/derived/blog_16-640.webp","asset","assets/images/blog/derived/blog_16-640.webp","image","webp","12336","3b11b0e9381a3096a913c53c5e44ce5a47f256967514272b0464b6aca1113613","generated-derivative","0","","","","","refactor","repository evidence",""
"asset:assets/images/blog/derived/blog_16-960.avif","asset","assets/images/blog/derived/blog_16-960.avif","image","avif","13283","ebebb7fce18e4a3355497ddb22ef1551d5ea7fdbe52db3add5c4b1ca009c6c3a","generated-derivative","0","","","","","refactor","repository evidence",""
"asset:assets/images/blog/derived/blog_16-960.jpg","asset","assets/images/blog/derived/blog_16-960.jpg","image","jpg","41824","43211ba46b795e718188b7805de8b8e1c5b9076b31aa4ec72b0ad6c8b64320f9","generated-derivative","2","blog/ai-lead-qualification-estate-agents-2026.html | blog.html","","","","refactor","repository evidence",""
"asset:assets/images/blog/derived/blog_16-960.webp","asset","assets/images/blog/derived/blog_16-960.webp","image","webp","23718","401264d1d184329718d4eb90208a6cbae7d6dab9368e3a6f29c73d96e71370a1","generated-derivative","0","","","","","refactor","repository evidence",""
"asset:assets/images/blog/derived/blog_17-1280.avif","asset","assets/images/blog/derived/blog_17-1280.avif","image","avif","16305","5d8d653f007c4384eeae1f389be4dd067c4204a5f4e14bb4f63bf56db4886c36","generated-derivative","0","","","","","refactor","repository evidence",""
"asset:assets/images/blog/derived/blog_17-1280.jpg","asset","assets/images/blog/derived/blog_17-1280.jpg","image","jpg","57785","0f0e1ce3de6e3b34c7c1415579eaa1868ffff0970821720faf0b3b835cc45e49","generated-derivative","0","","","","","refactor","repository evidence",""
"asset:assets/images/blog/derived/blog_17-1280.webp","asset","assets/images/blog/derived/blog_17-1280.webp","image","webp","30702","f30ae3f231b3ce8fbb26dbdb10cd367aa0661bc6ce6e26314173d685b29e603e","generated-derivative","0","","","","","refactor","repository evidence",""
"asset:assets/images/blog/derived/blog_17-320.avif","asset","assets/images/blog/derived/blog_17-320.avif","image","avif","2440","095c072979c9a1bcb258aa6dd85456a096617cd8fa44006d00be467bfc94429e","generated-derivative","0","","","","","refactor","repository evidence",""
"asset:assets/images/blog/derived/blog_17-320.jpg","asset","assets/images/blog/derived/blog_17-320.jpg","image","jpg","6153","a91df288f3c52aa4ce0fa72184e7a082a37bf6e0ba2f4c5298b1663fddfe000d","generated-derivative","0","","","","","refactor","repository evidence",""
"asset:assets/images/blog/derived/blog_17-320.webp","asset","assets/images/blog/derived/blog_17-320.webp","image","webp","3574","5bb1e8d6ff9584c71de8293b5280f65b36b8d6621232462e5a840d1577ba5b89","generated-derivative","0","","","","","refactor","repository evidence",""
"asset:assets/images/blog/derived/blog_17-640.avif","asset","assets/images/blog/derived/blog_17-640.avif","image","avif","6247","bbd46608783e1a8e01c45dca7a50f81bcad294360bcc0aba3baa7f3c7b455240","generated-derivative","0","","","","","refactor","repository evidence",""
"asset:assets/images/blog/derived/blog_17-640.jpg","asset","assets/images/blog/derived/blog_17-640.jpg","image","jpg","19057","36e79ff81c8c92192a01c348210375b15557c18cbd588dd7d1c5e0d64e7c5255","generated-derivative","0","","","","","refactor","repository evidence",""
"asset:assets/images/blog/derived/blog_17-640.webp","asset","assets/images/blog/derived/blog_17-640.webp","image","webp","10548","7d4aa576ec198b6365e3067d4ed6c9f8cfa6fe64d05aff78818370e2b03cdb80","generated-derivative","0","","","","","refactor","repository evidence",""
"asset:assets/images/blog/derived/blog_17-960.avif","asset","assets/images/blog/derived/blog_17-960.avif","image","avif","11282","d7d7ffc9c646ff5253310d36145b1966b78a0bfe0d89d303928901f9060ab21a","generated-derivative","0","","","","","refactor","repository evidence",""
"asset:assets/images/blog/derived/blog_17-960.jpg","asset","assets/images/blog/derived/blog_17-960.jpg","image","jpg","36729","f646c9e48c207ef592e5d3543f8053cc45af5bea6755879b0d599a9b4e742b3d","generated-derivative","0","","","","","refactor","repository evidence",""
"asset:assets/images/blog/derived/blog_17-960.webp","asset","assets/images/blog/derived/blog_17-960.webp","image","webp","19896","5b7a91aa3566eb593921140e74e7310ab7ab3507176ff318092af531d31838b4","generated-derivative","0","","","","","refactor","repository evidence",""
"asset:assets/images/blog/derived/blog_18-1280.avif","asset","assets/images/blog/derived/blog_18-1280.avif","image","avif","14732","72200fc517c44b8b1dd3d841c6dfa9602fd5759c9c3fb04fece2c25fd1274518","generated-derivative","0","","","","","refactor","repository evidence",""
"asset:assets/images/blog/derived/blog_18-1280.jpg","asset","assets/images/blog/derived/blog_18-1280.jpg","image","jpg","52188","da68930e520f1f1f6a57a81ec812aecf06473c19cf5937c7597cfb96757141bf","generated-derivative","0","","","","","refactor","repository evidence",""
"asset:assets/images/blog/derived/blog_18-1280.webp","asset","assets/images/blog/derived/blog_18-1280.webp","image","webp","27582","0c9035c61b8970abcf85350e1daf74ab2502a8ac68ae5e547cbe891fed6d1d24","generated-derivative","0","","","","","refactor","repository evidence",""
"asset:assets/images/blog/derived/blog_18-320.avif","asset","assets/images/blog/derived/blog_18-320.avif","image","avif","2060","e8e7c53e19c9f25335df40d114373a4bf466a1bc4c08eec78cc5c579e8ca00e2","generated-derivative","0","","","","","refactor","repository evidence",""
"asset:assets/images/blog/derived/blog_18-320.jpg","asset","assets/images/blog/derived/blog_18-320.jpg","image","jpg","5669","8f175ce376f626c79f5b9ee9cfab32c280462359a93657d7c3c73354b28bf6e4","generated-derivative","0","","","","","refactor","repository evidence",""
"asset:assets/images/blog/derived/blog_18-320.webp","asset","assets/images/blog/derived/blog_18-320.webp","image","webp","3090","5bd2b97e732019621750ef81f6e4633b7034eb716838700522be09c09d7f1d4c","generated-derivative","0","","","","","refactor","repository evidence",""
"asset:assets/images/blog/derived/blog_18-640.avif","asset","assets/images/blog/derived/blog_18-640.avif","image","avif","5899","1052e4f91414e773f2b35945ab9f3a6db823f3057a5e763aa0446f8d4c8e2f67","generated-derivative","0","","","","","refactor","repository evidence",""
"asset:assets/images/blog/derived/blog_18-640.jpg","asset","assets/images/blog/derived/blog_18-640.jpg","image","jpg","17622","3ca3f2fc07ce34b2e11702c494570a7397cf5e78ce4dd3e8c4f701c0ca6caa5b","generated-derivative","0","","","","","refactor","repository evidence",""
"asset:assets/images/blog/derived/blog_18-640.webp","asset","assets/images/blog/derived/blog_18-640.webp","image","webp","9930","e94f83e01ee9581041a628495786702022150480d061b0166b3517a42f2159a5","generated-derivative","0","","","","","refactor","repository evidence",""
"asset:assets/images/blog/derived/blog_18-960.avif","asset","assets/images/blog/derived/blog_18-960.avif","image","avif","10245","5d60356a312a446c5c2414ee8a3e5ac86c6838bf2c7a530ae4f1d6215155b8fc","generated-derivative","0","","","","","refactor","repository evidence",""
"asset:assets/images/blog/derived/blog_18-960.jpg","asset","assets/images/blog/derived/blog_18-960.jpg","image","jpg","33407","8237f7db3e31cace89258f3c05be252f4a32ef86bceaf9bb58d98d8cfa503c34","generated-derivative","0","","","","","refactor","repository evidence",""
"asset:assets/images/blog/derived/blog_18-960.webp","asset","assets/images/blog/derived/blog_18-960.webp","image","webp","18140","9720a8deaf7cef165e2a487ba3b3e9cc34030cf7223a949f80a50f3471bba5ec","generated-derivative","0","","","","","refactor","repository evidence",""
"asset:assets/images/blog/derived/blog_19-1280.avif","asset","assets/images/blog/derived/blog_19-1280.avif","image","avif","12195","d88c9d22c33f9693cfdea52c073c3c877bab2f6b01e34ae44f2674b08d08cda7","generated-derivative","0","","","","","refactor","repository evidence",""
"asset:assets/images/blog/derived/blog_19-1280.jpg","asset","assets/images/blog/derived/blog_19-1280.jpg","image","jpg","43680","481ec0775a3c9a00bf8676231dcc5cbc0f64927fa9c41b03adb3277625d2e5cb","generated-derivative","1","blog/ai-appointment-reminders-uk-2026.html","","","","refactor","repository evidence",""
"asset:assets/images/blog/derived/blog_19-1280.webp","asset","assets/images/blog/derived/blog_19-1280.webp","image","webp","23284","689604d25de1a35c7c21d8ac3b58c8d2b6c9d09019f2a7f5f404335a604285d9","generated-derivative","0","","","","","refactor","repository evidence",""
"asset:assets/images/blog/derived/blog_19-320.avif","asset","assets/images/blog/derived/blog_19-320.avif","image","avif","2233","711f51c4866bbb7c829fc336685455531a7beccf11465e1c8da4a443d92aa499","generated-derivative","0","","","","","refactor","repository evidence",""
"asset:assets/images/blog/derived/blog_19-320.jpg","asset","assets/images/blog/derived/blog_19-320.jpg","image","jpg","5546","73ec935da200de920aa65807bb69faca77191b740b528995b58ab5f2cb8a0abc","generated-derivative","1","blog.html","","","","refactor","repository evidence",""
"asset:assets/images/blog/derived/blog_19-320.webp","asset","assets/images/blog/derived/blog_19-320.webp","image","webp","2966","c720dc716ed9d82d0990acd4520588a544d8072f4b6846da9790b15502d88092","generated-derivative","0","","","","","refactor","repository evidence",""
"asset:assets/images/blog/derived/blog_19-640.avif","asset","assets/images/blog/derived/blog_19-640.avif","image","avif","5090","f5449b578cff0887621639f17d215bb4deb612d306306dbaf01de065b1ea5170","generated-derivative","0","","","","","refactor","repository evidence",""
"asset:assets/images/blog/derived/blog_19-640.jpg","asset","assets/images/blog/derived/blog_19-640.jpg","image","jpg","15184","d543d325dae0873efb4b3a542a78f0a647fb3fdf0566f0940e7a48aa946061e9","generated-derivative","2","blog/ai-appointment-reminders-uk-2026.html | blog.html","","","","refactor","repository evidence",""
"asset:assets/images/blog/derived/blog_19-640.webp","asset","assets/images/blog/derived/blog_19-640.webp","image","webp","8036","b41e653f029512ae970e173c17471e7210f7eedede1b50c73fc4c8deb9a0fb75","generated-derivative","0","","","","","refactor","repository evidence",""
"asset:assets/images/blog/derived/blog_19-960.avif","asset","assets/images/blog/derived/blog_19-960.avif","image","avif","8528","a24c5958392607b0b55004549d45ba7a008e06b3cfdd7466d72c944ac4e47f41","generated-derivative","0","","","","","refactor","repository evidence",""
"asset:assets/images/blog/derived/blog_19-960.jpg","asset","assets/images/blog/derived/blog_19-960.jpg","image","jpg","28137","2a59674a9a3371627752b02fbccfc288b9d97b292161642e8870b314fb3ac651","generated-derivative","2","blog/ai-appointment-reminders-uk-2026.html | blog.html","","","","refactor","repository evidence",""
"asset:assets/images/blog/derived/blog_19-960.webp","asset","assets/images/blog/derived/blog_19-960.webp","image","webp","14636","e0c9bf1fbb58cb8e8bea7dcbcddca1698ba355a8a1f23c5459c0da3ccf96fb69","generated-derivative","0","","","","","refactor","repository evidence",""
"asset:assets/images/blog/derived/blog_2-1280.avif","asset","assets/images/blog/derived/blog_2-1280.avif","image","avif","24695","4a28ec23f7e6786e506245793700810eea31884e65e54f05ea8e40bb0fdd4af1","generated-derivative","0","","","","","refactor","repository evidence",""
"asset:assets/images/blog/derived/blog_2-1280.jpg","asset","assets/images/blog/derived/blog_2-1280.jpg","image","jpg","80107","7d1f561baaefe1cda2f61841a9fd5995acd6c0def45240d32a658e2ba4fba5b2","generated-derivative","1","blog/ai-document-automation-uk-smes-2026.html","","","","refactor","repository evidence",""
"asset:assets/images/blog/derived/blog_2-1280.webp","asset","assets/images/blog/derived/blog_2-1280.webp","image","webp","44998","18c0b64755653ebd5a9cf21493ef9c4f09f2944aee82d1f2ae7cd7086714409d","generated-derivative","0","","","","","refactor","repository evidence",""
"asset:assets/images/blog/derived/blog_2-320.avif","asset","assets/images/blog/derived/blog_2-320.avif","image","avif","4234","65bbb7fa44cdb61e582bfaf2b6960af40d6d257ded99df04bb0a666c9b22c953","generated-derivative","0","","","","","refactor","repository evidence",""
"asset:assets/images/blog/derived/blog_2-320.jpg","asset","assets/images/blog/derived/blog_2-320.jpg","image","jpg","8822","a73d3109352ecbbf2da8050eed5561ea96c30ae17c484473727ac36ec0e65289","generated-derivative","1","blog.html","","","","refactor","repository evidence",""
"asset:assets/images/blog/derived/blog_2-320.webp","asset","assets/images/blog/derived/blog_2-320.webp","image","webp","5854","c145f33b2e6cf4c02889a9fa9dfb14d6c8828cace94a731051909b81b2df4629","generated-derivative","0","","","","","refactor","repository evidence",""
"asset:assets/images/blog/derived/blog_2-640.avif","asset","assets/images/blog/derived/blog_2-640.avif","image","avif","10599","f8abc9a8d402b612fbcd9d13558c553719d6fd9581a9c0377abdbf9b5ea3cfbe","generated-derivative","0","","","","","refactor","repository evidence",""
"asset:assets/images/blog/derived/blog_2-640.jpg","asset","assets/images/blog/derived/blog_2-640.jpg","image","jpg","27330","e8f85a041e3c9b6e721b2362c170594d4b816d49524edabbfba0a12890c4ec71","generated-derivative","2","blog/ai-document-automation-uk-smes-2026.html | blog.html","","","","refactor","repository evidence",""
"asset:assets/images/blog/derived/blog_2-640.webp","asset","assets/images/blog/derived/blog_2-640.webp","image","webp","17138","2939290fd26ba452c749987c56ac49cbf5d626af0e64aca04e268994cb938cf6","generated-derivative","0","","","","","refactor","repository evidence",""
"asset:assets/images/blog/derived/blog_2-960.avif","asset","assets/images/blog/derived/blog_2-960.avif","image","avif","17966","d1aaf1a1c925123d2a2c32b5077ba18e6ae653e28ec73263c8b53289c0ae5944","generated-derivative","0","","","","","refactor","repository evidence",""
"asset:assets/images/blog/derived/blog_2-960.jpg","asset","assets/images/blog/derived/blog_2-960.jpg","image","jpg","50734","ce5ecd8641283776a58d4e384990dcca014ed7e758d22b503c6f4c2862667601","generated-derivative","2","blog/ai-document-automation-uk-smes-2026.html | blog.html","","","","refactor","repository evidence",""
"asset:assets/images/blog/derived/blog_2-960.webp","asset","assets/images/blog/derived/blog_2-960.webp","image","webp","30468","a975a0d90d6ed2a9d9ac68fd4738ddd292d25b482bc94527d4b6eaf263f66664","generated-derivative","0","","","","","refactor","repository evidence",""
"asset:assets/images/blog/derived/blog_20-1280.avif","asset","assets/images/blog/derived/blog_20-1280.avif","image","avif","14472","79b216ce9b45be34d3f961f1f29431028a3179118928fd7cb99051aa80a887fc","generated-derivative","0","","","","","refactor","repository evidence",""
"asset:assets/images/blog/derived/blog_20-1280.jpg","asset","assets/images/blog/derived/blog_20-1280.jpg","image","jpg","56504","ce216905ea84181b14f66c4036b0b9bfd849737e13c1cd4042f5ef307ef41051","generated-derivative","1","blog/dental-recall-automation-uk-2026.html","","","","refactor","repository evidence",""
"asset:assets/images/blog/derived/blog_20-1280.webp","asset","assets/images/blog/derived/blog_20-1280.webp","image","webp","27288","f3c63583036830d02bc81ef66a0ae8b3672682846891035197cd74f2c9483881","generated-derivative","0","","","","","refactor","repository evidence",""
"asset:assets/images/blog/derived/blog_20-320.avif","asset","assets/images/blog/derived/blog_20-320.avif","image","avif","2987","878d0dc48ca96d254a7f68fe42316f5b1528b79140fd0d32915e7897ea80e18a","generated-derivative","0","","","","","refactor","repository evidence",""
"asset:assets/images/blog/derived/blog_20-320.jpg","asset","assets/images/blog/derived/blog_20-320.jpg","image","jpg","7691","4d5b0c675bb65d167e675f1e4e47761717a405d6d46c2faa33a92a87c3faacf1","generated-derivative","1","blog.html","","","","refactor","repository evidence",""
"asset:assets/images/blog/derived/blog_20-320.webp","asset","assets/images/blog/derived/blog_20-320.webp","image","webp","4272","4bd8167858b5291ac22bae3720323697992ab7bdf65eff07f8d42f86e118eb4d","generated-derivative","0","","","","","refactor","repository evidence",""
"asset:assets/images/blog/derived/blog_20-640.avif","asset","assets/images/blog/derived/blog_20-640.avif","image","avif","6409","3a8649db4fe2d2e74c8e0d52a60a13b0d6ebfb0a7400274412447374d5697ca8","generated-derivative","0","","","","","refactor","repository evidence",""
"asset:assets/images/blog/derived/blog_20-640.jpg","asset","assets/images/blog/derived/blog_20-640.jpg","image","jpg","20498","968cc978e48b726f49129bdd87eba8482fa1ccb9b7a9fc3d924e5021e4b6647d","generated-derivative","2","blog/dental-recall-automation-uk-2026.html | blog.html","","","","refactor","repository evidence",""
"asset:assets/images/blog/derived/blog_20-640.webp","asset","assets/images/blog/derived/blog_20-640.webp","image","webp","10510","378cacb095fe9312138949603777ae7a18ebe61c8396ada94e7734e6823e09c7","generated-derivative","0","","","","","refactor","repository evidence",""
"asset:assets/images/blog/derived/blog_20-960.avif","asset","assets/images/blog/derived/blog_20-960.avif","image","avif","10239","7fa3ed56ce99331288f00825b0881b5d44d1f05cb18093ca0dac21dc7a7e3b8b","generated-derivative","0","","","","","refactor","repository evidence",""
"asset:assets/images/blog/derived/blog_20-960.jpg","asset","assets/images/blog/derived/blog_20-960.jpg","image","jpg","36520","cd9cb5d10f20d9001ba932b14bca89202cd7251a7ac491ddbe86708842c9301c","generated-derivative","2","blog/dental-recall-automation-uk-2026.html | blog.html","","","","refactor","repository evidence",""
"asset:assets/images/blog/derived/blog_20-960.webp","asset","assets/images/blog/derived/blog_20-960.webp","image","webp","18476","a2e92eb10d721be5422017ff3c50d9f4b89f8db0a7fe301285e184e7492f7cbd","generated-derivative","0","","","","","refactor","repository evidence",""
"asset:assets/images/blog/derived/blog_21-1280.avif","asset","assets/images/blog/derived/blog_21-1280.avif","image","avif","18113","364e6fe0f7309c571b945365783bc262ff3116ba51d81b423c7f08fcc6c27598","generated-derivative","0","","","","","refactor","repository evidence",""
"asset:assets/images/blog/derived/blog_21-1280.jpg","asset","assets/images/blog/derived/blog_21-1280.jpg","image","jpg","68730","7e8029e8830bbe612438a080074453edf36a6ea86b60b701a712c43bc3ad486f","generated-derivative","1","blog/quote-chase-automation-uk-trades-accepted-jobs-2026.html","","","","refactor","repository evidence",""
"asset:assets/images/blog/derived/blog_21-1280.webp","asset","assets/images/blog/derived/blog_21-1280.webp","image","webp","36584","befab93da493c33921fc0feb6d7aaaad4b9cc4e76f93720007f72dbfeb9f6aea","generated-derivative","0","","","","","refactor","repository evidence",""
"asset:assets/images/blog/derived/blog_21-320.avif","asset","assets/images/blog/derived/blog_21-320.avif","image","avif","3568","b58379ac07c65a966a535b663748ac4e6ca7d881c67166ce368ebf82756d22ec","generated-derivative","0","","","","","refactor","repository evidence",""
"asset:assets/images/blog/derived/blog_21-320.jpg","asset","assets/images/blog/derived/blog_21-320.jpg","image","jpg","8825","1c7858fe6ec78398e2b7496ea5ae10230df6282409890e9189f10982aa389541","generated-derivative","1","blog.html","","","","refactor","repository evidence",""
"asset:assets/images/blog/derived/blog_21-320.webp","asset","assets/images/blog/derived/blog_21-320.webp","image","webp","5382","60548f0240e55978080b41c8c65160faf6a3368434e8eee070b7bf04676be8d1","generated-derivative","0","","","","","refactor","repository evidence",""
"asset:assets/images/blog/derived/blog_21-640.avif","asset","assets/images/blog/derived/blog_21-640.avif","image","avif","8060","b4192c88fc65dd3ce4447fde76df81c8f281c0be51bbf3367daafaf89418d7b7","generated-derivative","0","","","","","refactor","repository evidence",""
"asset:assets/images/blog/derived/blog_21-640.jpg","asset","assets/images/blog/derived/blog_21-640.jpg","image","jpg","24747","65021f2f07cc2c099355db725cae4bf21208ef297e1a8e13f92c57ce1263a82d","generated-derivative","2","blog/quote-chase-automation-uk-trades-accepted-jobs-2026.html | blog.html","","","","refactor","repository evidence",""
"asset:assets/images/blog/derived/blog_21-640.webp","asset","assets/images/blog/derived/blog_21-640.webp","image","webp","13854","c3b8bae81f709a9150217d83d86123d56bb93d24503e5c6243c3f3b09c5ac419","generated-derivative","0","","","","","refactor","repository evidence",""
"asset:assets/images/blog/derived/blog_21-960.avif","asset","assets/images/blog/derived/blog_21-960.avif","image","avif","13002","2d9d92971e4677ae6f506d610915419f93cfc5456c83de15bbc29bb20aeed651","generated-derivative","0","","","","","refactor","repository evidence",""
"asset:assets/images/blog/derived/blog_21-960.jpg","asset","assets/images/blog/derived/blog_21-960.jpg","image","jpg","44253","a8b1e72a68c359206200b41e63569b9c86009089f6ed443e9a60f99a3b69019a","generated-derivative","2","blog/quote-chase-automation-uk-trades-accepted-jobs-2026.html | blog.html","","","","refactor","repository evidence",""
"asset:assets/images/blog/derived/blog_21-960.webp","asset","assets/images/blog/derived/blog_21-960.webp","image","webp","24582","b512ef1c7bdb3492c5db989cdd5477ab63c3f61089b452b051c7fd616ee8f75c","generated-derivative","0","","","","","refactor","repository evidence",""
"asset:assets/images/blog/derived/blog_22-1280.avif","asset","assets/images/blog/derived/blog_22-1280.avif","image","avif","11177","fd4a309b7a6660ed8309cde44aacbd62437242fd41513d43669ba4cdbdce6e56","generated-derivative","0","","","","","refactor","repository evidence",""
"asset:assets/images/blog/derived/blog_22-1280.jpg","asset","assets/images/blog/derived/blog_22-1280.jpg","image","jpg","49401","4c8948e6fd46fb2ae497b0431cf6343a4500a4da5f4c898a4bb2c90996c9012c","generated-derivative","0","","","","","refactor","repository evidence",""
"asset:assets/images/blog/derived/blog_22-1280.webp","asset","assets/images/blog/derived/blog_22-1280.webp","image","webp","22196","defb5306401a8d4ec363b372d6877e96367b3531c8afc178151463557ca8c0f7","generated-derivative","0","","","","","refactor","repository evidence",""
"asset:assets/images/blog/derived/blog_22-320.avif","asset","assets/images/blog/derived/blog_22-320.avif","image","avif","2435","b6d24e2f06b39eae578f300bfd711edfb8b7f8dede909eab3f247ecc01ba2a11","generated-derivative","0","","","","","refactor","repository evidence",""
"asset:assets/images/blog/derived/blog_22-320.jpg","asset","assets/images/blog/derived/blog_22-320.jpg","image","jpg","6881","b6c15dd5bfab2bc9cc3da52814fbd6f602134ae44f69f1a326f316f14d487794","generated-derivative","0","","","","","refactor","repository evidence",""
"asset:assets/images/blog/derived/blog_22-320.webp","asset","assets/images/blog/derived/blog_22-320.webp","image","webp","3494","30eb58eaea3f62d20ad3edec7d5a32ff305591e2026194c5e8707dbcff9b6c52","generated-derivative","0","","","","","refactor","repository evidence",""
"asset:assets/images/blog/derived/blog_22-640.avif","asset","assets/images/blog/derived/blog_22-640.avif","image","avif","5051","8a624d6612086fed68c5160204867f41099db66113e3ff8a85e1c3eec60e5a3c","generated-derivative","0","","","","","refactor","repository evidence",""
"asset:assets/images/blog/derived/blog_22-640.jpg","asset","assets/images/blog/derived/blog_22-640.jpg","image","jpg","18184","7e3fe62306dea3a97cd8e30e0a07a34e68e92ae000fd22b6bf6a00aba3de33fa","generated-derivative","0","","","","","refactor","repository evidence",""
"asset:assets/images/blog/derived/blog_22-640.webp","asset","assets/images/blog/derived/blog_22-640.webp","image","webp","8588","b9fc75ba81c09cb9ce91dc7a9c098aeaad00c29300a4d53b21a8111d27c74430","generated-derivative","0","","","","","refactor","repository evidence",""
"asset:assets/images/blog/derived/blog_22-960.avif","asset","assets/images/blog/derived/blog_22-960.avif","image","avif","8054","399045725cdcdda75b273f56314b279e76bd1c2594133ad9a784662bd90d52d3","generated-derivative","0","","","","","refactor","repository evidence",""
"asset:assets/images/blog/derived/blog_22-960.jpg","asset","assets/images/blog/derived/blog_22-960.jpg","image","jpg","32329","d7c5ac295061014b73a2995e34bd3a7ffda6047c4da55620f7e43084975821f0","generated-derivative","0","","","","","refactor","repository evidence",""
"asset:assets/images/blog/derived/blog_22-960.webp","asset","assets/images/blog/derived/blog_22-960.webp","image","webp","14844","3effe4546d8ff101117caca432c5bcc4c1265779733ab44d44440e95a907561c","generated-derivative","0","","","","","refactor","repository evidence",""
"asset:assets/images/blog/derived/blog_23-1280.avif","asset","assets/images/blog/derived/blog_23-1280.avif","image","avif","28873","34693add7d54d6ec9260bb6491bbb561315d37bb67e9bd2d4234f1ab18b10e3f","generated-derivative","0","","","","","refactor","repository evidence",""
"asset:assets/images/blog/derived/blog_23-1280.jpg","asset","assets/images/blog/derived/blog_23-1280.jpg","image","jpg","83002","c74a18c64e3c579a6adc371440f4a72b0205f9dab302859670c000f9e713bc5a","generated-derivative","1","blog/quote-follow-up-automation-uk-trades-2026.html","","","","refactor","repository evidence",""
"asset:assets/images/blog/derived/blog_23-1280.webp","asset","assets/images/blog/derived/blog_23-1280.webp","image","webp","49794","ef2067c75d76852f240cb5f441bf8cc72ac558afcd8898e861bc803c635794bf","generated-derivative","0","","","","","refactor","repository evidence",""
"asset:assets/images/blog/derived/blog_23-320.avif","asset","assets/images/blog/derived/blog_23-320.avif","image","avif","4309","e5dfed0ab91c028eb15b88fd15f810ce29389402ead422220b488b84ae608223","generated-derivative","0","","","","","refactor","repository evidence",""
"asset:assets/images/blog/derived/blog_23-320.jpg","asset","assets/images/blog/derived/blog_23-320.jpg","image","jpg","9122","f521a42cb49056589b67c77d77c879266744eb451fe41f628b9a08183d12423b","generated-derivative","1","blog.html","","","","refactor","repository evidence",""
"asset:assets/images/blog/derived/blog_23-320.webp","asset","assets/images/blog/derived/blog_23-320.webp","image","webp","5956","5a62d2b4f95999f9f64d68e8b9fe57545c9e55fb2c93e04054491728cbe17e6c","generated-derivative","0","","","","","refactor","repository evidence",""
"asset:assets/images/blog/derived/blog_23-640.avif","asset","assets/images/blog/derived/blog_23-640.avif","image","avif","11808","8be3747d12a1c08c88b50970d6047aa9627352da5320280c7d6b50f6453b9ade","generated-derivative","0","","","","","refactor","repository evidence",""
"asset:assets/images/blog/derived/blog_23-640.jpg","asset","assets/images/blog/derived/blog_23-640.jpg","image","jpg","27844","797b7c809d90fd5a684b6db4cfb19dde27c1df34f2fbc0014bc606b3aa962357","generated-derivative","2","blog/quote-follow-up-automation-uk-trades-2026.html | blog.html","","","","refactor","repository evidence",""
"asset:assets/images/blog/derived/blog_23-640.webp","asset","assets/images/blog/derived/blog_23-640.webp","image","webp","17740","d8ddf7260041a76797c5aae10c70884ca1fa0119703c0663294233d7023f7a67","generated-derivative","0","","","","","refactor","repository evidence",""
"asset:assets/images/blog/derived/blog_23-960.avif","asset","assets/images/blog/derived/blog_23-960.avif","image","avif","20410","145b2988abfeb3a90c7876c5f76b38ee648867939b079fb73e9a9f98152d4216","generated-derivative","0","","","","","refactor","repository evidence",""
"asset:assets/images/blog/derived/blog_23-960.jpg","asset","assets/images/blog/derived/blog_23-960.jpg","image","jpg","53373","117b279a4636b2106e4b4e560de4eb135c9e8f024649abcf64ec19ead2605330","generated-derivative","2","blog/quote-follow-up-automation-uk-trades-2026.html | blog.html","","","","refactor","repository evidence",""
"asset:assets/images/blog/derived/blog_23-960.webp","asset","assets/images/blog/derived/blog_23-960.webp","image","webp","32680","372c1d7c6e6ac442bf780a73c680a8e9cc63766ccdd848f55fa25b4c934fca5f","generated-derivative","0","","","","","refactor","repository evidence",""
"asset:assets/images/blog/derived/blog_24-1280.avif","asset","assets/images/blog/derived/blog_24-1280.avif","image","avif","80348","7d5eac641a807a0912eae2c8fecb599231e2a14d4df391a0494bd49bd2fbc17d","generated-derivative","0","","","","","refactor","repository evidence",""
"asset:assets/images/blog/derived/blog_24-1280.jpg","asset","assets/images/blog/derived/blog_24-1280.jpg","image","jpg","161566","c6116b6901c68a05b9727239ef4bfe0467351ccb9b655c7520fdca39e2017109","generated-derivative","1","blog/ai-etas-smart-scheduling-uk-trades-2026.html","","","","refactor","repository evidence",""
"asset:assets/images/blog/derived/blog_24-1280.webp","asset","assets/images/blog/derived/blog_24-1280.webp","image","webp","116878","0faab4ece924be77222519c3dda77634f50c9eb7a5d7e0e2b9a41217cd9a1021","generated-derivative","0","","","","","refactor","repository evidence",""
"asset:assets/images/blog/derived/blog_24-320.avif","asset","assets/images/blog/derived/blog_24-320.avif","image","avif","8207","da4da5c7855af4ac09714c83809c9f553eb5c171b0937ebcd198609c03849361","generated-derivative","0","","","","","refactor","repository evidence",""
"asset:assets/images/blog/derived/blog_24-320.jpg","asset","assets/images/blog/derived/blog_24-320.jpg","image","jpg","13007","3c012f06843e73bbadfb588df58287956acf9c59ea2793f188824f6df17e4013","generated-derivative","1","blog.html","","","","refactor","repository evidence",""
"asset:assets/images/blog/derived/blog_24-320.webp","asset","assets/images/blog/derived/blog_24-320.webp","image","webp","10574","cfcb6dcd6c6174ab93fb81e92ac5474e5b9d704fa04eb26c22d9319c3c178413","generated-derivative","0","","","","","refactor","repository evidence",""
"asset:assets/images/blog/derived/blog_24-640.avif","asset","assets/images/blog/derived/blog_24-640.avif","image","avif","26876","0e84eee81f3fa39ba47a810d8378592e700d80e62248f3556e706a9f8294247f","generated-derivative","0","","","","","refactor","repository evidence",""
"asset:assets/images/blog/derived/blog_24-640.jpg","asset","assets/images/blog/derived/blog_24-640.jpg","image","jpg","46264","06f4781b1262586db77c067d465d9eca100353c2bd50ce6088fb515f40297eb2","generated-derivative","2","blog/ai-etas-smart-scheduling-uk-trades-2026.html | blog.html","","","","refactor","repository evidence",""
"asset:assets/images/blog/derived/blog_24-640.webp","asset","assets/images/blog/derived/blog_24-640.webp","image","webp","37330","5249bc1486daa19cd7b0e4f04f8cf9957993647fa51f428e23d45653f9c3e85b","generated-derivative","0","","","","","refactor","repository evidence",""
"asset:assets/images/blog/derived/blog_24-960.avif","asset","assets/images/blog/derived/blog_24-960.avif","image","avif","54131","fe7edd2075190f9ebf5206cb2fcd482942369c1c5f3e89c5650cf7c1bb7338bc","generated-derivative","0","","","","","refactor","repository evidence",""
"asset:assets/images/blog/derived/blog_24-960.jpg","asset","assets/images/blog/derived/blog_24-960.jpg","image","jpg","96826","64ffd86ceec33796c6659585f1c2a09ce05d363d3ea404d7d038f6372613c376","generated-derivative","2","blog/ai-etas-smart-scheduling-uk-trades-2026.html | blog.html","","","","refactor","repository evidence",""
"asset:assets/images/blog/derived/blog_24-960.webp","asset","assets/images/blog/derived/blog_24-960.webp","image","webp","75394","2d2722d6954629f86f7f0909f309853cb390ddee9801c1a5dbc0c7bb31a8403c","generated-derivative","0","","","","","refactor","repository evidence",""
"asset:assets/images/blog/derived/blog_25-1280.avif","asset","assets/images/blog/derived/blog_25-1280.avif","image","avif","28331","44f8be109013117ebdba953043e441bff6bc49648a09b47f82819be287b7be1e","generated-derivative","0","","","","","refactor","repository evidence",""
"asset:assets/images/blog/derived/blog_25-1280.jpg","asset","assets/images/blog/derived/blog_25-1280.jpg","image","jpg","88717","c369f8022681d60bb18843f9b26d4f8ad8b21969f8a35961b3fd6346126e8196","generated-derivative","1","blog/post-purchase-automation-uk-ecommerce-repeat-customers.html","","","","refactor","repository evidence",""
"asset:assets/images/blog/derived/blog_25-1280.webp","asset","assets/images/blog/derived/blog_25-1280.webp","image","webp","50380","5226128fd08b272ee9273a56fcbd8b85422eca189b20946bb3888be7ec27d6bb","generated-derivative","0","","","","","refactor","repository evidence",""
"asset:assets/images/blog/derived/blog_25-320.avif","asset","assets/images/blog/derived/blog_25-320.avif","image","avif","3958","e4ecc9f14775f695c284bc9e7fb3c42677a78e82d82ca00be5ac46d7d3c4de03","generated-derivative","1","blog.html","","","","refactor","repository evidence",""
"asset:assets/images/blog/derived/blog_25-320.jpg","asset","assets/images/blog/derived/blog_25-320.jpg","image","jpg","8111","ed976dd9254b0e2183aa9c5905052fffa65ad16fd4ff6cab300e2229df0c3b2a","generated-derivative","1","blog.html","","","","refactor","repository evidence",""
"asset:assets/images/blog/derived/blog_25-320.webp","asset","assets/images/blog/derived/blog_25-320.webp","image","webp","4964","b86fc4adcedf19548d59cfe7b53704fed60676d950fb8fa70fc6122100d4c06d","generated-derivative","1","blog.html","","","","refactor","repository evidence",""
"asset:assets/images/blog/derived/blog_25-640.avif","asset","assets/images/blog/derived/blog_25-640.avif","image","avif","10197","46b60c78be5a953dfdece2c7287e4c7e90f98306106ad89ce489a52572700010","generated-derivative","1","blog.html","","","","refactor","repository evidence",""
"asset:assets/images/blog/derived/blog_25-640.jpg","asset","assets/images/blog/derived/blog_25-640.jpg","image","jpg","25053","f014eeff9a9538786f4f9944028ca2119fe6a327d04b4764e18e5f7572efd4e9","generated-derivative","2","blog/post-purchase-automation-uk-ecommerce-repeat-customers.html | blog.html","","","","refactor","repository evidence",""
"asset:assets/images/blog/derived/blog_25-640.webp","asset","assets/images/blog/derived/blog_25-640.webp","image","webp","15350","584b4add68e75fc786950b063d4061bf7cb4cbcbf4e58c8ec90c1f0f1571cf79","generated-derivative","1","blog.html","","","","refactor","repository evidence",""
"asset:assets/images/blog/derived/blog_25-960.avif","asset","assets/images/blog/derived/blog_25-960.avif","image","avif","18464","0dabb6b345dff35c76e0d287680d8a0e8df8c13ffb682334026a48dd06eddcf6","generated-derivative","1","blog.html","","","","refactor","repository evidence",""
"asset:assets/images/blog/derived/blog_25-960.jpg","asset","assets/images/blog/derived/blog_25-960.jpg","image","jpg","51833","7d89245316be44d91bdefba4fc1851584a27f2b0743291afb571af353e46980a","generated-derivative","2","blog/post-purchase-automation-uk-ecommerce-repeat-customers.html | blog.html","","","","refactor","repository evidence",""
"asset:assets/images/blog/derived/blog_25-960.webp","asset","assets/images/blog/derived/blog_25-960.webp","image","webp","31728","e7753967cf4c89b4f3d5b2600d1bdc51c510793edbaafe6b559c21826d42ba07","generated-derivative","1","blog.html","","","","refactor","repository evidence",""
"asset:assets/images/blog/derived/blog_26-1280.avif","asset","assets/images/blog/derived/blog_26-1280.avif","image","avif","76974","376150eff5166ed89d847979bc7b6518cecf3d260b5bc40d4330ded70c28451c","generated-derivative","0","","","","","refactor","repository evidence",""
"asset:assets/images/blog/derived/blog_26-1280.jpg","asset","assets/images/blog/derived/blog_26-1280.jpg","image","jpg","157643","f24bd0bd1664019b5130cdd5c2d1bfc8ac4f3d3c7e1bafb026acf84d73b9a492","generated-derivative","1","blog/dm-to-client-automation-uk-fitness-coaches-2026.html","","","","refactor","repository evidence",""
"asset:assets/images/blog/derived/blog_26-1280.webp","asset","assets/images/blog/derived/blog_26-1280.webp","image","webp","120574","ce86015f2225011e0b515e7833bad384f486c4016c47c496f5674fb8447f56a6","generated-derivative","0","","","","","refactor","repository evidence",""
"asset:assets/images/blog/derived/blog_26-320.avif","asset","assets/images/blog/derived/blog_26-320.avif","image","avif","7695","8f0f47c381f61fd88d320dbe3f6e2df3ba4a189aa8bcf123c8ca4f293a3300cc","generated-derivative","1","blog.html","","","","refactor","repository evidence",""
"asset:assets/images/blog/derived/blog_26-320.jpg","asset","assets/images/blog/derived/blog_26-320.jpg","image","jpg","13178","c013be37c8c792b164290942928c931372774658a951a61f34534b7f485bbbb5","generated-derivative","1","blog.html","","","","refactor","repository evidence",""
"asset:assets/images/blog/derived/blog_26-320.webp","asset","assets/images/blog/derived/blog_26-320.webp","image","webp","10620","0852f769cba4e1738e5c2abdcd3383869335cad9667979184f107fe0f31f8147","generated-derivative","1","blog.html","","","","refactor","repository evidence",""
"asset:assets/images/blog/derived/blog_26-640.avif","asset","assets/images/blog/derived/blog_26-640.avif","image","avif","27936","9fe90f04370509a8b39e94575e55491e97794d51ee0190ba15a2b1bb28141fef","generated-derivative","1","blog.html","","","","refactor","repository evidence",""
"asset:assets/images/blog/derived/blog_26-640.jpg","asset","assets/images/blog/derived/blog_26-640.jpg","image","jpg","46906","be28b7ac517c43919e4d8cda523a40b18810a353a69c8e47db6baa5d3a221349","generated-derivative","2","blog/dm-to-client-automation-uk-fitness-coaches-2026.html | blog.html","","","","refactor","repository evidence",""
"asset:assets/images/blog/derived/blog_26-640.webp","asset","assets/images/blog/derived/blog_26-640.webp","image","webp","38682","9c4fd71b09bf045bf79f239dee1cc16f2b743e563368a6de5c0509ca8e020e9a","generated-derivative","1","blog.html","","","","refactor","repository evidence",""
"asset:assets/images/blog/derived/blog_26-960.avif","asset","assets/images/blog/derived/blog_26-960.avif","image","avif","54015","fbb5dfcde42b64d862166e3c346fd86d1aa33fcaea2157fcd7a20dd14ec0b526","generated-derivative","1","blog.html","","","","refactor","repository evidence",""
"asset:assets/images/blog/derived/blog_26-960.jpg","asset","assets/images/blog/derived/blog_26-960.jpg","image","jpg","96945","ba06d4e289ccab4355ff9627e07a747d2e231681fee1f4969a610905f5873e99","generated-derivative","2","blog/dm-to-client-automation-uk-fitness-coaches-2026.html | blog.html","","","","refactor","repository evidence",""
"asset:assets/images/blog/derived/blog_26-960.webp","asset","assets/images/blog/derived/blog_26-960.webp","image","webp","77584","859596caf245de6f5d8db312570cdeedfa63de7c840abbea9967410df31b7ec8","generated-derivative","1","blog.html","","","","refactor","repository evidence",""
"asset:assets/images/blog/derived/blog_27-1280.avif","asset","assets/images/blog/derived/blog_27-1280.avif","image","avif","19115","3af2bb2b957e76459647896fe2fc233c729c7bc0eab5ba37a8b299164953ec36","generated-derivative","0","","","","","refactor","repository evidence",""
"asset:assets/images/blog/derived/blog_27-1280.jpg","asset","assets/images/blog/derived/blog_27-1280.jpg","image","jpg","74562","51cbdd3e9b647a24c2801c37a0fdb65ea50ca69f3dae683a4c7945e55499bdd4","generated-derivative","1","blog/gym-booking-automation-uk-gyms-studios-2026.html","","","","refactor","repository evidence",""
"asset:assets/images/blog/derived/blog_27-1280.webp","asset","assets/images/blog/derived/blog_27-1280.webp","image","webp","36896","1f5cece5cb2bb06d6bf04fa0af1a782251f10976243ef093b044e4cba8f34950","generated-derivative","0","","","","","refactor","repository evidence",""
"asset:assets/images/blog/derived/blog_27-320.avif","asset","assets/images/blog/derived/blog_27-320.avif","image","avif","4707","bd981466bc4f6b2c62b8bfbfadae0d51947bb0641decff2e5745b8bdc707e360","generated-derivative","1","blog.html","","","","refactor","repository evidence",""
"asset:assets/images/blog/derived/blog_27-320.jpg","asset","assets/images/blog/derived/blog_27-320.jpg","image","jpg","10486","dc078f87366fae9a97e8ec2c000587ff052bc7ae8f72e889f450e6ff3204cf49","generated-derivative","1","blog.html","","","","refactor","repository evidence",""
"asset:assets/images/blog/derived/blog_27-320.webp","asset","assets/images/blog/derived/blog_27-320.webp","image","webp","6608","343714c1549777c95b874d2b09f77bd51f5f3fd07ea8f8750ec86c0c2bfae9ef","generated-derivative","1","blog.html","","","","refactor","repository evidence",""
"asset:assets/images/blog/derived/blog_27-640.avif","asset","assets/images/blog/derived/blog_27-640.avif","image","avif","9186","0471faca9bc46b541eead0df53bd1b4d3d4657523d55ccd1825ff58a43bfa285","generated-derivative","1","blog.html","","","","refactor","repository evidence",""
"asset:assets/images/blog/derived/blog_27-640.jpg","asset","assets/images/blog/derived/blog_27-640.jpg","image","jpg","27385","3a34cab2689df70c379bfc299ceae928020015d1361f7c6776ed209ead0c7a1c","generated-derivative","2","blog/gym-booking-automation-uk-gyms-studios-2026.html | blog.html","","","","refactor","repository evidence",""
"asset:assets/images/blog/derived/blog_27-640.webp","asset","assets/images/blog/derived/blog_27-640.webp","image","webp","15342","38ef071ddbee9d6a4028f053f0844900ddf75fad8c576861710b4aa4c36bcaaa","generated-derivative","1","blog.html","","","","refactor","repository evidence",""
"asset:assets/images/blog/derived/blog_27-960.avif","asset","assets/images/blog/derived/blog_27-960.avif","image","avif","14068","60f38c06d65e1245be7b3c5299061f989673537a8afb3bf6795c560d97b3337e","generated-derivative","1","blog.html","","","","refactor","repository evidence",""
"asset:assets/images/blog/derived/blog_27-960.jpg","asset","assets/images/blog/derived/blog_27-960.jpg","image","jpg","48673","bd9810b64ad7c2a6039d7c79e28826eabd98d32eda0132497eaa561205665ace","generated-derivative","2","blog/gym-booking-automation-uk-gyms-studios-2026.html | blog.html","","","","refactor","repository evidence",""
"asset:assets/images/blog/derived/blog_27-960.webp","asset","assets/images/blog/derived/blog_27-960.webp","image","webp","25526","b1ee6fe9bf90fc365d6fca9b01770b0348c8be389d76c58aa2c2c8298da5e033","generated-derivative","1","blog.html","","","","refactor","repository evidence",""
"asset:assets/images/blog/derived/blog_28-1280.avif","asset","assets/images/blog/derived/blog_28-1280.avif","image","avif","31857","f5dd016ce8a8cda7757c5c9626567251b03413e3004bd01ede5f2953d3f3d480","generated-derivative","0","","","","","refactor","repository evidence",""
"asset:assets/images/blog/derived/blog_28-1280.jpg","asset","assets/images/blog/derived/blog_28-1280.jpg","image","jpg","105003","dabe6b388c67f66cbc82f41bd73d1e9cd7beebfee815a59c27cec5cd3ce214fb","generated-derivative","1","blog/ai-automations-physio-chiro-clinics-uk.html","","","","refactor","repository evidence",""
"asset:assets/images/blog/derived/blog_28-1280.webp","asset","assets/images/blog/derived/blog_28-1280.webp","image","webp","56464","3a4505b81e9c22760d50f6e9cb46fc1be19a3fe1f2fec9f0a30e657e7a4d437b","generated-derivative","0","","","","","refactor","repository evidence",""
"asset:assets/images/blog/derived/blog_28-320.avif","asset","assets/images/blog/derived/blog_28-320.avif","image","avif","7081","73e0b2c57bf462af656d9d332f519d0a0b57dd734107609bd7d95aaeee55313d","generated-derivative","1","blog.html","","","","refactor","repository evidence",""
"asset:assets/images/blog/derived/blog_28-320.jpg","asset","assets/images/blog/derived/blog_28-320.jpg","image","jpg","13296","07b88e3732a1da690677a405c4dd0ae4735d5be1a95b2c4fb1386378fbaa5fcc","generated-derivative","1","blog.html","","","","refactor","repository evidence",""
"asset:assets/images/blog/derived/blog_28-320.webp","asset","assets/images/blog/derived/blog_28-320.webp","image","webp","9306","e29d6dd7fc89577df95c1a7c1da5e1f619e4fe8ee423b3de1ab3573cc5560c39","generated-derivative","1","blog.html","","","","refactor","repository evidence",""
"asset:assets/images/blog/derived/blog_28-640.avif","asset","assets/images/blog/derived/blog_28-640.avif","image","avif","15477","ede4e83978cdd4b67690a85ac2177e4352b9ec0c71735318182a4d57454550c0","generated-derivative","1","blog.html","","","","refactor","repository evidence",""
"asset:assets/images/blog/derived/blog_28-640.jpg","asset","assets/images/blog/derived/blog_28-640.jpg","image","jpg","38058","1bc8a225b3006730c6b44d230184090d485d300038c1b02ab34e914f294a2719","generated-derivative","2","blog/ai-automations-physio-chiro-clinics-uk.html | blog.html","","","","refactor","repository evidence",""
"asset:assets/images/blog/derived/blog_28-640.webp","asset","assets/images/blog/derived/blog_28-640.webp","image","webp","23516","4d36f06c1eabebc5db92214199b1420af1a94e0002e51949368ec06512141d1a","generated-derivative","1","blog.html","","","","refactor","repository evidence",""
"asset:assets/images/blog/derived/blog_28-960.avif","asset","assets/images/blog/derived/blog_28-960.avif","image","avif","23980","1df64991914d1b085f72c0567beb8e278c200485d35c6cc632bcc1f15f767db9","generated-derivative","1","blog.html","","","","refactor","repository evidence",""
"asset:assets/images/blog/derived/blog_28-960.jpg","asset","assets/images/blog/derived/blog_28-960.jpg","image","jpg","68679","b5e9c6cb754277022b5874527aa201af14155fde3f83f72759372f909c1436b1","generated-derivative","2","blog/ai-automations-physio-chiro-clinics-uk.html | blog.html","","","","refactor","repository evidence",""
"asset:assets/images/blog/derived/blog_28-960.webp","asset","assets/images/blog/derived/blog_28-960.webp","image","webp","39800","419e0ef62b39b2f1f6f0541d0ff13a17e579c6f9d3d8c6f5e1b40119035a4ed8","generated-derivative","1","blog.html","","","","refactor","repository evidence",""
"asset:assets/images/blog/derived/blog_29-1280.avif","asset","assets/images/blog/derived/blog_29-1280.avif","image","avif","23868","6b1c65d26d3ea463c0b46f25c2bb432944d0c84dd75c8727d41fb65db773a56d","generated-derivative","0","","","","","refactor","repository evidence",""
"asset:assets/images/blog/derived/blog_29-1280.jpg","asset","assets/images/blog/derived/blog_29-1280.jpg","image","jpg","71986","dd86b929914e3e4f936cf0801140130a2ff9d9df16f1898bcfdd1add1b0a6335","generated-derivative","1","blog/estate-agent-viewing-confirmations-uk.html","","","","refactor","repository evidence",""
"asset:assets/images/blog/derived/blog_29-1280.webp","asset","assets/images/blog/derived/blog_29-1280.webp","image","webp","39578","027d61d09ba68b6cbdf4c2b5676822c91e3a3aec5a1af929cecdd55bd8cd7cd6","generated-derivative","0","","","","","refactor","repository evidence",""
"asset:assets/images/blog/derived/blog_29-320.avif","asset","assets/images/blog/derived/blog_29-320.avif","image","avif","4750","2d5a69d38e9b7a51833fc414e1867e817ecbca4e39d0cc99255441ae23c66b13","generated-derivative","1","blog.html","","","","refactor","repository evidence",""
"asset:assets/images/blog/derived/blog_29-320.jpg","asset","assets/images/blog/derived/blog_29-320.jpg","image","jpg","8750","95209bdc7db3b0467244304fac55a1c0a81a8bf0fd6e6c6eb34b30b59a5bf2a5","generated-derivative","1","blog.html","","","","refactor","repository evidence",""
"asset:assets/images/blog/derived/blog_29-320.webp","asset","assets/images/blog/derived/blog_29-320.webp","image","webp","5874","0ace0f83e74e77c5c2f02900f028b381e0b24ede669ae1db6382a662b106769d","generated-derivative","1","blog.html","","","","refactor","repository evidence",""
"asset:assets/images/blog/derived/blog_29-640.avif","asset","assets/images/blog/derived/blog_29-640.avif","image","avif","10857","a651a1f27ff19cf2c502ea774007167273db1ab8701238baa7f80e06b81c0a57","generated-derivative","1","blog.html","","","","refactor","repository evidence",""
"asset:assets/images/blog/derived/blog_29-640.jpg","asset","assets/images/blog/derived/blog_29-640.jpg","image","jpg","25356","5df460f2dd1d88c0b382fa567f348c785f42ebed1734821488e4e40bb4498d3b","generated-derivative","2","blog/estate-agent-viewing-confirmations-uk.html | blog.html","","","","refactor","repository evidence",""
"asset:assets/images/blog/derived/blog_29-640.webp","asset","assets/images/blog/derived/blog_29-640.webp","image","webp","15846","52e1d98452d10a4c84f9243ff153f57bf43d5dd0deab5afdb03c4618d31b1bd5","generated-derivative","1","blog.html","","","","refactor","repository evidence",""
"asset:assets/images/blog/derived/blog_29-960.avif","asset","assets/images/blog/derived/blog_29-960.avif","image","avif","17430","33a1a58f53e962f8f901abd03f9d5c91f41228ec102f84423708bf247dd2f8a1","generated-derivative","1","blog.html","","","","refactor","repository evidence",""
"asset:assets/images/blog/derived/blog_29-960.jpg","asset","assets/images/blog/derived/blog_29-960.jpg","image","jpg","46593","9aee873101dee2c2057ae6322ee2b4781d10133e335f56a7bc62884295712af0","generated-derivative","2","blog/estate-agent-viewing-confirmations-uk.html | blog.html","","","","refactor","repository evidence",""
"asset:assets/images/blog/derived/blog_29-960.webp","asset","assets/images/blog/derived/blog_29-960.webp","image","webp","26814","af7ceb4cfc27e8e72809e168bb82e3ed94aaca9445a0f8fec8bd49048730efff","generated-derivative","1","blog.html","","","","refactor","repository evidence",""
"asset:assets/images/blog/derived/blog_3-1280.avif","asset","assets/images/blog/derived/blog_3-1280.avif","image","avif","22139","6e794bc63de7fec5ca5cf5a19912d8199ec45e1eb1d226de99468fd48fe73cb6","generated-derivative","0","","","","","refactor","repository evidence",""
"asset:assets/images/blog/derived/blog_3-1280.jpg","asset","assets/images/blog/derived/blog_3-1280.jpg","image","jpg","69810","80e575d5dc9491b243a53c9630b7a5aeabbcae6617604de394c01722152c708f","generated-derivative","1","blog/ai-automation-uk-gdpr-2026-sme-guide.html","","","","refactor","repository evidence",""
"asset:assets/images/blog/derived/blog_3-1280.webp","asset","assets/images/blog/derived/blog_3-1280.webp","image","webp","39808","647bb857747160d8c10071667751802113d3cf71a9474e1e87fe02f18e4a2f00","generated-derivative","0","","","","","refactor","repository evidence",""
"asset:assets/images/blog/derived/blog_3-320.avif","asset","assets/images/blog/derived/blog_3-320.avif","image","avif","4353","60672f3e8c1eb11c14c6808d15c99e836fec0f30dc2b2a4b5cb05dc6a3a7a171","generated-derivative","0","","","","","refactor","repository evidence",""
"asset:assets/images/blog/derived/blog_3-320.jpg","asset","assets/images/blog/derived/blog_3-320.jpg","image","jpg","9109","f09c87e1db766be0ffce42949c022d860177f06b2a795a85bc6ddb8abe33e097","generated-derivative","1","blog.html","","","","refactor","repository evidence",""
"asset:assets/images/blog/derived/blog_3-320.webp","asset","assets/images/blog/derived/blog_3-320.webp","image","webp","5398","63919ab8e8fe61d307162d8cf250ee5b21e0f1835ec98422cd41a07b5d0ba8be","generated-derivative","0","","","","","refactor","repository evidence",""
"asset:assets/images/blog/derived/blog_3-640.avif","asset","assets/images/blog/derived/blog_3-640.avif","image","avif","9919","217520d4558a8660c75837742210a1b5b187dba1b37f688434651f23ade8e451","generated-derivative","0","","","","","refactor","repository evidence",""
"asset:assets/images/blog/derived/blog_3-640.jpg","asset","assets/images/blog/derived/blog_3-640.jpg","image","jpg","25140","547669ad87521b06aa46bc9c0c9dda1d5ab6f5d243e6420b87838ada81d9130a","generated-derivative","2","blog/ai-automation-uk-gdpr-2026-sme-guide.html | blog.html","","","","refactor","repository evidence",""
"asset:assets/images/blog/derived/blog_3-640.webp","asset","assets/images/blog/derived/blog_3-640.webp","image","webp","14588","7db2c0a7729d4f3f0d2a16d5e617bb28058b887e9aefbd24124d44a5d117841c","generated-derivative","0","","","","","refactor","repository evidence",""
"asset:assets/images/blog/derived/blog_3-960.avif","asset","assets/images/blog/derived/blog_3-960.avif","image","avif","16012","cad5392aa79b2bc61cef5b38b58830199927ec17eadb3b1a615792c6b03ee7e8","generated-derivative","0","","","","","refactor","repository evidence",""
"asset:assets/images/blog/derived/blog_3-960.jpg","asset","assets/images/blog/derived/blog_3-960.jpg","image","jpg","45608","990eaf5398fb9e18853453e9011508cf4ee964d7cf13f95eada18946e17ef47d","generated-derivative","2","blog/ai-automation-uk-gdpr-2026-sme-guide.html | blog.html","","","","refactor","repository evidence",""
"asset:assets/images/blog/derived/blog_3-960.webp","asset","assets/images/blog/derived/blog_3-960.webp","image","webp","26706","bbcbb23c36c38cfc9cf40a85b701ce27e592960a969ddc7cac775a5b40c7b743","generated-derivative","0","","","","","refactor","repository evidence",""
"asset:assets/images/blog/derived/blog_30-1280.avif","asset","assets/images/blog/derived/blog_30-1280.avif","image","avif","32831","7f24d197cae6b40dac1a3cf0671ba37ddf3335c26265669ed2bfaeb3a2aecef8","generated-derivative","0","","","","","refactor","repository evidence",""
"asset:assets/images/blog/derived/blog_30-1280.jpg","asset","assets/images/blog/derived/blog_30-1280.jpg","image","jpg","98640","905ba976f17773d059b4460728a6af8d5ec5b1027daa27301a4ebcadee71f319","generated-derivative","1","blog/ai-guest-concierge-hotels-bbs-uk.html","","","","refactor","repository evidence",""
"asset:assets/images/blog/derived/blog_30-1280.webp","asset","assets/images/blog/derived/blog_30-1280.webp","image","webp","53632","c942d8948e52e79a3db0e6e56b66fb56a0034d99d1017cc5ed279445bff393a1","generated-derivative","0","","","","","refactor","repository evidence",""
"asset:assets/images/blog/derived/blog_30-320.avif","asset","assets/images/blog/derived/blog_30-320.avif","image","avif","6330","8c3f3a1acea59bdb9e79779eb79c79dee6d41c2673d82f4747348bba933b86ce","generated-derivative","1","blog.html","","","","refactor","repository evidence",""
"asset:assets/images/blog/derived/blog_30-320.jpg","asset","assets/images/blog/derived/blog_30-320.jpg","image","jpg","11469","20c38eccd19b49e85437518fa271061220e309ccf8b5bd807b6d4842191f5a56","generated-derivative","1","blog.html","","","","refactor","repository evidence",""
"asset:assets/images/blog/derived/blog_30-320.webp","asset","assets/images/blog/derived/blog_30-320.webp","image","webp","8060","d624175c9f2e638fc9252e446f23e4abdf7ea937b0d35ef190df7ae57c41a15a","generated-derivative","1","blog.html","","","","refactor","repository evidence",""
"asset:assets/images/blog/derived/blog_30-640.avif","asset","assets/images/blog/derived/blog_30-640.avif","image","avif","14679","8a9ea6d3ad097f7a7edb7ea5c73f73f48ac24dc8745832a022a37e9c60da1d87","generated-derivative","1","blog.html","","","","refactor","repository evidence",""
"asset:assets/images/blog/derived/blog_30-640.jpg","asset","assets/images/blog/derived/blog_30-640.jpg","image","jpg","33456","1aea683f2424290c76e3fa4405de34733166c4e2b0b39b5da3735bea2130557a","generated-derivative","2","blog/ai-guest-concierge-hotels-bbs-uk.html | blog.html","","","","refactor","repository evidence",""
"asset:assets/images/blog/derived/blog_30-640.webp","asset","assets/images/blog/derived/blog_30-640.webp","image","webp","20904","a0f11e976a758a314a460f6c0b49169fa32e5b4c2cc39b3cce16b169e02b6734","generated-derivative","1","blog.html","","","","refactor","repository evidence",""
"asset:assets/images/blog/derived/blog_30-960.avif","asset","assets/images/blog/derived/blog_30-960.avif","image","avif","23754","6c042fb0fbb52ec474ba3c1f1232406315a12268c522816abd83cd6c988ba758","generated-derivative","1","blog.html","","","","refactor","repository evidence",""
"asset:assets/images/blog/derived/blog_30-960.jpg","asset","assets/images/blog/derived/blog_30-960.jpg","image","jpg","62640","e5529bda329da9f086bd3ef430e04df7c6ef54cb64b1aa2eb3cfccd06dddf5ef","generated-derivative","2","blog/ai-guest-concierge-hotels-bbs-uk.html | blog.html","","","","refactor","repository evidence",""
"asset:assets/images/blog/derived/blog_30-960.webp","asset","assets/images/blog/derived/blog_30-960.webp","image","webp","35968","be1c3b80b031e055a8038e0bc91519417913a75568f34e5a2162d04c03b52107","generated-derivative","1","blog.html","","","","refactor","repository evidence",""
"asset:assets/images/blog/derived/blog_31-1280.avif","asset","assets/images/blog/derived/blog_31-1280.avif","image","avif","31850","152864ef5225f33bc040927cf34f5ff7f32f0812dafd53740252b1c9f77e8a83","generated-derivative","0","","","","","refactor","repository evidence",""
"asset:assets/images/blog/derived/blog_31-1280.jpg","asset","assets/images/blog/derived/blog_31-1280.jpg","image","jpg","113930","767d12b431bb0174a0d5a5548da05fec5d33f226c16a8486e4d11e1ca887a6b2","generated-derivative","1","blog/dental-intake-e-consent-automation-uk.html","","","","refactor","repository evidence",""
"asset:assets/images/blog/derived/blog_31-1280.webp","asset","assets/images/blog/derived/blog_31-1280.webp","image","webp","65130","3cfc20a38a4e47438445979c1aed63be2a448877b7e1c112760f0088fa6b2444","generated-derivative","0","","","","","refactor","repository evidence",""
"asset:assets/images/blog/derived/blog_31-320.avif","asset","assets/images/blog/derived/blog_31-320.avif","image","avif","5511","142bc4368c4de8ccf6af5304b2583ceac85a8d3701017cef3d69194422af5de2","generated-derivative","1","blog.html","","","","refactor","repository evidence",""
"asset:assets/images/blog/derived/blog_31-320.jpg","asset","assets/images/blog/derived/blog_31-320.jpg","image","jpg","10931","e78bb570963272411bca49f898689881385ff2e60462cd8e56d2b286fa7573c9","generated-derivative","1","blog.html","","","","refactor","repository evidence",""
"asset:assets/images/blog/derived/blog_31-320.webp","asset","assets/images/blog/derived/blog_31-320.webp","image","webp","7556","59662dcf53bc3b495f0b92f0cb6dcd18fd8e7985779da943c6f62eba919566f5","generated-derivative","1","blog.html","","","","refactor","repository evidence",""
"asset:assets/images/blog/derived/blog_31-640.avif","asset","assets/images/blog/derived/blog_31-640.avif","image","avif","13168","c0b582df33b3881247c6f4eaf61b477ca3a229e013c3cbc7ea9bfb8df2b82f49","generated-derivative","1","blog.html","","","","refactor","repository evidence",""
"asset:assets/images/blog/derived/blog_31-640.jpg","asset","assets/images/blog/derived/blog_31-640.jpg","image","jpg","34462","9d1b161a683ca3d1ca1909d5e23f38be9b64ac690292a1e4c3b271118fcd098a","generated-derivative","2","blog/dental-intake-e-consent-automation-uk.html | blog.html","","","","refactor","repository evidence",""
"asset:assets/images/blog/derived/blog_31-640.webp","asset","assets/images/blog/derived/blog_31-640.webp","image","webp","20430","5cfadb3c02899e0b86de1294c89c4e03f9e7eff93673731804592ad3a4cbea4b","generated-derivative","1","blog.html","","","","refactor","repository evidence",""
"asset:assets/images/blog/derived/blog_31-960.avif","asset","assets/images/blog/derived/blog_31-960.avif","image","avif","21796","adc140a9116051f82ede9ff43a717fd8061344c406b576b24fe63dde6d0e14b9","generated-derivative","1","blog.html","","","","refactor","repository evidence",""
"asset:assets/images/blog/derived/blog_31-960.jpg","asset","assets/images/blog/derived/blog_31-960.jpg","image","jpg","68089","92e83e731d36fbc189b26069b024ac3feb44d4ca65282fbd3ffe38ed47c4c430","generated-derivative","2","blog/dental-intake-e-consent-automation-uk.html | blog.html","","","","refactor","repository evidence",""
"asset:assets/images/blog/derived/blog_31-960.webp","asset","assets/images/blog/derived/blog_31-960.webp","image","webp","39224","d44280d9738a18a06e9666982fdc5595f4c20ef806e5a29384193bf92ccfec59","generated-derivative","1","blog.html","","","","refactor","repository evidence",""
"asset:assets/images/blog/derived/blog_32-1280.avif","asset","assets/images/blog/derived/blog_32-1280.avif","image","avif","31507","faa1e931d3ecc4f8e127f192d96b709f9196a8040bb5955ccb7c092d41c0b197","generated-derivative","0","","","","","refactor","repository evidence",""
"asset:assets/images/blog/derived/blog_32-1280.jpg","asset","assets/images/blog/derived/blog_32-1280.jpg","image","jpg","97195","0075d0d061e9c7ffad2ae1ebce2491604065ace623716af6d05503c6703a3dad","generated-derivative","1","blog/ai-rebooking-journeys-salons-uk.html","","","","refactor","repository evidence",""
"asset:assets/images/blog/derived/blog_32-1280.webp","asset","assets/images/blog/derived/blog_32-1280.webp","image","webp","55274","f67a84a06e528ad1a862c9940d8dd626100c31b0bc037bde981d5f164a9b5e66","generated-derivative","0","","","","","refactor","repository evidence",""
"asset:assets/images/blog/derived/blog_32-320.avif","asset","assets/images/blog/derived/blog_32-320.avif","image","avif","5535","895488ab8d19dc8471030303845344739a05c37f6259deeaa4482276695117ab","generated-derivative","1","blog.html","","","","refactor","repository evidence",""
"asset:assets/images/blog/derived/blog_32-320.jpg","asset","assets/images/blog/derived/blog_32-320.jpg","image","jpg","10239","714656b6e712636771a3a8e9167e585099a69f982911ab1efa543c5576cdac33","generated-derivative","1","blog.html","","","","refactor","repository evidence",""
"asset:assets/images/blog/derived/blog_32-320.webp","asset","assets/images/blog/derived/blog_32-320.webp","image","webp","6962","3d4e52daf3629a19f50b8502ab54ff924ad1bbd521efe332b0d5f3eaa937d845","generated-derivative","1","blog.html","","","","refactor","repository evidence",""
"asset:assets/images/blog/derived/blog_32-640.avif","asset","assets/images/blog/derived/blog_32-640.avif","image","avif","13500","9c31475410415b45515a4914db82013876e50fa2ed5a6d3712f9cefcbc75fcab","generated-derivative","1","blog.html","","","","refactor","repository evidence",""
"asset:assets/images/blog/derived/blog_32-640.jpg","asset","assets/images/blog/derived/blog_32-640.jpg","image","jpg","31369","78e8ba2c7d66dd223f1de1f187f8fb78ed4b25da7f8ae504df04636db5614f77","generated-derivative","2","blog/ai-rebooking-journeys-salons-uk.html | blog.html","","","","refactor","repository evidence",""
"asset:assets/images/blog/derived/blog_32-640.webp","asset","assets/images/blog/derived/blog_32-640.webp","image","webp","19406","09157588e2ec8ee8de6b9320d0f579c3c5129d5e5f89eb6d2e540f1d33f743e6","generated-derivative","1","blog.html","","","","refactor","repository evidence",""
"asset:assets/images/blog/derived/blog_32-960.avif","asset","assets/images/blog/derived/blog_32-960.avif","image","avif","22235","bf102ad06dc1b47d78b34ff07ba2435acfe154db1e09f9fa80039616be4d2720","generated-derivative","1","blog.html","","","","refactor","repository evidence",""
"asset:assets/images/blog/derived/blog_32-960.jpg","asset","assets/images/blog/derived/blog_32-960.jpg","image","jpg","60232","204a3d7aa12340edb278ebdcbdeb90e5c33ef014a52097b6f948a5007f24a0a3","generated-derivative","2","blog/ai-rebooking-journeys-salons-uk.html | blog.html","","","","refactor","repository evidence",""
"asset:assets/images/blog/derived/blog_32-960.webp","asset","assets/images/blog/derived/blog_32-960.webp","image","webp","35710","b3ce1706dabee6ec1cb0766ab4af0bbe357b81f7f5e0328e68c921564b57f9f6","generated-derivative","1","blog.html","","","","refactor","repository evidence",""
"asset:assets/images/blog/derived/blog_33-1280.avif","asset","assets/images/blog/derived/blog_33-1280.avif","image","avif","52657","32e8956dd26dcee1aaa00e7e4cee8d5fd7996b22d315af3e456d5f25e6d58f57","generated-derivative","0","","","","","refactor","repository evidence",""
"asset:assets/images/blog/derived/blog_33-1280.jpg","asset","assets/images/blog/derived/blog_33-1280.jpg","image","jpg","133280","530bec21ef00d664423d7028d6292a43098ec8a62c24c965d5964b074f0446b4","generated-derivative","1","blog/ai-call-answering-trades-uk.html","","","","refactor","repository evidence",""
"asset:assets/images/blog/derived/blog_33-1280.webp","asset","assets/images/blog/derived/blog_33-1280.webp","image","webp","85846","aafffe26c037fd53470a06f9a2119206997c017a7d40579c362f2b8a25ee4b49","generated-derivative","0","","","","","refactor","repository evidence",""
"asset:assets/images/blog/derived/blog_33-320.avif","asset","assets/images/blog/derived/blog_33-320.avif","image","avif","6668","13bf757fb5ee635a143ea4c4787be7931d5383caf8504f955c5da53bd2803024","generated-derivative","1","blog.html","","","","refactor","repository evidence",""
"asset:assets/images/blog/derived/blog_33-320.jpg","asset","assets/images/blog/derived/blog_33-320.jpg","image","jpg","11960","4172a96d1fb082e01ef25015252838ee3bc9053cf824aaf9e5d3d521907c7519","generated-derivative","1","blog.html","","","","refactor","repository evidence",""
"asset:assets/images/blog/derived/blog_33-320.webp","asset","assets/images/blog/derived/blog_33-320.webp","image","webp","8970","11ff9a591b5c4e0e154997ba5f1b2bbe35cea9190339676f5df0df8415a2b7dc","generated-derivative","1","blog.html","","","","refactor","repository evidence",""
"asset:assets/images/blog/derived/blog_33-640.avif","asset","assets/images/blog/derived/blog_33-640.avif","image","avif","18102","1c5204142fc753a5cb776976fea718867accb9ac6c63efdac7e02c8a64eda277","generated-derivative","1","blog.html","","","","refactor","repository evidence",""
"asset:assets/images/blog/derived/blog_33-640.jpg","asset","assets/images/blog/derived/blog_33-640.jpg","image","jpg","39529","5ef1de5382f2a230dcb1934d68b959530899d72ddfb343d7f04cdbbe72dd4fd5","generated-derivative","2","blog/ai-call-answering-trades-uk.html | blog.html","","","","refactor","repository evidence",""
"asset:assets/images/blog/derived/blog_33-640.webp","asset","assets/images/blog/derived/blog_33-640.webp","image","webp","28094","0d3d3fc3cfbd653d96f2d9e1a30a61e96ae57b20bca6caa587c7243e0af4a400","generated-derivative","1","blog.html","","","","refactor","repository evidence",""
"asset:assets/images/blog/derived/blog_33-960.avif","asset","assets/images/blog/derived/blog_33-960.avif","image","avif","35166","adc48638ff93dce43d83300b1bde16fcf8b0049ed328740e805f3ccf35469892","generated-derivative","1","blog.html","","","","refactor","repository evidence",""
"asset:assets/images/blog/derived/blog_33-960.jpg","asset","assets/images/blog/derived/blog_33-960.jpg","image","jpg","80260","594ec66c90498654c54287bcd2c4394a4966e96953999b504fe491feaed4c526","generated-derivative","2","blog/ai-call-answering-trades-uk.html | blog.html","","","","refactor","repository evidence",""
"asset:assets/images/blog/derived/blog_33-960.webp","asset","assets/images/blog/derived/blog_33-960.webp","image","webp","54946","1a1ba0e579de7d40741510e63c3de4825e5880c1532f05afbfff310cc1fb290b","generated-derivative","1","blog.html","","","","refactor","repository evidence",""
"asset:assets/images/blog/derived/blog_34-1280.avif","asset","assets/images/blog/derived/blog_34-1280.avif","image","avif","29278","4537e599c1f650f1cd5f8b0a1e396125363cb7f1963429706d16c125ba28b2df","generated-derivative","0","","","","","refactor","repository evidence",""
"asset:assets/images/blog/derived/blog_34-1280.jpg","asset","assets/images/blog/derived/blog_34-1280.jpg","image","jpg","96064","fc1d4f929528e78a2d0da15bfae77730f2e1eca6a98ecf901d49f34aee0c14ed","generated-derivative","1","blog/ai-returns-triage-ecommerce-uk.html","","","","refactor","repository evidence",""
"asset:assets/images/blog/derived/blog_34-1280.webp","asset","assets/images/blog/derived/blog_34-1280.webp","image","webp","53632","39224a053c3661c2eb94b521411c94c3e2b5bdd09fbc5f06e3f9376f5c033296","generated-derivative","0","","","","","refactor","repository evidence",""
"asset:assets/images/blog/derived/blog_34-320.avif","asset","assets/images/blog/derived/blog_34-320.avif","image","avif","6001","2b350023ed1db42ddd8157e7a71623bf4f39b279a8506a70ee645833adb4b2c5","generated-derivative","1","blog.html","","","","refactor","repository evidence",""
"asset:assets/images/blog/derived/blog_34-320.jpg","asset","assets/images/blog/derived/blog_34-320.jpg","image","jpg","11061","69f8849e3750f667d2a6cc4c4d0664e259ac6667ea59ec1286ffdb49a2963b10","generated-derivative","1","blog.html","","","","refactor","repository evidence",""
"asset:assets/images/blog/derived/blog_34-320.webp","asset","assets/images/blog/derived/blog_34-320.webp","image","webp","7496","39c9b146d19441917f1c383e9d92a64e5509f1c0857b73336935e42f01c56c93","generated-derivative","1","blog.html","","","","refactor","repository evidence",""
"asset:assets/images/blog/derived/blog_34-640.avif","asset","assets/images/blog/derived/blog_34-640.avif","image","avif","13834","61c470800a76801cdc8382be483a4a043e63817b730deb3c6325796085425f9b","generated-derivative","1","blog.html","","","","refactor","repository evidence",""
"asset:assets/images/blog/derived/blog_34-640.jpg","asset","assets/images/blog/derived/blog_34-640.jpg","image","jpg","32440","195e68b81580afb5818d0ca67c14ac9f157350f4f5e25e387152a48fb5b73885","generated-derivative","2","blog/ai-returns-triage-ecommerce-uk.html | blog.html","","","","refactor","repository evidence",""
"asset:assets/images/blog/derived/blog_34-640.webp","asset","assets/images/blog/derived/blog_34-640.webp","image","webp","20232","bbc6aafc51b23e570f579d44e1a9aa27ce0122f78a52f6a8314e40f18580e773","generated-derivative","1","blog.html","","","","refactor","repository evidence",""
"asset:assets/images/blog/derived/blog_34-960.avif","asset","assets/images/blog/derived/blog_34-960.avif","image","avif","21548","3acbb030a8c0a54f7149e35c2804210d521427c489c8e5eb2ee0799b4d6c9be7","generated-derivative","1","blog.html","","","","refactor","repository evidence",""
"asset:assets/images/blog/derived/blog_34-960.jpg","asset","assets/images/blog/derived/blog_34-960.jpg","image","jpg","60740","49fc7c10d834bae4546a65655b6e722c7c9815a31cb52ab05f7f0c70b3daa6e0","generated-derivative","2","blog/ai-returns-triage-ecommerce-uk.html | blog.html","","","","refactor","repository evidence",""
"asset:assets/images/blog/derived/blog_34-960.webp","asset","assets/images/blog/derived/blog_34-960.webp","image","webp","35732","3b7d84a13e88a57438ed9975d9ebc0a83a4f3b8ded6515062d18c8c59077b6c7","generated-derivative","1","blog.html","","","","refactor","repository evidence",""
"asset:assets/images/blog/derived/blog_35-1280.avif","asset","assets/images/blog/derived/blog_35-1280.avif","image","avif","21623","7e6c8d3abe17c74d1556bc271ae6091ef91ed2fb3ee44baa027ede00fb2bf6cd","generated-derivative","0","","","","","refactor","repository evidence",""
"asset:assets/images/blog/derived/blog_35-1280.jpg","asset","assets/images/blog/derived/blog_35-1280.jpg","image","jpg","79260","5a5fc67915d882a0b14460d3f779fb845403d2d1ad6a036bc12d921d2d44d9b0","generated-derivative","1","blog/ai-win-back-journeys-gyms-uk.html","","","","refactor","repository evidence",""
"asset:assets/images/blog/derived/blog_35-1280.webp","asset","assets/images/blog/derived/blog_35-1280.webp","image","webp","38514","9fb26f94eccf41feb93c0f1a09e7016afef4120d547c6aedce4324cc86bfec7b","generated-derivative","0","","","","","refactor","repository evidence",""
"asset:assets/images/blog/derived/blog_35-320.avif","asset","assets/images/blog/derived/blog_35-320.avif","image","avif","5560","2b650dd7a1746b5f4f0f12def664b07687c866e50e778c04433000062512c0c3","generated-derivative","1","blog.html","","","","refactor","repository evidence",""
"asset:assets/images/blog/derived/blog_35-320.jpg","asset","assets/images/blog/derived/blog_35-320.jpg","image","jpg","11334","0e40626045f157a115e915429c3a9eeb288571ce6740779b97a59f698ee5f943","generated-derivative","1","blog.html","","","","refactor","repository evidence",""
"asset:assets/images/blog/derived/blog_35-320.webp","asset","assets/images/blog/derived/blog_35-320.webp","image","webp","7274","fc0cf3a99825a0d0553d0beff77cf6a4912801fec1474435bbd0e8c209d04748","generated-derivative","1","blog.html","","","","refactor","repository evidence",""
"asset:assets/images/blog/derived/blog_35-640.avif","asset","assets/images/blog/derived/blog_35-640.avif","image","avif","10792","88cd73a329125726ce59a49d72efac2f63a995a8118e5a6ec5fc21631973688a","generated-derivative","1","blog.html","","","","refactor","repository evidence",""
"asset:assets/images/blog/derived/blog_35-640.jpg","asset","assets/images/blog/derived/blog_35-640.jpg","image","jpg","29657","091dd118026b5bf0920fa988f26c57800afbdd3ebaf13e39e8d5b392c91f0d8c","generated-derivative","2","blog/ai-win-back-journeys-gyms-uk.html | blog.html","","","","refactor","repository evidence",""
"asset:assets/images/blog/derived/blog_35-640.webp","asset","assets/images/blog/derived/blog_35-640.webp","image","webp","16564","873cd92e5e07dc60bb049c793c136a87908844a8af483a916f521f9ee8510c5d","generated-derivative","1","blog.html","","","","refactor","repository evidence",""
"asset:assets/images/blog/derived/blog_35-960.avif","asset","assets/images/blog/derived/blog_35-960.avif","image","avif","16212","72bebc3f2a3dc6a5a5829b4d16d8ce74c5dc82c86371120665984c6ed175b36a","generated-derivative","1","blog.html","","","","refactor","repository evidence",""
"asset:assets/images/blog/derived/blog_35-960.jpg","asset","assets/images/blog/derived/blog_35-960.jpg","image","jpg","52065","1b59869a9c15d6b27a2739b54b6536601f6da22c7e420240e9b37900dbf0a101","generated-derivative","2","blog/ai-win-back-journeys-gyms-uk.html | blog.html","","","","refactor","repository evidence",""
"asset:assets/images/blog/derived/blog_35-960.webp","asset","assets/images/blog/derived/blog_35-960.webp","image","webp","27574","01e39ae1e48ea157d33742b03a0c43e397e00e806a368d0da9e2b1d1c87cebad","generated-derivative","1","blog.html","","","","refactor","repository evidence",""
"asset:assets/images/blog/derived/blog_36-1280.avif","asset","assets/images/blog/derived/blog_36-1280.avif","image","avif","32544","3e8b554fddc8ad9d3c02f38da9ceafd9a15f8a97834783850c23e93186bd2fd8","generated-derivative","0","","","","","refactor","repository evidence",""
"asset:assets/images/blog/derived/blog_36-1280.jpg","asset","assets/images/blog/derived/blog_36-1280.jpg","image","jpg","103003","853fb2b4b1980c01eab710d1bdd5dc80e01ea2c3caac8d7738526df051f1724b","generated-derivative","1","blog/clinic-rebooking-physio-chiro-uk.html","","","","refactor","repository evidence",""
"asset:assets/images/blog/derived/blog_36-1280.webp","asset","assets/images/blog/derived/blog_36-1280.webp","image","webp","58688","52ec79e64ece622d35475e3974f9a33a498689171270390ae28e15a65d489b94","generated-derivative","0","","","","","refactor","repository evidence",""
"asset:assets/images/blog/derived/blog_36-320.avif","asset","assets/images/blog/derived/blog_36-320.avif","image","avif","5264","b3642663d74d5908631472b11b30ae9e0f8b0aca2fa7e3b297a269700fe978de","generated-derivative","1","blog.html","","","","refactor","repository evidence",""
"asset:assets/images/blog/derived/blog_36-320.jpg","asset","assets/images/blog/derived/blog_36-320.jpg","image","jpg","11171","926973821a51acb6e751586c011b063cfb4fa5041ef6731b88bd9e2686b79397","generated-derivative","1","blog.html","","","","refactor","repository evidence",""
"asset:assets/images/blog/derived/blog_36-320.webp","asset","assets/images/blog/derived/blog_36-320.webp","image","webp","7640","487e7b86b2032049d8517277b937c5ce64883c1976628aa52c390944c8d6c6b4","generated-derivative","1","blog.html","","","","refactor","repository evidence",""
"asset:assets/images/blog/derived/blog_36-640.avif","asset","assets/images/blog/derived/blog_36-640.avif","image","avif","12551","9e30df3590ec96096f3317269e3854a9ea9ee64edcbf36003cae54d1a24eae3c","generated-derivative","1","blog.html","","","","refactor","repository evidence",""
"asset:assets/images/blog/derived/blog_36-640.jpg","asset","assets/images/blog/derived/blog_36-640.jpg","image","jpg","33207","18acc732797f891d0e339fbe8592737d12a157a4a88319173d3b7c1b7c1f5e7a","generated-derivative","2","blog/clinic-rebooking-physio-chiro-uk.html | blog.html","","","","refactor","repository evidence",""
"asset:assets/images/blog/derived/blog_36-640.webp","asset","assets/images/blog/derived/blog_36-640.webp","image","webp","20944","c9f526a826fa58f82d1d48938dff5e3de2877d5e3d785411deff5248e668cbd2","generated-derivative","1","blog.html","","","","refactor","repository evidence",""
"asset:assets/images/blog/derived/blog_36-960.avif","asset","assets/images/blog/derived/blog_36-960.avif","image","avif","22456","68dceeecd397a62f7421aa0bac147f7067914d66d12a4d1898e393bfbfeceef1","generated-derivative","1","blog.html","","","","refactor","repository evidence",""
"asset:assets/images/blog/derived/blog_36-960.jpg","asset","assets/images/blog/derived/blog_36-960.jpg","image","jpg","63906","5a681e784ef783af9b4bcfd0c82d258b63bd9e3cbbd866237b1ec806dae9388b","generated-derivative","2","blog/clinic-rebooking-physio-chiro-uk.html | blog.html","","","","refactor","repository evidence",""
"asset:assets/images/blog/derived/blog_36-960.webp","asset","assets/images/blog/derived/blog_36-960.webp","image","webp","38772","4097851dbd1df34153031f0f9aa88175ca675fb7e99bb4d4e5677b30c3d77ffb","generated-derivative","1","blog.html","","","","refactor","repository evidence",""
"asset:assets/images/blog/derived/blog_37-1280.avif","asset","assets/images/blog/derived/blog_37-1280.avif","image","avif","57359","c5aea917496eb25dac0b245d214bcbd3c1df8db0375e4bedbb275ce2b66c1103","generated-derivative","0","","","","","refactor","repository evidence",""
"asset:assets/images/blog/derived/blog_37-1280.jpg","asset","assets/images/blog/derived/blog_37-1280.jpg","image","jpg","122442","a371e7db1fc82ef878c430d69c99ca45f41827629d944090b2b1333a35ad4af6","generated-derivative","1","blog/ai-lead-scoring-fitness-coaches-uk.html","","","","refactor","repository evidence",""
"asset:assets/images/blog/derived/blog_37-1280.webp","asset","assets/images/blog/derived/blog_37-1280.webp","image","webp","86052","5bc350152135febf132fb180a32949c94641bdaa47e79f5edf819fa50df2dd65","generated-derivative","0","","","","","refactor","repository evidence",""
"asset:assets/images/blog/derived/blog_37-320.avif","asset","assets/images/blog/derived/blog_37-320.avif","image","avif","4485","b83ef69167b9eaef97edcf4a1f8e81c757e7bccb9ebfe4716cc1ab5655980a39","generated-derivative","1","blog.html","","","","refactor","repository evidence",""
"asset:assets/images/blog/derived/blog_37-320.jpg","asset","assets/images/blog/derived/blog_37-320.jpg","image","jpg","9309","1a9082ea29afb4dab9e28ab86dbd1487931a76f26564b9492e0c65b8c75145d4","generated-derivative","1","blog.html","","","","refactor","repository evidence",""
"asset:assets/images/blog/derived/blog_37-320.webp","asset","assets/images/blog/derived/blog_37-320.webp","image","webp","6278","10e8bb3687abb413ff4393f5efc17b41f8515518b709a817c528517bbc383586","generated-derivative","1","blog.html","","","","refactor","repository evidence",""
"asset:assets/images/blog/derived/blog_37-640.avif","asset","assets/images/blog/derived/blog_37-640.avif","image","avif","15881","8dccd92089deeaa93f27f785e81ab9653f91f4c6a4aecf1a724f86a51becd96f","generated-derivative","1","blog.html","","","","refactor","repository evidence",""
"asset:assets/images/blog/derived/blog_37-640.jpg","asset","assets/images/blog/derived/blog_37-640.jpg","image","jpg","32804","a57a383270122cfc77757c2d59508a721e4e8e7a4f2f0197d13c485dd5247b05","generated-derivative","2","blog/ai-lead-scoring-fitness-coaches-uk.html | blog.html","","","","refactor","repository evidence",""
"asset:assets/images/blog/derived/blog_37-640.webp","asset","assets/images/blog/derived/blog_37-640.webp","image","webp","23774","d81f1eee5e4e983809b9ef8146ba15173b3bf5832b1b5405c38647b77fa46f8a","generated-derivative","1","blog.html","","","","refactor","repository evidence",""
"asset:assets/images/blog/derived/blog_37-960.avif","asset","assets/images/blog/derived/blog_37-960.avif","image","avif","36206","9e0357555f2c4bee85ea2feb67fb23849adb4b5f7f6348e217a26b816a7dd4e6","generated-derivative","1","blog.html","","","","refactor","repository evidence",""
"asset:assets/images/blog/derived/blog_37-960.jpg","asset","assets/images/blog/derived/blog_37-960.jpg","image","jpg","70839","3756d3d2a65184bdd24c34fdbd86b46b199fd9b773d19148b2b2ab46fc1c1793","generated-derivative","2","blog/ai-lead-scoring-fitness-coaches-uk.html | blog.html","","","","refactor","repository evidence",""
"asset:assets/images/blog/derived/blog_37-960.webp","asset","assets/images/blog/derived/blog_37-960.webp","image","webp","51982","0b8ff0bd37fda2a89af884a95ac3ef87f875f93c577b5f5618baeee6a982fcd1","generated-derivative","1","blog.html","","","","refactor","repository evidence",""
"asset:assets/images/blog/derived/blog_38-1280.avif","asset","assets/images/blog/derived/blog_38-1280.avif","image","avif","30323","2be9428f1804677f322007e1a964d7c957f4941e1b3415bb605caf0384fc9ccc","generated-derivative","0","","","","","refactor","repository evidence",""
"asset:assets/images/blog/derived/blog_38-1280.jpg","asset","assets/images/blog/derived/blog_38-1280.jpg","image","jpg","99352","3fb3f9fcaf0fff7e2f8c9b1a46135710e5d91c1ba3410a32078f7534c756c01b","generated-derivative","1","blog/ai-missed-call-recovery-dentists-uk.html","","","","refactor","repository evidence",""
"asset:assets/images/blog/derived/blog_38-1280.webp","asset","assets/images/blog/derived/blog_38-1280.webp","image","webp","51780","696e3268b02578319090f2bc701095ef8f9e545d03134bffea0a3c42b3bc3fd8","generated-derivative","0","","","","","refactor","repository evidence",""
"asset:assets/images/blog/derived/blog_38-320.avif","asset","assets/images/blog/derived/blog_38-320.avif","image","avif","6759","73714ce4e4069f76fc936d6beb98a69a65248c764d9bc2bd2c03f2e1694997df","generated-derivative","1","blog.html","","","","refactor","repository evidence",""
"asset:assets/images/blog/derived/blog_38-320.jpg","asset","assets/images/blog/derived/blog_38-320.jpg","image","jpg","12404","fdc558c6fb94b93e3c964b9e057a6c55b34abe0de5fc1ca4b5bf0c624d51afcf","generated-derivative","1","blog.html","","","","refactor","repository evidence",""
"asset:assets/images/blog/derived/blog_38-320.webp","asset","assets/images/blog/derived/blog_38-320.webp","image","webp","8868","e20da0897281c588fe2abb8d5f8ed941dc7eaf56d4da3c972a58f78a4a72ee65","generated-derivative","1","blog.html","","","","refactor","repository evidence",""
"asset:assets/images/blog/derived/blog_38-640.avif","asset","assets/images/blog/derived/blog_38-640.avif","image","avif","14826","516bf397ebddd035668633d1a12ca0eb87f61fcc73b9c5d6fbaf9a7382d3b938","generated-derivative","1","blog.html","","","","refactor","repository evidence",""
"asset:assets/images/blog/derived/blog_38-640.jpg","asset","assets/images/blog/derived/blog_38-640.jpg","image","jpg","35365","90f8079eb489100213e7b28beecd24ae570f8b8663831d09d5523f99de72440a","generated-derivative","2","blog/ai-missed-call-recovery-dentists-uk.html | blog.html","","","","refactor","repository evidence",""
"asset:assets/images/blog/derived/blog_38-640.webp","asset","assets/images/blog/derived/blog_38-640.webp","image","webp","22014","674c65300ba104d40865ce6b68fc2c5f30cb61432fed1638de740a859419fc7c","generated-derivative","1","blog.html","","","","refactor","repository evidence",""
"asset:assets/images/blog/derived/blog_38-960.avif","asset","assets/images/blog/derived/blog_38-960.avif","image","avif","22663","84f7b62108df91c5f499d71a251932d7ba2fae408aaf0221201d55d0661c183e","generated-derivative","1","blog.html","","","","refactor","repository evidence",""
"asset:assets/images/blog/derived/blog_38-960.jpg","asset","assets/images/blog/derived/blog_38-960.jpg","image","jpg","64109","acbdf5bba30c70a4c3ed2bcd0c6caaba5c8219f551fe713ef5a0f1bac619f442","generated-derivative","2","blog/ai-missed-call-recovery-dentists-uk.html | blog.html","","","","refactor","repository evidence",""
"asset:assets/images/blog/derived/blog_38-960.webp","asset","assets/images/blog/derived/blog_38-960.webp","image","webp","36734","73a2c5a85c0623e0705f4f222116073f6da8ac12857d0e3b470e30aa5a18c045","generated-derivative","1","blog.html","","","","refactor","repository evidence",""
"asset:assets/images/blog/derived/blog_39-1280.avif","asset","assets/images/blog/derived/blog_39-1280.avif","image","avif","40866","ffab9425f68b53b48719a585b6803eda4864a4a0887f44dbb2706742febfad65","generated-derivative","0","","","","","refactor","repository evidence",""
"asset:assets/images/blog/derived/blog_39-1280.jpg","asset","assets/images/blog/derived/blog_39-1280.jpg","image","jpg","109987","f807f3227c3ec0f6e220c60a3c9fe7468afc5ea5c3913fe5b667f2de2ebbfffd","generated-derivative","1","blog/ai-viewing-feedback-estate-agents-uk.html","","","","refactor","repository evidence",""
"asset:assets/images/blog/derived/blog_39-1280.webp","asset","assets/images/blog/derived/blog_39-1280.webp","image","webp","77058","82b714e41b1f5459e7fea7fb60bf4bcf12670a2c308ce5375d33ecf45ad7d135","generated-derivative","0","","","","","refactor","repository evidence",""
"asset:assets/images/blog/derived/blog_39-320.avif","asset","assets/images/blog/derived/blog_39-320.avif","image","avif","9752","851a2273ba51cd8cbbff5cdf7d2db0e8e39444bf181a40b8fa58559ab4f7a7d7","generated-derivative","1","blog.html","","","","refactor","repository evidence",""
"asset:assets/images/blog/derived/blog_39-320.jpg","asset","assets/images/blog/derived/blog_39-320.jpg","image","jpg","14668","1c23016e2dd4497c5eb57d3ab97e74629a2bb745bfbe77485446392aff95c05c","generated-derivative","1","blog.html","","","","refactor","repository evidence",""
"asset:assets/images/blog/derived/blog_39-320.webp","asset","assets/images/blog/derived/blog_39-320.webp","image","webp","13214","5edc76e4d67bb8d0f131f1233e13ca0e96258514cfd37081adbb5789546ce5ef","generated-derivative","1","blog.html","","","","refactor","repository evidence",""
"asset:assets/images/blog/derived/blog_39-640.avif","asset","assets/images/blog/derived/blog_39-640.avif","image","avif","20097","e13a79614cfe1d8869d77064480f939f86a5fa91a83b5e108a48444c1d8c0453","generated-derivative","1","blog.html","","","","refactor","repository evidence",""
"asset:assets/images/blog/derived/blog_39-640.jpg","asset","assets/images/blog/derived/blog_39-640.jpg","image","jpg","39959","aa2a804dc5f8272e51a9bd6411424ebfb2dd3c77f0f85a4d2e401b720e600be9","generated-derivative","2","blog/ai-viewing-feedback-estate-agents-uk.html | blog.html","","","","refactor","repository evidence",""
"asset:assets/images/blog/derived/blog_39-640.webp","asset","assets/images/blog/derived/blog_39-640.webp","image","webp","31524","c8a26b5cee571ec31d9b57387c0ddb9d30d58deec592a7b53cb07f60217500ec","generated-derivative","1","blog.html","","","","refactor","repository evidence",""
"asset:assets/images/blog/derived/blog_39-960.avif","asset","assets/images/blog/derived/blog_39-960.avif","image","avif","30580","e168c819176e5433530a2230896771dd09ef3e0677e2e19cd092e83d8bbf9efa","generated-derivative","1","blog.html","","","","refactor","repository evidence",""
"asset:assets/images/blog/derived/blog_39-960.jpg","asset","assets/images/blog/derived/blog_39-960.jpg","image","jpg","71775","bcfb811665892204cd5bc984105c17e9e2e58ebaba58275d32178d04624779d4","generated-derivative","2","blog/ai-viewing-feedback-estate-agents-uk.html | blog.html","","","","refactor","repository evidence",""
"asset:assets/images/blog/derived/blog_39-960.webp","asset","assets/images/blog/derived/blog_39-960.webp","image","webp","53426","b44f8a250412823fac223565c9f58d4cd381f667469b5d8f753162bcc2c82bcb","generated-derivative","1","blog.html","","","","refactor","repository evidence",""
"asset:assets/images/blog/derived/blog_4-1280.avif","asset","assets/images/blog/derived/blog_4-1280.avif","image","avif","8192","95c7a931311fcaf2578c426c060995d87b92855e49f7d6039e7ab3876a2e5f74","generated-derivative","0","","","","","refactor","repository evidence",""
"asset:assets/images/blog/derived/blog_4-1280.jpg","asset","assets/images/blog/derived/blog_4-1280.jpg","image","jpg","36697","fb376b2504cf1075144aa2222653eaf2ed2ce7256016cbf7dbd4c09e6867021b","generated-derivative","0","","","","","refactor","repository evidence",""
"asset:assets/images/blog/derived/blog_4-1280.webp","asset","assets/images/blog/derived/blog_4-1280.webp","image","webp","14062","5bb14712c0cbb55a4b2f2c6505f8ff86cdf84286afcd9a045eebcf1c87441fdb","generated-derivative","0","","","","","refactor","repository evidence",""
"asset:assets/images/blog/derived/blog_4-320.avif","asset","assets/images/blog/derived/blog_4-320.avif","image","avif","1967","7321332acb15abd70d06321c9f30a81526bbb1095076c2bb0c97151e1833868e","generated-derivative","0","","","","","refactor","repository evidence",""
"asset:assets/images/blog/derived/blog_4-320.jpg","asset","assets/images/blog/derived/blog_4-320.jpg","image","jpg","5604","4a7227274ce458326055770680ac1c85b49a9bd2834448492646696d32454795","generated-derivative","0","","","","","refactor","repository evidence",""
"asset:assets/images/blog/derived/blog_4-320.webp","asset","assets/images/blog/derived/blog_4-320.webp","image","webp","2330","bbdb93cd6c341dcbbfb9835eb5b28cb3c9b48ba9856c8463d8d4e94c0434b7c6","generated-derivative","0","","","","","refactor","repository evidence",""
"asset:assets/images/blog/derived/blog_4-640.avif","asset","assets/images/blog/derived/blog_4-640.avif","image","avif","3945","061ab05e2d3296e62f2c226b96e43666df5c35deb914b3b52ac74a7e62506c57","generated-derivative","0","","","","","refactor","repository evidence",""
"asset:assets/images/blog/derived/blog_4-640.jpg","asset","assets/images/blog/derived/blog_4-640.jpg","image","jpg","14014","8417069c351b3ae6bd94e14c9644cef6e77e24a79454282f1869018fcb133e5d","generated-derivative","0","","","","","refactor","repository evidence",""
"asset:assets/images/blog/derived/blog_4-640.webp","asset","assets/images/blog/derived/blog_4-640.webp","image","webp","5502","21e22e9a67a640e682d93af0ea8516c0bf105c5f7597f5e808e2fe16d3453a5c","generated-derivative","0","","","","","refactor","repository evidence",""
"asset:assets/images/blog/derived/blog_4-960.avif","asset","assets/images/blog/derived/blog_4-960.avif","image","avif","5748","aa9ae2d26bcf509e3e30da6ac823635237c9642a2261b7de41a636345a91a780","generated-derivative","0","","","","","refactor","repository evidence",""
"asset:assets/images/blog/derived/blog_4-960.jpg","asset","assets/images/blog/derived/blog_4-960.jpg","image","jpg","24619","512258e97f2b06fea79c352ac49271c3dfb14c549086d0baee867be09687bec3","generated-derivative","0","","","","","refactor","repository evidence",""
"asset:assets/images/blog/derived/blog_4-960.webp","asset","assets/images/blog/derived/blog_4-960.webp","image","webp","9276","b5430da7879633a465f57fa8650527d87e70d68c9f186361ec93a43f9cfa5a0b","generated-derivative","0","","","","","refactor","repository evidence",""
"asset:assets/images/blog/derived/blog_5-1280.avif","asset","assets/images/blog/derived/blog_5-1280.avif","image","avif","13475","ff80a4721fbb577970009f74f1fc852bdf8a8671392cc7b414d66c40fb2aab48","generated-derivative","0","","","","","refactor","repository evidence",""
"asset:assets/images/blog/derived/blog_5-1280.jpg","asset","assets/images/blog/derived/blog_5-1280.jpg","image","jpg","52429","00fc923fd67def59f6caec7ee0f271d55d342bef0f4d879c3fef1650d802be93","generated-derivative","0","","","","","refactor","repository evidence",""
"asset:assets/images/blog/derived/blog_5-1280.webp","asset","assets/images/blog/derived/blog_5-1280.webp","image","webp","23400","83d8fcf6982ac6096dbd82805a03431aa75160d80243dad2377ceb072b8c8ccb","generated-derivative","0","","","","","refactor","repository evidence",""
"asset:assets/images/blog/derived/blog_5-320.avif","asset","assets/images/blog/derived/blog_5-320.avif","image","avif","2798","5933351ee09a20a04426e0cf6f12e49ce4ffe0df5bb5dacb698fb9ae5c9f9201","generated-derivative","0","","","","","refactor","repository evidence",""
"asset:assets/images/blog/derived/blog_5-320.jpg","asset","assets/images/blog/derived/blog_5-320.jpg","image","jpg","7260","b23aa6b212448c279ed59138bc8bc6ce29420a00693c019ccc2712bb19cba233","generated-derivative","0","","","","","refactor","repository evidence",""
"asset:assets/images/blog/derived/blog_5-320.webp","asset","assets/images/blog/derived/blog_5-320.webp","image","webp","3618","b5d963554ec8dcf7b17615e1f0cfe8b11a02f35b0c49826ba8fb505cea14936d","generated-derivative","0","","","","","refactor","repository evidence",""
"asset:assets/images/blog/derived/blog_5-640.avif","asset","assets/images/blog/derived/blog_5-640.avif","image","avif","6137","4d5c95a964705f86a2ea8d9b59d5a7b6ee55e569d76579c4d3293e522c755eca","generated-derivative","0","","","","","refactor","repository evidence",""
"asset:assets/images/blog/derived/blog_5-640.jpg","asset","assets/images/blog/derived/blog_5-640.jpg","image","jpg","19642","c60fb952a1e2dfa321fcb80c982335efe3909ff0617e5610915ddb12dc8bf7ac","generated-derivative","0","","","","","refactor","repository evidence",""
"asset:assets/images/blog/derived/blog_5-640.webp","asset","assets/images/blog/derived/blog_5-640.webp","image","webp","9084","66aaf0957d61daa8ac06e52bb3be8835a54b184f92fc80797b4d2a19e7258d60","generated-derivative","0","","","","","refactor","repository evidence",""
"asset:assets/images/blog/derived/blog_5-960.avif","asset","assets/images/blog/derived/blog_5-960.avif","image","avif","9705","8cbe21a9a34487923f353122a96cc3165b6c04c9a52138ac3a118275a946edb0","generated-derivative","0","","","","","refactor","repository evidence",""
"asset:assets/images/blog/derived/blog_5-960.jpg","asset","assets/images/blog/derived/blog_5-960.jpg","image","jpg","34752","565b9cd9aba485a2739a8fdf6f291c386ee798a8a3248e960102e6fe006444b0","generated-derivative","0","","","","","refactor","repository evidence",""
"asset:assets/images/blog/derived/blog_5-960.webp","asset","assets/images/blog/derived/blog_5-960.webp","image","webp","15312","4771ec2c52aee1d3a812d4e44c4983341d1370330f2efcb7a4b07c8a4aae21d8","generated-derivative","0","","","","","refactor","repository evidence",""
"asset:assets/images/blog/derived/blog_6-1280.avif","asset","assets/images/blog/derived/blog_6-1280.avif","image","avif","23613","cecdd78e5e19576c4342f38b33499f7dda74b87443a0d66b6a406c4d8b801fe3","generated-derivative","0","","","","","refactor","repository evidence",""
"asset:assets/images/blog/derived/blog_6-1280.jpg","asset","assets/images/blog/derived/blog_6-1280.jpg","image","jpg","72554","2ce9f42f9d57c80566c763f8f004e1eb3098f7b86196b925d23b2298812e96ae","generated-derivative","0","","","","","refactor","repository evidence",""
"asset:assets/images/blog/derived/blog_6-1280.webp","asset","assets/images/blog/derived/blog_6-1280.webp","image","webp","41188","43a8483eda5848371753068100f93f9dd4cc11697d14fb1875e27c637f9cbdfe","generated-derivative","0","","","","","refactor","repository evidence",""
"asset:assets/images/blog/derived/blog_6-320.avif","asset","assets/images/blog/derived/blog_6-320.avif","image","avif","5071","11fbf068e966c8eba4e5994378dd6ef44069474df37556cbb4cfdd36407528e9","generated-derivative","0","","","","","refactor","repository evidence",""
"asset:assets/images/blog/derived/blog_6-320.jpg","asset","assets/images/blog/derived/blog_6-320.jpg","image","jpg","9854","ce550142f71765afabebb1ec693329db6210986c2a70fbcdb5385b47601d4854","generated-derivative","0","","","","","refactor","repository evidence",""
"asset:assets/images/blog/derived/blog_6-320.webp","asset","assets/images/blog/derived/blog_6-320.webp","image","webp","6192","f2d8b9fe057a34679a5d4b0ecac83fb8c23070898a8266addb80a87af2fb3e25","generated-derivative","0","","","","","refactor","repository evidence",""
"asset:assets/images/blog/derived/blog_6-640.avif","asset","assets/images/blog/derived/blog_6-640.avif","image","avif","10679","941bc8f51ba5a7173e0f6272180e361e33e522fff944fb59f91c2ff17c7137cc","generated-derivative","0","","","","","refactor","repository evidence",""
"asset:assets/images/blog/derived/blog_6-640.jpg","asset","assets/images/blog/derived/blog_6-640.jpg","image","jpg","26562","a1091bcd4fdbafbf5540382f3a93df96ac695e5b32dfa615dc292134483b8fbb","generated-derivative","0","","","","","refactor","repository evidence",""
"asset:assets/images/blog/derived/blog_6-640.webp","asset","assets/images/blog/derived/blog_6-640.webp","image","webp","15688","7e8a8b77bfcff40b8c605a6c7225fcc1abfa5a4da755e8ae7b9e8e18a55df079","generated-derivative","0","","","","","refactor","repository evidence",""
"asset:assets/images/blog/derived/blog_6-960.avif","asset","assets/images/blog/derived/blog_6-960.avif","image","avif","17784","5aea73c777b833cc385b9b0d61981befa48ce534a9ecdbf82e45f387a17e56a8","generated-derivative","0","","","","","refactor","repository evidence",""
"asset:assets/images/blog/derived/blog_6-960.jpg","asset","assets/images/blog/derived/blog_6-960.jpg","image","jpg","48677","e10b5be18de18baf0d45b3ce875a4dbc8f0964e85b627f37c82988e9985db29d","generated-derivative","0","","","","","refactor","repository evidence",""
"asset:assets/images/blog/derived/blog_6-960.webp","asset","assets/images/blog/derived/blog_6-960.webp","image","webp","27944","a955619f62ed075e7206259fa124555ad9ee1006d4b64e3ccf5844f0e5c679f1","generated-derivative","0","","","","","refactor","repository evidence",""
"asset:assets/images/blog/derived/blog_7-1280.avif","asset","assets/images/blog/derived/blog_7-1280.avif","image","avif","23002","5ddd05bdee408e279abcb2dfbd2a32d0d40550332fa3fbd4eecb800b6c87b809","generated-derivative","0","","","","","refactor","repository evidence",""
"asset:assets/images/blog/derived/blog_7-1280.jpg","asset","assets/images/blog/derived/blog_7-1280.jpg","image","jpg","78109","ca3b56f8f3f525103749bd9cfeed8d9e00d5cffcf97dea63257ef35cd0dd2da0","generated-derivative","1","blog/ai-website-tools-uk-small-businesses-2026.html","","","","refactor","repository evidence",""
"asset:assets/images/blog/derived/blog_7-1280.webp","asset","assets/images/blog/derived/blog_7-1280.webp","image","webp","40418","ac39b55fb5531535668596a2f7e20414593ad016baa702efab3225a045554c6f","generated-derivative","0","","","","","refactor","repository evidence",""
"asset:assets/images/blog/derived/blog_7-320.avif","asset","assets/images/blog/derived/blog_7-320.avif","image","avif","3861","7d6e41003d61a643253220fcb5b774c4d05e6f3ea6b64494a09b48191176a10d","generated-derivative","0","","","","","refactor","repository evidence",""
"asset:assets/images/blog/derived/blog_7-320.jpg","asset","assets/images/blog/derived/blog_7-320.jpg","image","jpg","9127","1b2a0a107b3b741208d6929f8bc8c5ebdc902d022b34f566bdc207333a327faa","generated-derivative","1","blog.html","","","","refactor","repository evidence",""
"asset:assets/images/blog/derived/blog_7-320.webp","asset","assets/images/blog/derived/blog_7-320.webp","image","webp","5280","b9f5cebf31a8bb6cfdda823ace58a9569915c399d9de7fc292004e5ee3a37edc","generated-derivative","0","","","","","refactor","repository evidence",""
"asset:assets/images/blog/derived/blog_7-640.avif","asset","assets/images/blog/derived/blog_7-640.avif","image","avif","9547","cc5248a19559ea3c40100d584da5228225ad86e2c3f97d6845fd520309d897b8","generated-derivative","0","","","","","refactor","repository evidence",""
"asset:assets/images/blog/derived/blog_7-640.jpg","asset","assets/images/blog/derived/blog_7-640.jpg","image","jpg","27886","49438c0355547fc46a5ece50670c78610bb69dfd1ab194ec0ab339ceaae7d5e6","generated-derivative","2","blog/ai-website-tools-uk-small-businesses-2026.html | blog.html","","","","refactor","repository evidence",""
"asset:assets/images/blog/derived/blog_7-640.webp","asset","assets/images/blog/derived/blog_7-640.webp","image","webp","15330","8921becbe866d40a2cf33b0da051e7deb3599ead22c32429e290fff490c5d1ca","generated-derivative","0","","","","","refactor","repository evidence",""
"asset:assets/images/blog/derived/blog_7-960.avif","asset","assets/images/blog/derived/blog_7-960.avif","image","avif","16287","3ccd628838235b8e6e15d9c6e4b8420825eac76cf018b80bf08f5a9ad21626a9","generated-derivative","0","","","","","refactor","repository evidence",""
"asset:assets/images/blog/derived/blog_7-960.jpg","asset","assets/images/blog/derived/blog_7-960.jpg","image","jpg","51533","79dea517040c73fe4d04222bc7890efacf6e777d7a3b7b33ec4b54350b550a47","generated-derivative","2","blog/ai-website-tools-uk-small-businesses-2026.html | blog.html","","","","refactor","repository evidence",""
"asset:assets/images/blog/derived/blog_7-960.webp","asset","assets/images/blog/derived/blog_7-960.webp","image","webp","26994","ee66aff22d45416a834c9e2e855aab0dd2be43ae32395d7c3497e67083fac5e4","generated-derivative","0","","","","","refactor","repository evidence",""
"asset:assets/images/blog/derived/blog_8-1280.avif","asset","assets/images/blog/derived/blog_8-1280.avif","image","avif","11680","92038c4ce7e5756b6114fb760ec3f816e1fff0bb8ddfcadf44e6b424a9893479","generated-derivative","0","","","","","refactor","repository evidence",""
"asset:assets/images/blog/derived/blog_8-1280.jpg","asset","assets/images/blog/derived/blog_8-1280.jpg","image","jpg","42492","ba87b27abefb89269006d06c5ca6b7cca527b543d83c0a0fed3082646e442196","generated-derivative","1","blog/ai-voice-agents-uk-smes-2026.html","","","","refactor","repository evidence",""
"asset:assets/images/blog/derived/blog_8-1280.webp","asset","assets/images/blog/derived/blog_8-1280.webp","image","webp","20330","4b3a8598535ba3462486b71aa96b0f3c6ecfb2bc020a8d435c4a81c08202602e","generated-derivative","0","","","","","refactor","repository evidence",""
"asset:assets/images/blog/derived/blog_8-320.avif","asset","assets/images/blog/derived/blog_8-320.avif","image","avif","2162","1ff24bef43c0b5f14c9f347852b7e0a67b732ccad34da10dad967444a4ad1e25","generated-derivative","0","","","","","refactor","repository evidence",""
"asset:assets/images/blog/derived/blog_8-320.jpg","asset","assets/images/blog/derived/blog_8-320.jpg","image","jpg","4908","9e91a0bf8213afc9333e1c03a79814c63bc20f4eddbac2eef5e936ca494612f8","generated-derivative","1","blog.html","","","","refactor","repository evidence",""
"asset:assets/images/blog/derived/blog_8-320.webp","asset","assets/images/blog/derived/blog_8-320.webp","image","webp","2644","e769a3b84a6b626c773db7566fcaa37d34e1bba8b2df91bff63f9cba426871a7","generated-derivative","0","","","","","refactor","repository evidence",""
"asset:assets/images/blog/derived/blog_8-640.avif","asset","assets/images/blog/derived/blog_8-640.avif","image","avif","4942","8deceb621c212318acf9b4df08f5e5ec73223562f22aadcaa3d4f40e14aa47fd","generated-derivative","0","","","","","refactor","repository evidence",""
"asset:assets/images/blog/derived/blog_8-640.jpg","asset","assets/images/blog/derived/blog_8-640.jpg","image","jpg","13810","7e80c0fa48b86aa19db0909eb67b2541c4400538a1e8d219792021d767503cbd","generated-derivative","2","blog/ai-voice-agents-uk-smes-2026.html | blog.html","","","","refactor","repository evidence",""
"asset:assets/images/blog/derived/blog_8-640.webp","asset","assets/images/blog/derived/blog_8-640.webp","image","webp","7094","a0d7d9bcdb5e3451c64fbb14d31f3816dcaaa68e6d36ce87656c88e573462ee4","generated-derivative","0","","","","","refactor","repository evidence",""
"asset:assets/images/blog/derived/blog_8-960.avif","asset","assets/images/blog/derived/blog_8-960.avif","image","avif","8405","87bb0ac2de8d55ea83f2a4b58f81ef1b060615c910451489dc4c7fc7f0f7892a","generated-derivative","0","","","","","refactor","repository evidence",""
"asset:assets/images/blog/derived/blog_8-960.jpg","asset","assets/images/blog/derived/blog_8-960.jpg","image","jpg","26799","67a45e40fdc0749be0b027d64808cbb5558a9cb2ee10ce9c3e1a682bfcd0f8cc","generated-derivative","2","blog/ai-voice-agents-uk-smes-2026.html | blog.html","","","","refactor","repository evidence",""
"asset:assets/images/blog/derived/blog_8-960.webp","asset","assets/images/blog/derived/blog_8-960.webp","image","webp","13072","0f42e6b801a38777ae6b4166c028d6586552c79547b3f961ae91f05aa99ba309","generated-derivative","0","","","","","refactor","repository evidence",""
"asset:assets/images/blog/derived/blog_9-1280.avif","asset","assets/images/blog/derived/blog_9-1280.avif","image","avif","22236","4163f4ebf3ad97013c53d4af02c8ff9736a997f29391b8ac1c2b6227522ecb68","generated-derivative","0","","","","","refactor","repository evidence",""
"asset:assets/images/blog/derived/blog_9-1280.jpg","asset","assets/images/blog/derived/blog_9-1280.jpg","image","jpg","75175","66a7f71e3d385b364e389abab1ba0ed62e792391f5390524bf48f9f4e57e432d","generated-derivative","1","blog/ai-automation-failures-uk-smes-2026.html","","","","refactor","repository evidence",""
"asset:assets/images/blog/derived/blog_9-1280.webp","asset","assets/images/blog/derived/blog_9-1280.webp","image","webp","42296","eac77d6452a87058b547d0a0cc2d499d04621ed1036106376f56153b51c4436e","generated-derivative","0","","","","","refactor","repository evidence",""
"asset:assets/images/blog/derived/blog_9-320.avif","asset","assets/images/blog/derived/blog_9-320.avif","image","avif","4327","739137523def03991fe279420d2ee56a25c3fb58e5b12f7bea3b63e0c28636f6","generated-derivative","0","","","","","refactor","repository evidence",""
"asset:assets/images/blog/derived/blog_9-320.jpg","asset","assets/images/blog/derived/blog_9-320.jpg","image","jpg","9589","c0b389d50c8b630f5d36956852f53453768c1388c2241e6c9b065f385f23fa39","generated-derivative","1","blog.html","","","","refactor","repository evidence",""
"asset:assets/images/blog/derived/blog_9-320.webp","asset","assets/images/blog/derived/blog_9-320.webp","image","webp","5814","7a32f474b52bcdd784118ecf0189a42df9a5eb5aeab8710b6cbd4e45bde97800","generated-derivative","0","","","","","refactor","repository evidence",""
"asset:assets/images/blog/derived/blog_9-640.avif","asset","assets/images/blog/derived/blog_9-640.avif","image","avif","10407","812c7f95e52906c2c55505e416b2bca0f0787a8b68659db31cc8de9345e9509d","generated-derivative","0","","","","","refactor","repository evidence",""
"asset:assets/images/blog/derived/blog_9-640.jpg","asset","assets/images/blog/derived/blog_9-640.jpg","image","jpg","27204","bc7861234555d0baba09e34f248a5b41d4ab72afb860f32eeae1bd15f5ce9c40","generated-derivative","2","blog/ai-automation-failures-uk-smes-2026.html | blog.html","","","","refactor","repository evidence",""
"asset:assets/images/blog/derived/blog_9-640.webp","asset","assets/images/blog/derived/blog_9-640.webp","image","webp","16080","efb8b9ecd44639913100ef14e6ccc80a01b9931823bb83f90b03c6a6114e535d","generated-derivative","0","","","","","refactor","repository evidence",""
"asset:assets/images/blog/derived/blog_9-960.avif","asset","assets/images/blog/derived/blog_9-960.avif","image","avif","16506","4156954076ee5daad91662c32ac192be02b2a8e416f1c4354a29dbf32bcd291b","generated-derivative","0","","","","","refactor","repository evidence",""
"asset:assets/images/blog/derived/blog_9-960.jpg","asset","assets/images/blog/derived/blog_9-960.jpg","image","jpg","48885","186fa74eae464f0e51e0652239d504d4d32b304678b6f66caad644efef5950e2","generated-derivative","2","blog/ai-automation-failures-uk-smes-2026.html | blog.html","","","","refactor","repository evidence",""
"asset:assets/images/blog/derived/blog_9-960.webp","asset","assets/images/blog/derived/blog_9-960.webp","image","webp","28438","5fb7cec1bd1b0fd7078ad88a94e248728a0ecd6d24da42fb173005a19a190b0a","generated-derivative","0","","","","","refactor","repository evidence",""
"asset:assets/images/blog_1.jpeg","asset","assets/images/blog_1.jpeg","image","jpeg","611389","ab0938594b1596e34662c16d9022c666e0ebd42065b68d6655fa40d89e1e4b45","authored-public-asset","1","codex/execplans/2026-03-10-blog-pages.md","","","","retain","repository evidence","byte-identical group (assets/images/blog/blog_1.jpeg | assets/images/blog_1.jpeg); 611389 bytes each; blog_1 basename collision can make derivative output order-dependent"
"asset:assets/images/body_section_parallax/body-section-background-2025.webp","asset","assets/images/body_section_parallax/body-section-background-2025.webp","image","webp","1475594","ee546ec97800cf6c5a78554d8b873907c9715702fbfe89017d4adf3a8897dca2","authored-public-asset","4","assets/js/app.js | codex/execplans/2026-03-10-blog-pages.md | codex/execplans/2026-03-23-desktop-body-background-marquee-timing.md | src/js/parallax.js","","","","retain","repository evidence",""
"asset:assets/images/email/.DS_Store","asset","assets/images/email/.DS_Store","image","","6148","7ff45409282b2eb88393227c81b42d6b776f3a63a7826887e86182d4b73107c4","unreferenced","0","","","","","unresolved","repository evidence","unreferenced by scanned public pages/source; ownership unresolved"
"asset:assets/images/email/1-1_business_chart-icon-and-flow_scale-beyond-human-limits.jpeg","asset","assets/images/email/1-1_business_chart-icon-and-flow_scale-beyond-human-limits.jpeg","image","jpeg","222074","cfa1ab0309599bf0c6cbba8b679b90c037756465f06e7b607a81f239b229f748","unreferenced","0","","","","","unresolved","repository evidence","unreferenced by scanned public pages/source; ownership unresolved"
"asset:assets/images/email/2-3_voicebot_globe-and-tablet_100k-conversations-zero-burnout.jpeg","asset","assets/images/email/2-3_voicebot_globe-and-tablet_100k-conversations-zero-burnout.jpeg","image","jpeg","302414","a0a5495d37b9aa8fe94b0bfa5eeb0c1e84a93abe9b4b9cb3702b0644cf5e3488","unreferenced","0","","","","","unresolved","repository evidence","unreferenced by scanned public pages/source; ownership unresolved"
"asset:assets/images/email/ChatGPT_Image_Jun_19_2026_07_37_42_PM_1500x500.jpg","asset","assets/images/email/ChatGPT_Image_Jun_19_2026_07_37_42_PM_1500x500.jpg","image","jpg","178275","9cbad70de7ec7eefd60929611fb8180d119bdb54d8a340e3ef6598d8ed4ff18c","unreferenced","0","","","","","unresolved","repository evidence","unreferenced by scanned public pages/source; ownership unresolved"
"asset:assets/images/email/Silverstone_28.jpeg","asset","assets/images/email/Silverstone_28.jpeg","image","jpeg","1170695","78cc82b3a46f10b21fd2b71ece4242316f59c50298e685e3ac62b9a37b296e0e","unreferenced","0","","","","","unresolved","repository evidence","byte-identical group (assets/images/email/Silverstone_28.jpeg | assets/images/zip/Silverstone_28.jpg); 1170695 bytes each; unreferenced by scanned public pages/source; ownership unresolved"
"asset:assets/images/email/booking-confirmation-email.jpg","asset","assets/images/email/booking-confirmation-email.jpg","image","jpg","593992","421cc1ad3c836bc65d4ef061e9c015066eaa22d061404bd1417f609fe7d1d70c","unreferenced","0","","","","","unresolved","repository evidence","unreferenced by scanned public pages/source; ownership unresolved"
"asset:assets/images/email/email-1-resend-v2.jpeg","asset","assets/images/email/email-1-resend-v2.jpeg","image","jpeg","116385","fa04168bfc41ffcbc15a163be5059be45adcd45b24e9a372dc71229f75306900","unreferenced","0","","","","","unresolved","repository evidence","unreferenced by scanned public pages/source; ownership unresolved"
"asset:assets/images/email/email-1.jpeg","asset","assets/images/email/email-1.jpeg","image","jpeg","243158","8219795084d51a7f12c62005079ad9ff10dac3714ee8fc466801900c21160961","unreferenced","0","","","","","unresolved","repository evidence","unreferenced by scanned public pages/source; ownership unresolved"
"asset:assets/images/email/email-2-resend-v2.jpeg","asset","assets/images/email/email-2-resend-v2.jpeg","image","jpeg","122363","b00537a6b0dcea703a9b100c129aa800df04481e67f842f125fc8ebe5ebe265f","unreferenced","0","","","","","unresolved","repository evidence","unreferenced by scanned public pages/source; ownership unresolved"
"asset:assets/images/email/email-2.jpeg","asset","assets/images/email/email-2.jpeg","image","jpeg","251715","554f01d212380188c15502b25a80e854bc5e6d3d75b7ecff6d97ee630ec60d2b","unreferenced","0","","","","","unresolved","repository evidence","unreferenced by scanned public pages/source; ownership unresolved"
"asset:assets/images/email/email-3-resend-v2.jpeg","asset","assets/images/email/email-3-resend-v2.jpeg","image","jpeg","93868","64510f7667efad9a7304dd93fc44ff77567b1df75b7d5186d107131e3139c275","unreferenced","0","","","","","unresolved","repository evidence","unreferenced by scanned public pages/source; ownership unresolved"
"asset:assets/images/email/email-3.jpeg","asset","assets/images/email/email-3.jpeg","image","jpeg","881775","851c9d55ed7578398b8ce93c00de9791313b770a704b78823dc38ec3b7d6e92e","unreferenced","0","","","","","unresolved","repository evidence","unreferenced by scanned public pages/source; ownership unresolved"
"asset:assets/images/email/email-4-resend-v2.jpeg","asset","assets/images/email/email-4-resend-v2.jpeg","image","jpeg","113937","8c3794feb783a2c40f5efa82fc2c500575b486bcd4a78c462c88ebf02d015a3e","unreferenced","0","","","","","unresolved","repository evidence","unreferenced by scanned public pages/source; ownership unresolved"
"asset:assets/images/email/email-4.jpeg","asset","assets/images/email/email-4.jpeg","image","jpeg","240148","d37c5eccb4f501ff467264b49f7c6bcd30c669faac3df58bd6b4a5ee61a65528","unreferenced","0","","","","","unresolved","repository evidence","unreferenced by scanned public pages/source; ownership unresolved"
"asset:assets/images/email/email-5-resend-v2.jpeg","asset","assets/images/email/email-5-resend-v2.jpeg","image","jpeg","105456","5cde3c4bd8326a691a5fbcb24d7cdbf71c2bd38ae27d82d1e753db6d158c13fb","unreferenced","0","","","","","unresolved","repository evidence","unreferenced by scanned public pages/source; ownership unresolved"
"asset:assets/images/email/email-5.jpeg","asset","assets/images/email/email-5.jpeg","image","jpeg","230159","555bc168e100a3143a5e47200d7ab2932bfa2cef11ddb32654be40a1b1fae4ed","unreferenced","0","","","","","unresolved","repository evidence","unreferenced by scanned public pages/source; ownership unresolved"
"asset:assets/images/email/email-6-resend-v2.jpeg","asset","assets/images/email/email-6-resend-v2.jpeg","image","jpeg","107959","4c89baf0524f1f677b22ac97cbb69200da53cc4d12b1f5d3e2ef8392eb9fce69","unreferenced","0","","","","","unresolved","repository evidence","unreferenced by scanned public pages/source; ownership unresolved"
"asset:assets/images/email/email-6.jpeg","asset","assets/images/email/email-6.jpeg","image","jpeg","225697","93a4340da9ade919321954d5ae1b0f0463cd91c239908fd628df39d9ea20fda8","unreferenced","0","","","","","unresolved","repository evidence","unreferenced by scanned public pages/source; ownership unresolved"
"asset:assets/images/email/email-7-resend-v2.jpeg","asset","assets/images/email/email-7-resend-v2.jpeg","image","jpeg","84758","fdb372e8ef19d9f43f4a888bf434e3e76550d0315459567765e972af9c2adbcc","unreferenced","0","","","","","unresolved","repository evidence","unreferenced by scanned public pages/source; ownership unresolved"
"asset:assets/images/email/email-7.jpeg","asset","assets/images/email/email-7.jpeg","image","jpeg","186534","c19913659553e935ed4a725f1df89218914fa76b774a328c9bbf934a03da0790","unreferenced","0","","","","","unresolved","repository evidence","unreferenced by scanned public pages/source; ownership unresolved"
"asset:assets/images/email/email-8-resend-v2.jpeg","asset","assets/images/email/email-8-resend-v2.jpeg","image","jpeg","115675","b9b50b8fbcb7a11dfaca27e0e9435c4b018b96117ac7386c789c4d1589f6b759","unreferenced","0","","","","","unresolved","repository evidence","unreferenced by scanned public pages/source; ownership unresolved"
"asset:assets/images/email/email-8.jpeg","asset","assets/images/email/email-8.jpeg","image","jpeg","241424","110d5f34aa3882915f9f2fdf0c7c8f8521dc30f7cb1deec6e1f9a5371e03884b","unreferenced","0","","","","","unresolved","repository evidence","unreferenced by scanned public pages/source; ownership unresolved"
"asset:assets/images/email/email-background.jpeg","asset","assets/images/email/email-background.jpeg","image","jpeg","219580","7102609817420380d409edfd94e7a913befb77de8e5f288712b300b93d6a34d3","unreferenced","0","","","","","unresolved","repository evidence","unreferenced by scanned public pages/source; ownership unresolved"
"asset:assets/images/email/email-intro-resend-v2.jpeg","asset","assets/images/email/email-intro-resend-v2.jpeg","image","jpeg","100330","92b34812e0179f7ad82e42ad0775b2dd1b45e543faaeb49cab52daafe6d9762e","unreferenced","0","","","","","unresolved","repository evidence","unreferenced by scanned public pages/source; ownership unresolved"
"asset:assets/images/email/email-intro.jpeg","asset","assets/images/email/email-intro.jpeg","image","jpeg","220207","b023338274e123d562b499b1ccc6ac4f9a4bad8a1da200d7fe6823dbf4bef55d","unreferenced","0","","","","","unresolved","repository evidence","unreferenced by scanned public pages/source; ownership unresolved"
"asset:assets/images/email/freepik-technology-linkedin-profile-cover-202604231741168nv8.jpeg","asset","assets/images/email/freepik-technology-linkedin-profile-cover-202604231741168nv8.jpeg","image","jpeg","51247","00a9c5ceeb6f5fe5b68ec57d172282e843de178bc89abc047409f848bffeebe6","unreferenced","0","","","","","unresolved","repository evidence","unreferenced by scanned public pages/source; ownership unresolved"
"asset:assets/images/email/freepik-technology-linkedin-profile-cover-202604231741304HZX.png","asset","assets/images/email/freepik-technology-linkedin-profile-cover-202604231741304HZX.png","image","png","914923","f542c72393ce88af9a465a6a418d42c4e0c582d7414e78360964900d74b84756","unreferenced","0","","","","","unresolved","repository evidence","unreferenced by scanned public pages/source; ownership unresolved"
"asset:assets/images/email/freepik-technology-linkedin-profile-cover-202604231741304HZX_1_700x175.jpeg","asset","assets/images/email/freepik-technology-linkedin-profile-cover-202604231741304HZX_1_700x175.jpeg","image","jpeg","45421","e7b8ef84e7bc45618f0119db3aecf2331cbfd37fdac59f2bd459036f1cd3f320","unreferenced","0","","","","","unresolved","repository evidence","unreferenced by scanned public pages/source; ownership unresolved"
"asset:assets/images/email/freepik-technology-linkedin-profile-cover-202604231741304HZX_1_700x175.png","asset","assets/images/email/freepik-technology-linkedin-profile-cover-202604231741304HZX_1_700x175.png","image","png","172280","e2ce73f5a593a372b3dc8246b2149a2d133f5a8064cb99399ca1b7a9e0334011","unreferenced","0","","","","","unresolved","repository evidence","unreferenced by scanned public pages/source; ownership unresolved"
"asset:assets/images/email/freepik-technology-linkedin-profile-cover-202604231741304HZX_600x150.jpeg","asset","assets/images/email/freepik-technology-linkedin-profile-cover-202604231741304HZX_600x150.jpeg","image","jpeg","35987","28fe3963f1eef1ee53cd459dc91de8e80c30f37ad46fef294e674b4215b619b5","unreferenced","0","","","","","unresolved","repository evidence","unreferenced by scanned public pages/source; ownership unresolved"
"asset:assets/images/email/freepik-technology-linkedin-profile-cover-202604231741304HZX_600x150.png","asset","assets/images/email/freepik-technology-linkedin-profile-cover-202604231741304HZX_600x150.png","image","png","128348","22a67090f31e8b6307823d298b1204dc196a6113fe2347d3d6dbf5dab3a3ccc8","unreferenced","0","","","","","unresolved","repository evidence","unreferenced by scanned public pages/source; ownership unresolved"
"asset:assets/images/email/physio-1.jpg","asset","assets/images/email/physio-1.jpg","image","jpg","753954","cb72411d52482049145097ec731fdaabd2cfe92cb2cf5f566dec4d136a0c0e73","unreferenced","0","","","","","unresolved","repository evidence","unreferenced by scanned public pages/source; ownership unresolved"
"asset:assets/images/email/physio-3.jpg","asset","assets/images/email/physio-3.jpg","image","jpg","768393","aaac01ceb6cb59a4a822f653171c1b102522434b8318130e80a8eadafbd2f2a3","unreferenced","0","","","","","unresolved","repository evidence","unreferenced by scanned public pages/source; ownership unresolved"
"asset:assets/images/email/physio-4.jpg","asset","assets/images/email/physio-4.jpg","image","jpg","868959","69d7e63bfb238c26c6663c7195b533cbf9790239c930bdb4959181c724f369e6","unreferenced","0","","","","","unresolved","repository evidence","unreferenced by scanned public pages/source; ownership unresolved"
"asset:assets/images/email/silverstone-logo-new-resend-v2.jpg","asset","assets/images/email/silverstone-logo-new-resend-v2.jpg","image","jpg","20767","896e0f8ad3ce8aa95624c661b7b08355228ec504a3ec5733db3864a80afe821c","unreferenced","0","","","","","unresolved","repository evidence","unreferenced by scanned public pages/source; ownership unresolved"
"asset:assets/images/email/silverstone-logo-new.jpg","asset","assets/images/email/silverstone-logo-new.jpg","image","jpg","57439","edb166360d1896baa0ef1204ad06643ea35be43ecf96d7dee4aa8cf324132c50","unreferenced","0","","","","","unresolved","repository evidence","unreferenced by scanned public pages/source; ownership unresolved"
"asset:assets/images/socialmedia/.DS_Store","asset","assets/images/socialmedia/.DS_Store","image","","6148","f10501889fc19b8d5b7dd2c2dd3611d8d1d0327a3c16778c5cd6b164b3c509d5","unreferenced","0","","","","","unresolved","repository evidence","unreferenced by scanned public pages/source; ownership unresolved"
"asset:assets/images/socialmedia/1-1_Trades_Grid.jpg","asset","assets/images/socialmedia/1-1_Trades_Grid.jpg","image","jpg","982419","433ccfe4bfdd3f7fe00f37cb99e2c2a9ab4e20997f9b3021dc2dd5e010f6f5a0","authored-public-asset","1","scripts/optimize-images.js","","","","retain","repository evidence",""
"asset:assets/images/socialmedia/1-1_business_chart-icon-and-flow_scale-beyond-human-limits.jpg","asset","assets/images/socialmedia/1-1_business_chart-icon-and-flow_scale-beyond-human-limits.jpg","image","jpg","293223","d20ce326956f69d6155777b9ec41b1bb5cbe9c2f941aa2519a5fb1e321d9b0d9","unreferenced","0","","","","","unresolved","repository evidence","unreferenced by scanned public pages/source; ownership unresolved"
"asset:assets/images/socialmedia/1-1_business_chart-icon-and-flow_scale-beyond-human-limits.webp","asset","assets/images/socialmedia/1-1_business_chart-icon-and-flow_scale-beyond-human-limits.webp","image","webp","71728","424714098fef6196babaac8f82b446ac56f68fc9ad5458b4cf56398619edf2c2","authored-public-asset","2","assets/js/app.js | src/js/marquee.js","","","","retain","repository evidence",""
"asset:assets/images/socialmedia/1-1_business_monitor-graphs_10k-lost-overnight.jpg","asset","assets/images/socialmedia/1-1_business_monitor-graphs_10k-lost-overnight.jpg","image","jpg","226833","bebdb3d92cc65a5dfeb965743b9fdc0b8fbffd7425f071dfcbb804b284343c5b","unreferenced","0","","","","","unresolved","repository evidence","unreferenced by scanned public pages/source; ownership unresolved"
"asset:assets/images/socialmedia/1-1_business_monitor-graphs_10k-lost-overnight.webp","asset","assets/images/socialmedia/1-1_business_monitor-graphs_10k-lost-overnight.webp","image","webp","56736","81d44210f72f79b25a60e5e07dd3004c536fb67ebb41f362fc0e3bfc5fc8f518","authored-public-asset","2","assets/js/app.js | src/js/marquee.js","","","","retain","repository evidence",""
"asset:assets/images/socialmedia/1-1_ecommerce_laptop-and-customer-hub_dms-calls-whatsapps-answered.jpg","asset","assets/images/socialmedia/1-1_ecommerce_laptop-and-customer-hub_dms-calls-whatsapps-answered.jpg","image","jpg","327407","1a35c36e71f20064e68b51fea0707a543a8584071aa132fbaf392adfc60f171a","unreferenced","0","","","","","unresolved","repository evidence","unreferenced by scanned public pages/source; ownership unresolved"
"asset:assets/images/socialmedia/1-1_ecommerce_laptop-and-customer-hub_dms-calls-whatsapps-answered.webp","asset","assets/images/socialmedia/1-1_ecommerce_laptop-and-customer-hub_dms-calls-whatsapps-answered.webp","image","webp","85072","186d0152e08e002f51c4d5df2fed9ce9e6989cd7c69d77391b722af10632b847","authored-public-asset","2","assets/js/app.js | src/js/marquee.js","","","","retain","repository evidence",""
"asset:assets/images/socialmedia/1-1_legal_desk-phone-with-scales_stop-losing-good-cases-to-voicemail.jpg","asset","assets/images/socialmedia/1-1_legal_desk-phone-with-scales_stop-losing-good-cases-to-voicemail.jpg","image","jpg","284405","b792ea185795667f3732d7c6bd19033c8f1164cc5905d7e646bac5ca0aeee7a1","unreferenced","0","","","","","unresolved","repository evidence","unreferenced by scanned public pages/source; ownership unresolved"
"asset:assets/images/socialmedia/1-1_legal_desk-phone-with-scales_stop-losing-good-cases-to-voicemail.webp","asset","assets/images/socialmedia/1-1_legal_desk-phone-with-scales_stop-losing-good-cases-to-voicemail.webp","image","webp","79774","5b11ecbbc12a81c52ad6f45397bc697b69c46ee7ff77000864a625e90d1609aa","authored-public-asset","2","assets/js/app.js | src/js/marquee.js","","","","retain","repository evidence",""
"asset:assets/images/socialmedia/1-1_marketing_boardroom-messages_your-prospects-can-tell.jpg","asset","assets/images/socialmedia/1-1_marketing_boardroom-messages_your-prospects-can-tell.jpg","image","jpg","292424","5d2467802bb12420862ec854987b80333108a801935be0544226bf3ad7ef666d","unreferenced","0","","","","","unresolved","repository evidence","unreferenced by scanned public pages/source; ownership unresolved"
"asset:assets/images/socialmedia/1-1_marketing_boardroom-messages_your-prospects-can-tell.webp","asset","assets/images/socialmedia/1-1_marketing_boardroom-messages_your-prospects-can-tell.webp","image","webp","75648","1d12ca068817f59351823e897724f869da0102114f82e243b659de29cfe27826","authored-public-asset","2","assets/js/app.js | src/js/marquee.js","","","","retain","repository evidence",""
"asset:assets/images/socialmedia/1-1_recruitment_desk-with-candidate-ring_handle-the-next-five.jpg","asset","assets/images/socialmedia/1-1_recruitment_desk-with-candidate-ring_handle-the-next-five.jpg","image","jpg","345641","6e361093b5b4c8af8eb0aad2711bc41ccb005550b2fa9cf4b814b7089edb8784","unreferenced","0","","","","","unresolved","repository evidence","unreferenced by scanned public pages/source; ownership unresolved"
"asset:assets/images/socialmedia/1-1_recruitment_desk-with-candidate-ring_handle-the-next-five.webp","asset","assets/images/socialmedia/1-1_recruitment_desk-with-candidate-ring_handle-the-next-five.webp","image","webp","108208","ccf777584ef3c48188b8bd76fe2ba3b38f0f7f7e51846934c52a39855040f82b","authored-public-asset","2","assets/js/app.js | src/js/marquee.js","","","","retain","repository evidence",""
"asset:assets/images/socialmedia/1-1_voiceagents_digital-dashboard_scale-beyond-human-limits.jpg","asset","assets/images/socialmedia/1-1_voiceagents_digital-dashboard_scale-beyond-human-limits.jpg","image","jpg","210753","8c8f19aba9ddfca2e16768532f37774f90b2d59233700b7b8dd57eb2eabab08b","unreferenced","0","","","","","unresolved","repository evidence","unreferenced by scanned public pages/source; ownership unresolved"
"asset:assets/images/socialmedia/1-1_voiceagents_digital-dashboard_scale-beyond-human-limits.webp","asset","assets/images/socialmedia/1-1_voiceagents_digital-dashboard_scale-beyond-human-limits.webp","image","webp","54224","82d40c9332ec11b71f0c5ecae2f66c4de34d69f1d98a1bcb77f6110b7ff7e430","authored-public-asset","2","assets/js/app.js | src/js/marquee.js","","","","retain","repository evidence",""
"asset:assets/images/socialmedia/2-3_accounting_man-with-holographic-call_tax-season-calls-never-missed.jpg","asset","assets/images/socialmedia/2-3_accounting_man-with-holographic-call_tax-season-calls-never-missed.jpg","image","jpg","140533","ece5e9cfe6a1a2a1fba901df2d3bee5a90719991feaf1d8c5243180f91af31e7","unreferenced","0","","","","","unresolved","repository evidence","unreferenced by scanned public pages/source; ownership unresolved"
"asset:assets/images/socialmedia/2-3_accounting_man-with-holographic-call_tax-season-calls-never-missed.webp","asset","assets/images/socialmedia/2-3_accounting_man-with-holographic-call_tax-season-calls-never-missed.webp","image","webp","91002","2718aa8f832e7cbf2fd28ec65b6344f5d305351605bf44befacd4efad7c5ecb3","authored-public-asset","2","assets/js/app.js | src/js/marquee.js","","","","retain","repository evidence",""
"asset:assets/images/socialmedia/2-3_accounting_office-with-swirling-invoices_tax-season-calls-never-missed.jpg","asset","assets/images/socialmedia/2-3_accounting_office-with-swirling-invoices_tax-season-calls-never-missed.jpg","image","jpg","133485","5d8ad00ccdd35608b05e12780a787368d124b38d684630edc1e7be06bc20ecf1","unreferenced","0","","","","","unresolved","repository evidence","unreferenced by scanned public pages/source; ownership unresolved"
"asset:assets/images/socialmedia/2-3_accounting_office-with-swirling-invoices_tax-season-calls-never-missed.webp","asset","assets/images/socialmedia/2-3_accounting_office-with-swirling-invoices_tax-season-calls-never-missed.webp","image","webp","76342","e2bc1c454e756156cda2910301952f6ff9013996e823dc02722dc95e4cefd1fe","authored-public-asset","2","assets/js/app.js | src/js/marquee.js","","","","retain","repository evidence",""
"asset:assets/images/socialmedia/2-3_ai_phone-processing_connect-automate-grow 2.jpg","asset","assets/images/socialmedia/2-3_ai_phone-processing_connect-automate-grow 2.jpg","image","jpg","271252","8db6d6e366a1cce852e9c56150ce404d424fc03a3ad2ce6b9189a6d61bb1469c","unreferenced","0","","","","","unresolved","repository evidence","byte-identical group (assets/images/socialmedia/2-3_ai_phone-processing_connect-automate-grow 2.jpg | assets/images/socialmedia/2-3_ai_phone-processing_connect-automate-grow.jpg); 271252 bytes each; unreferenced by scanned public pages/source; ownership unresolved"
"asset:assets/images/socialmedia/2-3_ai_phone-processing_connect-automate-grow 2.webp","asset","assets/images/socialmedia/2-3_ai_phone-processing_connect-automate-grow 2.webp","image","webp","44826","38587039e9a8a8d3103a2ba7cebcc9cf82f1c2a09c297cb2a8e8c1d6dfaaa2d4","authored-public-asset","2","assets/js/app.js | src/js/marquee.js","","","","retain","repository evidence","byte-identical group (assets/images/socialmedia/2-3_ai_phone-processing_connect-automate-grow 2.webp | assets/images/socialmedia/2-3_ai_phone-processing_connect-automate-grow.webp); 44826 bytes each"
"asset:assets/images/socialmedia/2-3_ai_phone-processing_connect-automate-grow.jpg","asset","assets/images/socialmedia/2-3_ai_phone-processing_connect-automate-grow.jpg","image","jpg","271252","8db6d6e366a1cce852e9c56150ce404d424fc03a3ad2ce6b9189a6d61bb1469c","unreferenced","0","","","","","unresolved","repository evidence","byte-identical group (assets/images/socialmedia/2-3_ai_phone-processing_connect-automate-grow 2.jpg | assets/images/socialmedia/2-3_ai_phone-processing_connect-automate-grow.jpg); 271252 bytes each; unreferenced by scanned public pages/source; ownership unresolved"
"asset:assets/images/socialmedia/2-3_ai_phone-processing_connect-automate-grow.webp","asset","assets/images/socialmedia/2-3_ai_phone-processing_connect-automate-grow.webp","image","webp","44826","38587039e9a8a8d3103a2ba7cebcc9cf82f1c2a09c297cb2a8e8c1d6dfaaa2d4","authored-public-asset","2","assets/js/app.js | src/js/marquee.js","","","","retain","repository evidence","byte-identical group (assets/images/socialmedia/2-3_ai_phone-processing_connect-automate-grow 2.webp | assets/images/socialmedia/2-3_ai_phone-processing_connect-automate-grow.webp); 44826 bytes each"
"asset:assets/images/socialmedia/2-3_ai_smartphone-call-completed_automate-what-matters.jpg","asset","assets/images/socialmedia/2-3_ai_smartphone-call-completed_automate-what-matters.jpg","image","jpg","388441","da73c70f62eb3b0675f555c639a21d23ad27147334126fcbd93bcdd7b6cf55f4","unreferenced","0","","","","","unresolved","repository evidence","unreferenced by scanned public pages/source; ownership unresolved"
"asset:assets/images/socialmedia/2-3_ai_smartphone-call-completed_automate-what-matters.webp","asset","assets/images/socialmedia/2-3_ai_smartphone-call-completed_automate-what-matters.webp","image","webp","68012","4ce3582e42ad7203286f8333776d7c082c6fe4025d347d653570911598ce4257","authored-public-asset","2","assets/js/app.js | src/js/marquee.js","","","","retain","repository evidence",""
"asset:assets/images/socialmedia/2-3_analytics_dashboard_ai-clarity-for-human-performance.jpg","asset","assets/images/socialmedia/2-3_analytics_dashboard_ai-clarity-for-human-performance.jpg","image","jpg","461572","33fd3fd2d2bc6adb44c874228a751915523abc6ae3a5a70f9cc25cdda47e3922","unreferenced","0","","","","","unresolved","repository evidence","unreferenced by scanned public pages/source; ownership unresolved"
"asset:assets/images/socialmedia/2-3_analytics_dashboard_ai-clarity-for-human-performance.webp","asset","assets/images/socialmedia/2-3_analytics_dashboard_ai-clarity-for-human-performance.webp","image","webp","86370","16c32b514d1a8fad0ee574fc0386eba44ec404f7ec60ab7c9dff3d841f85492e","authored-public-asset","2","assets/js/app.js | src/js/marquee.js","","","","retain","repository evidence",""
"asset:assets/images/socialmedia/2-3_auto_mechanic-with-phone_while-you-fix-cars.jpg","asset","assets/images/socialmedia/2-3_auto_mechanic-with-phone_while-you-fix-cars.jpg","image","jpg","525406","18246649597542a2b2cbd6dc3d4eb5a1a2b558c1d4d5429927a6c434b244212e","unreferenced","0","","","","","unresolved","repository evidence","unreferenced by scanned public pages/source; ownership unresolved"
"asset:assets/images/socialmedia/2-3_auto_mechanic-with-phone_while-you-fix-cars.webp","asset","assets/images/socialmedia/2-3_auto_mechanic-with-phone_while-you-fix-cars.webp","image","webp","141288","2ca5f0b14f356ca1b8bc21adbe0eb088ee6412145eac6026ce7244c07f9b400c","authored-public-asset","2","assets/js/app.js | src/js/marquee.js","","","","retain","repository evidence",""
"asset:assets/images/socialmedia/2-3_automation_charts-scale_scale-your-output-with-ai.jpg","asset","assets/images/socialmedia/2-3_automation_charts-scale_scale-your-output-with-ai.jpg","image","jpg","225659","135f73ed9986622d953c1058da84d8854c6c18f8ad0f834fb0bd5c50ae2cc104","unreferenced","0","","","","","unresolved","repository evidence","unreferenced by scanned public pages/source; ownership unresolved"
"asset:assets/images/socialmedia/2-3_automation_charts-scale_scale-your-output-with-ai.webp","asset","assets/images/socialmedia/2-3_automation_charts-scale_scale-your-output-with-ai.webp","image","webp","84618","2fdb6f70f62c6b6d08f5679a214c7418cc084291019b5c81a2accb06d56637f4","authored-public-asset","2","assets/js/app.js | src/js/marquee.js","","","","retain","repository evidence",""
"asset:assets/images/socialmedia/2-3_charity_call-centre-triage_every-caller-feels-heard.jpg","asset","assets/images/socialmedia/2-3_charity_call-centre-triage_every-caller-feels-heard.jpg","image","jpg","472695","f34e6a14c414a6473af745f1670105e8f4a27fbadc61e3b198f2cfdd61282528","unreferenced","0","","","","","unresolved","repository evidence","unreferenced by scanned public pages/source; ownership unresolved"
"asset:assets/images/socialmedia/2-3_charity_call-centre-triage_every-caller-feels-heard.webp","asset","assets/images/socialmedia/2-3_charity_call-centre-triage_every-caller-feels-heard.webp","image","webp","120712","55b49f96c2375cb1f4681f785e9cf05a30a8b21e141f228331791b9b751e026d","authored-public-asset","2","assets/js/app.js | src/js/marquee.js","","","","retain","repository evidence",""
"asset:assets/images/socialmedia/2-3_cleaning_phone-with-booked-job_turn-every-missed-ring.jpg","asset","assets/images/socialmedia/2-3_cleaning_phone-with-booked-job_turn-every-missed-ring.jpg","image","jpg","448820","d64788aee5da8709728942ecf723a0c68f59b52d5b37fbcba0bfd90ec9e469e6","unreferenced","0","","","","","unresolved","repository evidence","unreferenced by scanned public pages/source; ownership unresolved"
"asset:assets/images/socialmedia/2-3_cleaning_phone-with-booked-job_turn-every-missed-ring.webp","asset","assets/images/socialmedia/2-3_cleaning_phone-with-booked-job_turn-every-missed-ring.webp","image","webp","103594","eaa49ea162635b0c07ed16bd90aad87402da1ca94c719561670fb6e126f83ad4","authored-public-asset","2","assets/js/app.js | src/js/marquee.js","","","","retain","repository evidence",""
"asset:assets/images/socialmedia/2-3_cleaning_phone-with-weekly-job_turn-every-missed-ring-into-regular-client.jpg","asset","assets/images/socialmedia/2-3_cleaning_phone-with-weekly-job_turn-every-missed-ring-into-regular-client.jpg","image","jpg","116256","6660341f3bf59f5d6f7d63208952dbf13dd4f06cdc2c780afaa4b3dd7f72a792","unreferenced","0","","","","","unresolved","repository evidence","unreferenced by scanned public pages/source; ownership unresolved"
"asset:assets/images/socialmedia/2-3_cleaning_phone-with-weekly-job_turn-every-missed-ring-into-regular-client.webp","asset","assets/images/socialmedia/2-3_cleaning_phone-with-weekly-job_turn-every-missed-ring-into-regular-client.webp","image","webp","64846","2ce9e2ecca0986411b234e938d6e8171263b30fe4c26318d67ff7b66af3e5ef1","authored-public-asset","2","assets/js/app.js | src/js/marquee.js","","","","retain","repository evidence",""
"asset:assets/images/socialmedia/2-3_dental_black-phone-appointments_never-miss-toothache.jpg","asset","assets/images/socialmedia/2-3_dental_black-phone-appointments_never-miss-toothache.jpg","image","jpg","360990","e1509078c83b5c24f7cf5eb86f8f139012afb55cfd0dd0558788f4477021b143","unreferenced","0","","","","","unresolved","repository evidence","unreferenced by scanned public pages/source; ownership unresolved"
"asset:assets/images/socialmedia/2-3_dental_black-phone-appointments_never-miss-toothache.webp","asset","assets/images/socialmedia/2-3_dental_black-phone-appointments_never-miss-toothache.webp","image","webp","68336","5a2f1d84010ebf02d6d1bc82641211b7564364164114b1870294984afb503a92","authored-public-asset","2","assets/js/app.js | src/js/marquee.js","","","","retain","repository evidence",""
"asset:assets/images/socialmedia/2-3_dental_phone-with-schedule_every-patient-call-answered.jpg","asset","assets/images/socialmedia/2-3_dental_phone-with-schedule_every-patient-call-answered.jpg","image","jpg","277225","9d34c223961bd1194ecf63fd1d0e33a8d13b2fedcf82311f6ba974d8f4cb81ae","unreferenced","0","","","","","unresolved","repository evidence","unreferenced by scanned public pages/source; ownership unresolved"
"asset:assets/images/socialmedia/2-3_dental_phone-with-schedule_every-patient-call-answered.webp","asset","assets/images/socialmedia/2-3_dental_phone-with-schedule_every-patient-call-answered.webp","image","webp","56396","b9d9bf5bc289a231a14503d834292a9ce1b8fbe4f99cfa98bfe88e015b939d29","authored-public-asset","2","assets/js/app.js | src/js/marquee.js","","","","retain","repository evidence",""
"asset:assets/images/socialmedia/2-3_fitness_phone-with-schedule_ai-powers-your-fitness-journey.jpg","asset","assets/images/socialmedia/2-3_fitness_phone-with-schedule_ai-powers-your-fitness-journey.jpg","image","jpg","194734","8ae46f187f138dd68e71887959290566af7e8735d2f96296b39dc8fd84566a7b","unreferenced","0","","","","","unresolved","repository evidence","unreferenced by scanned public pages/source; ownership unresolved"
"asset:assets/images/socialmedia/2-3_fitness_phone-with-schedule_ai-powers-your-fitness-journey.webp","asset","assets/images/socialmedia/2-3_fitness_phone-with-schedule_ai-powers-your-fitness-journey.webp","image","webp","69682","e91fb9a16f10b9dfff49d64ac1245e2163e649becb6cfa8136c6c44284a496d6","authored-public-asset","2","assets/js/app.js | src/js/marquee.js","","","","retain","repository evidence",""
"asset:assets/images/socialmedia/2-3_gym_phone-trial-ring_ai-calls-every-new-lead.jpg","asset","assets/images/socialmedia/2-3_gym_phone-trial-ring_ai-calls-every-new-lead.jpg","image","jpg","542131","cd494982a895230257ef66ddbe4a697a9f1958f50171a5733bee7f1191fae27e","unreferenced","0","","","","","unresolved","repository evidence","unreferenced by scanned public pages/source; ownership unresolved"
"asset:assets/images/socialmedia/2-3_gym_phone-trial-ring_ai-calls-every-new-lead.webp","asset","assets/images/socialmedia/2-3_gym_phone-trial-ring_ai-calls-every-new-lead.webp","image","webp","136204","62cf495a8f379a8fd88279b113fbf1961888a9b5edf9ea9a86157382bceb75f1","authored-public-asset","2","assets/js/app.js | src/js/marquee.js","","","","retain","repository evidence",""
"asset:assets/images/socialmedia/2-3_healthcare_call-queue_end-the-8am-phone-chaos.jpg","asset","assets/images/socialmedia/2-3_healthcare_call-queue_end-the-8am-phone-chaos.jpg","image","jpg","344475","70af8b5f884eed90dc59fdc1848bf6f6a689555f983458443850ba134435fe83","unreferenced","0","","","","","unresolved","repository evidence","unreferenced by scanned public pages/source; ownership unresolved"
"asset:assets/images/socialmedia/2-3_healthcare_call-queue_end-the-8am-phone-chaos.webp","asset","assets/images/socialmedia/2-3_healthcare_call-queue_end-the-8am-phone-chaos.webp","image","webp","57242","9fd966e74bcd5335a77781ba134663112f58ce127c2bdeab48e560948c61df46","authored-public-asset","2","assets/js/app.js | src/js/marquee.js","","","","retain","repository evidence",""
"asset:assets/images/socialmedia/2-3_healthcare_dark-call-queue_end-the-8am-phone-chaos.jpg","asset","assets/images/socialmedia/2-3_healthcare_dark-call-queue_end-the-8am-phone-chaos.jpg","image","jpg","129590","d3b90645cdcf70b546cd1c5038c63e4eed4b63c2361d1f960da7062ae34a7055","unreferenced","0","","","","","unresolved","repository evidence","unreferenced by scanned public pages/source; ownership unresolved"
"asset:assets/images/socialmedia/2-3_healthcare_dark-call-queue_end-the-8am-phone-chaos.webp","asset","assets/images/socialmedia/2-3_healthcare_dark-call-queue_end-the-8am-phone-chaos.webp","image","webp","79142","f4d7a6c482efa0d1c317e96390a571944b36ee55fe18f819337d493dc48600e5","authored-public-asset","2","assets/js/app.js | src/js/marquee.js","","","","retain","repository evidence",""
"asset:assets/images/socialmedia/2-3_healthcare_phone-with-appointment_ai-takes-care-of-your-patients.jpg","asset","assets/images/socialmedia/2-3_healthcare_phone-with-appointment_ai-takes-care-of-your-patients.jpg","image","jpg","227021","b5c6b2a7a4376a338a3866daffa45ce68e61555d844bf153f3786838dfdaa330","unreferenced","0","","","","","unresolved","repository evidence","unreferenced by scanned public pages/source; ownership unresolved"
"asset:assets/images/socialmedia/2-3_healthcare_phone-with-appointment_ai-takes-care-of-your-patients.webp","asset","assets/images/socialmedia/2-3_healthcare_phone-with-appointment_ai-takes-care-of-your-patients.webp","image","webp","83602","23082a59d8f02fbd116635c15768dfcb3f17e21281778f3b54d416b75270b84b","authored-public-asset","2","assets/js/app.js | src/js/marquee.js","","","","retain","repository evidence",""
"asset:assets/images/socialmedia/2-3_hospitality_holographic-receptionist_your-front-desk-always-open.jpg","asset","assets/images/socialmedia/2-3_hospitality_holographic-receptionist_your-front-desk-always-open.jpg","image","jpg","152510","be2fc72795fd6627f7e7b05d245afb0f0248bd68b909212647946adce8ecd97c","unreferenced","0","","","","","unresolved","repository evidence","unreferenced by scanned public pages/source; ownership unresolved"
"asset:assets/images/socialmedia/2-3_hospitality_holographic-receptionist_your-front-desk-always-open.webp","asset","assets/images/socialmedia/2-3_hospitality_holographic-receptionist_your-front-desk-always-open.webp","image","webp","94878","cfc684eaeb822a79936af39c0462413d735466a2c45227c7571404b710254c02","authored-public-asset","2","assets/js/app.js | src/js/marquee.js","","","","retain","repository evidence",""
"asset:assets/images/socialmedia/2-3_kitchen_modern-kitchen-with-floorplan_capture-every-dream-kitchen-enquiry.jpg","asset","assets/images/socialmedia/2-3_kitchen_modern-kitchen-with-floorplan_capture-every-dream-kitchen-enquiry.jpg","image","jpg","158623","9787e972505391d9855ea52554b6192e8e091e9ddf20a5694243db3b9374eaf9","unreferenced","0","","","","","unresolved","repository evidence","unreferenced by scanned public pages/source; ownership unresolved"
"asset:assets/images/socialmedia/2-3_kitchen_modern-kitchen-with-floorplan_capture-every-dream-kitchen-enquiry.webp","asset","assets/images/socialmedia/2-3_kitchen_modern-kitchen-with-floorplan_capture-every-dream-kitchen-enquiry.webp","image","webp","103036","30389c3e0cccc12e2facbc04a4e9725829f5f04cc831a8093be83a60caccb639","authored-public-asset","2","assets/js/app.js | src/js/marquee.js","","","","retain","repository evidence",""
"asset:assets/images/socialmedia/2-3_realestate_phone-map-at-night_never-miss-a-viewing-again.jpg","asset","assets/images/socialmedia/2-3_realestate_phone-map-at-night_never-miss-a-viewing-again.jpg","image","jpg","142864","d8757ea922a3bfb246f59f535e67a58ffa2cad34e9483fe835b606bd9c1b1f54","unreferenced","0","","","","","unresolved","repository evidence","unreferenced by scanned public pages/source; ownership unresolved"
"asset:assets/images/socialmedia/2-3_realestate_phone-map-at-night_never-miss-a-viewing-again.webp","asset","assets/images/socialmedia/2-3_realestate_phone-map-at-night_never-miss-a-viewing-again.webp","image","webp","93182","6915c4c556e0c845263fec8e7ffeb23ee924ae8f70c935f30e3ff6467e899898","authored-public-asset","2","assets/js/app.js | src/js/marquee.js","","","","retain","repository evidence",""
"asset:assets/images/socialmedia/2-3_realestate_phone-map_never-miss-a-viewing.jpg","asset","assets/images/socialmedia/2-3_realestate_phone-map_never-miss-a-viewing.jpg","image","jpg","383833","1d3c33f8bbce74456d1849fe9aac8a81541b6790810d5a2ff58621763ad64a02","unreferenced","0","","","","","unresolved","repository evidence","unreferenced by scanned public pages/source; ownership unresolved"
"asset:assets/images/socialmedia/2-3_realestate_phone-map_never-miss-a-viewing.webp","asset","assets/images/socialmedia/2-3_realestate_phone-map_never-miss-a-viewing.webp","image","webp","88318","f9649eb6ce3569f639f54e451ae8e0469ff63559d90b0e144afbc56fdf285b51","authored-public-asset","2","assets/js/app.js | src/js/marquee.js","","","","retain","repository evidence",""
"asset:assets/images/socialmedia/2-3_realestate_phone-with-house-icon_focus-on-the-viewing.jpg","asset","assets/images/socialmedia/2-3_realestate_phone-with-house-icon_focus-on-the-viewing.jpg","image","jpg","134901","b772956a26f8871ff2c64e68b42aba2a4ef7163954d9d12dea28c40f9301fcc3","unreferenced","0","","","","","unresolved","repository evidence","unreferenced by scanned public pages/source; ownership unresolved"
"asset:assets/images/socialmedia/2-3_realestate_phone-with-house-icon_focus-on-the-viewing.webp","asset","assets/images/socialmedia/2-3_realestate_phone-with-house-icon_focus-on-the-viewing.webp","image","webp","82006","60e5784902b9466a778d08fc05bf04d5365b00fa3a4d6554320bd9b1434eb173","authored-public-asset","3","assets/js/app.js | scripts/optimize-images.js | src/js/marquee.js","","","","retain","repository evidence",""
"asset:assets/images/socialmedia/2-3_realestate_phone-with-property-card_ai-qualifies-your-property-leads.jpg","asset","assets/images/socialmedia/2-3_realestate_phone-with-property-card_ai-qualifies-your-property-leads.jpg","image","jpg","221577","56c844b47c02df6e696ced2fb0c84fdc4f13da0387878c5ffbc3004cacac7338","unreferenced","0","","","","","unresolved","repository evidence","unreferenced by scanned public pages/source; ownership unresolved"
"asset:assets/images/socialmedia/2-3_realestate_phone-with-property-card_ai-qualifies-your-property-leads.webp","asset","assets/images/socialmedia/2-3_realestate_phone-with-property-card_ai-qualifies-your-property-leads.webp","image","webp","92146","3b5c9d4f70001189dd6bd82a91edcf38b8fe493c580a36c79ffa86ba1364be2d","authored-public-asset","2","assets/js/app.js | src/js/marquee.js","","","","retain","repository evidence",""
"asset:assets/images/socialmedia/2-3_salon_dark-chair-with-calendar_stay-fully-booked-stay-present.jpg","asset","assets/images/socialmedia/2-3_salon_dark-chair-with-calendar_stay-fully-booked-stay-present.jpg","image","jpg","220086","64ca5ae751fe16a6177b3a150ee3e96b381d39b1fb5665812740b834221a6d8f","unreferenced","0","","","","","unresolved","repository evidence","unreferenced by scanned public pages/source; ownership unresolved"
"asset:assets/images/socialmedia/2-3_salon_dark-chair-with-calendar_stay-fully-booked-stay-present.webp","asset","assets/images/socialmedia/2-3_salon_dark-chair-with-calendar_stay-fully-booked-stay-present.webp","image","webp","82166","bd2056cca5e15c4fb91313ec4926809445a2b3db4684fb82b357705ab96489c7","authored-public-asset","2","assets/js/app.js | src/js/marquee.js","","","","retain","repository evidence",""
"asset:assets/images/socialmedia/2-3_salon_spa-room-booking-confirmed_full-treatment-list-zero-interruptions.jpg","asset","assets/images/socialmedia/2-3_salon_spa-room-booking-confirmed_full-treatment-list-zero-interruptions.jpg","image","jpg","150528","6cf855f03c0372614def0e2da7d85f9bbba9e72a2e2d0a8f253e95d66012dae3","unreferenced","0","","","","","unresolved","repository evidence","unreferenced by scanned public pages/source; ownership unresolved"
"asset:assets/images/socialmedia/2-3_salon_spa-room-booking-confirmed_full-treatment-list-zero-interruptions.webp","asset","assets/images/socialmedia/2-3_salon_spa-room-booking-confirmed_full-treatment-list-zero-interruptions.webp","image","webp","90692","23c7be62b28add0c8e84039feea46baeed448b86d3cfcadc84f923acececab13","authored-public-asset","3","assets/js/app.js | scripts/optimize-images.js | src/js/marquee.js","","","","retain","repository evidence",""
"asset:assets/images/socialmedia/2-3_tradesman_van-at-night_never-miss-an-emergency-job.jpg","asset","assets/images/socialmedia/2-3_tradesman_van-at-night_never-miss-an-emergency-job.jpg","image","jpg","151391","e4e376fbfc00719b317ce847e4fb38a3219df816c053f26c66702a21da29bd45","unreferenced","0","","","","","unresolved","repository evidence","unreferenced by scanned public pages/source; ownership unresolved"
"asset:assets/images/socialmedia/2-3_tradesman_van-at-night_never-miss-an-emergency-job.webp","asset","assets/images/socialmedia/2-3_tradesman_van-at-night_never-miss-an-emergency-job.webp","image","webp","91946","f0c9ecbb8d25a453084ab35756dbe55e06925588a40c69d88dba4eaef6ebcfa6","authored-public-asset","2","assets/js/app.js | src/js/marquee.js","","","","retain","repository evidence",""
"asset:assets/images/socialmedia/2-3_veterinary_vet-with-tablet_never-miss-a-worried-pet-parent.jpg","asset","assets/images/socialmedia/2-3_veterinary_vet-with-tablet_never-miss-a-worried-pet-parent.jpg","image","jpg","505588","260c6f3a798f44aedc6bb189ecf56d89d8b5a2555d75cd2ebaa1897b68875104","unreferenced","0","","","","","unresolved","repository evidence","unreferenced by scanned public pages/source; ownership unresolved"
"asset:assets/images/socialmedia/2-3_veterinary_vet-with-tablet_never-miss-a-worried-pet-parent.webp","asset","assets/images/socialmedia/2-3_veterinary_vet-with-tablet_never-miss-a-worried-pet-parent.webp","image","webp","129772","7a941aa8b5405b20d5782dba19492ab80080d9e85ddd220284e8a772b9fe682c","authored-public-asset","2","assets/js/app.js | src/js/marquee.js","","","","retain","repository evidence",""
"asset:assets/images/socialmedia/2-3_voicebot_globe-and-tablet_100k-conversations-zero-burnout.jpg","asset","assets/images/socialmedia/2-3_voicebot_globe-and-tablet_100k-conversations-zero-burnout.jpg","image","jpg","352367","72dadfb372800fcd7acaf3f2eaa3bd625bd4fe8a07f2ecdb1221ab296e0f5045","unreferenced","0","","","","","unresolved","repository evidence","unreferenced by scanned public pages/source; ownership unresolved"
"asset:assets/images/socialmedia/2-3_voicebot_globe-and-tablet_100k-conversations-zero-burnout.webp","asset","assets/images/socialmedia/2-3_voicebot_globe-and-tablet_100k-conversations-zero-burnout.webp","image","webp","101932","46b921defa1739a04b41b8d50ae6c85e3cd00a1914b12ca786bb2388d310d333","authored-public-asset","3","assets/js/app.js | scripts/optimize-images.js | src/js/marquee.js","","","","retain","repository evidence",""
"asset:assets/images/socialmedia/3-2_business_hand-holding-phone-with-voice-display_ai-that-speaks-your-language.jpg","asset","assets/images/socialmedia/3-2_business_hand-holding-phone-with-voice-display_ai-that-speaks-your-language.jpg","image","jpg","242086","0e9ff5d6d5b2f68a127820ed530ae84829a0e3a098a5cd3930c7488318f3d58a","unreferenced","0","","","","","unresolved","repository evidence","unreferenced by scanned public pages/source; ownership unresolved"
"asset:assets/images/socialmedia/3-2_business_hand-holding-phone-with-voice-display_ai-that-speaks-your-language.webp","asset","assets/images/socialmedia/3-2_business_hand-holding-phone-with-voice-display_ai-that-speaks-your-language.webp","image","webp","111050","d6467bcd4d98ed16ec9c5fff4bcc9915a6b136c431fb9e479308767172c218da","authored-public-asset","2","assets/js/app.js | src/js/marquee.js","","","","retain","repository evidence",""
"asset:assets/images/socialmedia/3-2_business_laptop-at-sunset-chat-interface_when-you-wait-they-walk.jpg","asset","assets/images/socialmedia/3-2_business_laptop-at-sunset-chat-interface_when-you-wait-they-walk.jpg","image","jpg","137392","cf600c49c325be9140aa1baab17ca83ca94518cd692fda9eb8c7a41b0b5eb87b","unreferenced","0","","","","","unresolved","repository evidence","unreferenced by scanned public pages/source; ownership unresolved"
"asset:assets/images/socialmedia/3-2_business_laptop-at-sunset-chat-interface_when-you-wait-they-walk.webp","asset","assets/images/socialmedia/3-2_business_laptop-at-sunset-chat-interface_when-you-wait-they-walk.webp","image","webp","55368","d87a3666cf8300bcbf1cc46bc5691bba4f1ba64ba2ee1c341b6f677055ab7c23","authored-public-asset","2","assets/js/app.js | src/js/marquee.js","","","","retain","repository evidence",""
"asset:assets/images/socialmedia/3-2_business_laptop-with-chat-bubbles_hours-lost-leads-unqualified.jpg","asset","assets/images/socialmedia/3-2_business_laptop-with-chat-bubbles_hours-lost-leads-unqualified.jpg","image","jpg","158166","0c9cb23df9bbb056a87f97334460a8c43b815747926632e3630cf7d5daa3aebb","unreferenced","0","","","","","unresolved","repository evidence","unreferenced by scanned public pages/source; ownership unresolved"
"asset:assets/images/socialmedia/3-2_business_laptop-with-chat-bubbles_hours-lost-leads-unqualified.webp","asset","assets/images/socialmedia/3-2_business_laptop-with-chat-bubbles_hours-lost-leads-unqualified.webp","image","webp","59214","daa080534bbe9b7f8520717ddc5d22756edb566c350fb206c76de4442f5188d9","authored-public-asset","2","assets/js/app.js | src/js/marquee.js","","","","retain","repository evidence",""
"asset:assets/images/socialmedia/3-2_business_laptop-with-sales-dashboard_your-shop-sells-while-you-sleep 2.jpg","asset","assets/images/socialmedia/3-2_business_laptop-with-sales-dashboard_your-shop-sells-while-you-sleep 2.jpg","image","jpg","180506","d0f01eb4a86fc7442cda090ba2bb8461c2624faf2fb7362a1a7556be725d901b","unreferenced","0","","","","","unresolved","repository evidence","byte-identical group (assets/images/socialmedia/3-2_business_laptop-with-sales-dashboard_your-shop-sells-while-you-sleep 2.jpg | assets/images/socialmedia/3-2_business_laptop-with-sales-dashboard_your-shop-sells-while-you-sleep.jpg); 180506 bytes each; unreferenced by scanned public pages/source; ownership unresolved"
"asset:assets/images/socialmedia/3-2_business_laptop-with-sales-dashboard_your-shop-sells-while-you-sleep 2.webp","asset","assets/images/socialmedia/3-2_business_laptop-with-sales-dashboard_your-shop-sells-while-you-sleep 2.webp","image","webp","76938","7432e20d35f286e515a7320593af26409c781fed405977661dfc309b570aebe8","authored-public-asset","2","assets/js/app.js | src/js/marquee.js","","","","retain","repository evidence","byte-identical group (assets/images/socialmedia/3-2_business_laptop-with-sales-dashboard_your-shop-sells-while-you-sleep 2.webp | assets/images/socialmedia/3-2_business_laptop-with-sales-dashboard_your-shop-sells-while-you-sleep.webp); 76938 bytes each"
"asset:assets/images/socialmedia/3-2_business_laptop-with-sales-dashboard_your-shop-sells-while-you-sleep.jpg","asset","assets/images/socialmedia/3-2_business_laptop-with-sales-dashboard_your-shop-sells-while-you-sleep.jpg","image","jpg","180506","d0f01eb4a86fc7442cda090ba2bb8461c2624faf2fb7362a1a7556be725d901b","unreferenced","0","","","","","unresolved","repository evidence","byte-identical group (assets/images/socialmedia/3-2_business_laptop-with-sales-dashboard_your-shop-sells-while-you-sleep 2.jpg | assets/images/socialmedia/3-2_business_laptop-with-sales-dashboard_your-shop-sells-while-you-sleep.jpg); 180506 bytes each; unreferenced by scanned public pages/source; ownership unresolved"
"asset:assets/images/socialmedia/3-2_business_laptop-with-sales-dashboard_your-shop-sells-while-you-sleep.webp","asset","assets/images/socialmedia/3-2_business_laptop-with-sales-dashboard_your-shop-sells-while-you-sleep.webp","image","webp","76938","7432e20d35f286e515a7320593af26409c781fed405977661dfc309b570aebe8","authored-public-asset","3","assets/js/app.js | scripts/optimize-images.js | src/js/marquee.js","","","","retain","repository evidence","byte-identical group (assets/images/socialmedia/3-2_business_laptop-with-sales-dashboard_your-shop-sells-while-you-sleep 2.webp | assets/images/socialmedia/3-2_business_laptop-with-sales-dashboard_your-shop-sells-while-you-sleep.webp); 76938 bytes each"
"asset:assets/images/socialmedia/3-2_childcare_tablet-in-playroom_let-ai-handle-the-parent-phone-rush.jpg","asset","assets/images/socialmedia/3-2_childcare_tablet-in-playroom_let-ai-handle-the-parent-phone-rush.jpg","image","jpg","350589","d4b5defdf8f92c558dbc24789e4cedcd24398241b9358976878f6df5ce3dff4f","unreferenced","0","","","","","unresolved","repository evidence","unreferenced by scanned public pages/source; ownership unresolved"
"asset:assets/images/socialmedia/3-2_childcare_tablet-in-playroom_let-ai-handle-the-parent-phone-rush.webp","asset","assets/images/socialmedia/3-2_childcare_tablet-in-playroom_let-ai-handle-the-parent-phone-rush.webp","image","webp","71870","01529fbf2feecba8fca8d800ea87c5031a0d3cfcc65ed9216f4f570653fcbe16","authored-public-asset","2","assets/js/app.js | src/js/marquee.js","","","","retain","repository evidence",""
"asset:assets/images/socialmedia/3-2_legal_laptop-with-scales_ai-streamlines-legal-workflows.jpg","asset","assets/images/socialmedia/3-2_legal_laptop-with-scales_ai-streamlines-legal-workflows.jpg","image","jpg","398207","f6dfd5def366043e6774f0953cdfbba81d5b84a2b0fd03f9c85c6121f65d933d","unreferenced","0","","","","","unresolved","repository evidence","unreferenced by scanned public pages/source; ownership unresolved"
"asset:assets/images/socialmedia/3-2_legal_laptop-with-scales_ai-streamlines-legal-workflows.webp","asset","assets/images/socialmedia/3-2_legal_laptop-with-scales_ai-streamlines-legal-workflows.webp","image","webp","94884","b901d39aa996108a9c1409ca388a700367acb4e1e8f0a7ad344311c82ba3a574","authored-public-asset","2","assets/js/app.js | src/js/marquee.js","","","","retain","repository evidence",""
"asset:assets/images/socialmedia/3-2_logistics_laptop-with-truck_ai-optimises-logistics-delivery.jpg","asset","assets/images/socialmedia/3-2_logistics_laptop-with-truck_ai-optimises-logistics-delivery.jpg","image","jpg","433904","34aa1164ab3b59e134015f251d34454e8e9fd8bd51bd23e04947d9d2a93e91ec","unreferenced","0","","","","","unresolved","repository evidence","unreferenced by scanned public pages/source; ownership unresolved"
"asset:assets/images/socialmedia/3-2_logistics_laptop-with-truck_ai-optimises-logistics-delivery.webp","asset","assets/images/socialmedia/3-2_logistics_laptop-with-truck_ai-optimises-logistics-delivery.webp","image","webp","112892","b5cc4adfff158e8b890281d98f46125d8d006093d0a47cbbdae719fdb57a3a1f","authored-public-asset","2","assets/js/app.js | src/js/marquee.js","","","","retain","repository evidence",""
"asset:assets/images/socialmedia/3-2_restaurant_phone-and-reservation-list_never-miss-a-booking-again.jpg","asset","assets/images/socialmedia/3-2_restaurant_phone-and-reservation-list_never-miss-a-booking-again.jpg","image","jpg","336243","ea8391846d4152951939af69748b5f9ce463d8d786aace7ae9a36f9ca9ffdabf","unreferenced","0","","","","","unresolved","repository evidence","unreferenced by scanned public pages/source; ownership unresolved"
"asset:assets/images/socialmedia/3-2_restaurant_phone-and-reservation-list_never-miss-a-booking-again.webp","asset","assets/images/socialmedia/3-2_restaurant_phone-and-reservation-list_never-miss-a-booking-again.webp","image","webp","84154","6101c558230fbb0317822ad863ebc94c94053f021115a1a117856d80b182ceae","authored-public-asset","2","assets/js/app.js | src/js/marquee.js","","","","retain","repository evidence",""
"asset:assets/images/socialmedia/3-2_sales_laptop-and-graphs_thousands-of-calls-barely-any-conversions.jpg","asset","assets/images/socialmedia/3-2_sales_laptop-and-graphs_thousands-of-calls-barely-any-conversions.jpg","image","jpg","416090","157976f979dc84bda6660c6e655df7da1ae867c137ba244b3ad70bc66af9e3e8","unreferenced","0","","","","","unresolved","repository evidence","unreferenced by scanned public pages/source; ownership unresolved"
"asset:assets/images/socialmedia/3-2_sales_laptop-and-graphs_thousands-of-calls-barely-any-conversions.webp","asset","assets/images/socialmedia/3-2_sales_laptop-and-graphs_thousands-of-calls-barely-any-conversions.webp","image","webp","113388","11e0b0edb9ff474ab3e98c742d7d3be18d55e7267eb1211cb23cc3e3aaea059c","authored-public-asset","3","assets/js/app.js | scripts/optimize-images.js | src/js/marquee.js","","","","retain","repository evidence",""
"asset:assets/images/socialmedia/3-2_tutoring_tutor-with-laptop_more-focused-1-1-lessons.jpg","asset","assets/images/socialmedia/3-2_tutoring_tutor-with-laptop_more-focused-1-1-lessons.jpg","image","jpg","489198","c59f5e3fda3c4d582c735a596c5baacb8c8f0da91f89dc3c58f36f43ce51135b","unreferenced","0","","","","","unresolved","repository evidence","unreferenced by scanned public pages/source; ownership unresolved"
"asset:assets/images/socialmedia/3-2_tutoring_tutor-with-laptop_more-focused-1-1-lessons.webp","asset","assets/images/socialmedia/3-2_tutoring_tutor-with-laptop_more-focused-1-1-lessons.webp","image","webp","134086","6d793a965a8bceb61c5a4dea09292553e5b9bb777b37e0c4b30601e9a4a9d6cc","authored-public-asset","3","assets/js/app.js | scripts/optimize-images.js | src/js/marquee.js","","","","retain","repository evidence",""
"asset:assets/images/socialmedia/Dentists_1.jpeg","asset","assets/images/socialmedia/Dentists_1.jpeg","image","jpeg","2703482","a2802f34afb92f8d17173b68356cb7135cc2013ee1b8d68c868150e92a06dde6","unreferenced","0","","","","","unresolved","repository evidence","unreferenced by scanned public pages/source; ownership unresolved"
"asset:assets/images/socialmedia/Dentists_1.webp","asset","assets/images/socialmedia/Dentists_1.webp","image","webp","47920","efab145f607a2b581c6b36ef1d1bcc48617334c5be54f3337bb228e423d8d092","authored-public-asset","2","assets/js/app.js | src/js/marquee.js","","","","retain","repository evidence",""
"asset:assets/images/socialmedia/Dentists_1_Mobile.jpeg","asset","assets/images/socialmedia/Dentists_1_Mobile.jpeg","image","jpeg","2660340","bf76c37b68ed042af960aeb7090009282ea3f056d87c7e805d7a0ca2d0d254c0","unreferenced","0","","","","","unresolved","repository evidence","unreferenced by scanned public pages/source; ownership unresolved"
"asset:assets/images/socialmedia/Dentists_1_Mobile.webp","asset","assets/images/socialmedia/Dentists_1_Mobile.webp","image","webp","40820","f7db86b057e6b879b482e735982061499a7525a8c04bb650550c1cd984a768ba","authored-public-asset","2","assets/js/app.js | src/js/marquee.js","","","","retain","repository evidence",""
"asset:assets/images/socialmedia/Dentists_2.jpeg","asset","assets/images/socialmedia/Dentists_2.jpeg","image","jpeg","2714038","44c06232e018f24898923862fe278a3fa23c1a713dcdbef6db58b54d5c6ab3c8","unreferenced","0","","","","","unresolved","repository evidence","unreferenced by scanned public pages/source; ownership unresolved"
"asset:assets/images/socialmedia/Dentists_2.webp","asset","assets/images/socialmedia/Dentists_2.webp","image","webp","51246","77d749cf21f4db8a30748a80b1145891d79e0a27e70f7ee5618b8575cba0f29a","authored-public-asset","2","assets/js/app.js | src/js/marquee.js","","","","retain","repository evidence",""
"asset:assets/images/socialmedia/Dentists_2_Mobile.jpeg","asset","assets/images/socialmedia/Dentists_2_Mobile.jpeg","image","jpeg","2794518","29a192ca71d36d127591464ece7e6542f040aa23b28c49b08b44ef2b11cfc868","unreferenced","0","","","","","unresolved","repository evidence","unreferenced by scanned public pages/source; ownership unresolved"
"asset:assets/images/socialmedia/Dentists_2_Mobile.webp","asset","assets/images/socialmedia/Dentists_2_Mobile.webp","image","webp","68548","5fab79d54a10b105373b7d7e9c9b92fcce9c16ce03beda93a62a0b5b89ae190d","unreferenced","0","","","","","unresolved","repository evidence","unreferenced by scanned public pages/source; ownership unresolved"
"asset:assets/images/socialmedia/Dentists_3.jpeg","asset","assets/images/socialmedia/Dentists_3.jpeg","image","jpeg","2912116","d19f39a1c24764da9aefc140e2a39911bdaf27a384706bb27a780f1cb1011c18","unreferenced","0","","","","","unresolved","repository evidence","unreferenced by scanned public pages/source; ownership unresolved"
"asset:assets/images/socialmedia/Dentists_3.webp","asset","assets/images/socialmedia/Dentists_3.webp","image","webp","54606","47aaa25192d1d769780dad0e27e26863f6ccbb519120040f42ee3bba91033fbd","authored-public-asset","2","assets/js/app.js | src/js/marquee.js","","","","retain","repository evidence",""
"asset:assets/images/socialmedia/Dentists_3_Mobile.jpeg","asset","assets/images/socialmedia/Dentists_3_Mobile.jpeg","image","jpeg","2879415","a4a5ecb74d169d564e4920b664a4d7e0087539ce01cc8f9018c01a9298c60038","unreferenced","0","","","","","unresolved","repository evidence","unreferenced by scanned public pages/source; ownership unresolved"
"asset:assets/images/socialmedia/Dentists_3_Mobile.webp","asset","assets/images/socialmedia/Dentists_3_Mobile.webp","image","webp","56144","7060ef2df0918af5f5be55a2c97a351183e9e77c56bd7972e75cd316f0a7c19c","unreferenced","0","","","","","unresolved","repository evidence","unreferenced by scanned public pages/source; ownership unresolved"
"asset:assets/images/socialmedia/General_Services_1.jpeg","asset","assets/images/socialmedia/General_Services_1.jpeg","image","jpeg","3915896","25967fe0d78530b2f886ece5cf1e96b0b038b93d7fbdea2d0c53633cef0be344","authored-public-asset","1","codex/execplans/2026-03-13-service-image-loading-elimination.md","","","","retain","repository evidence",""
"asset:assets/images/socialmedia/General_Services_1.webp","asset","assets/images/socialmedia/General_Services_1.webp","image","webp","815548","07052e5da28226b1b39ec1aad54e796528f89db5ce981fd9ad8289cd32170aea","authored-public-asset","2","assets/js/app.js | src/js/marquee.js","","","","retain","repository evidence",""
"asset:assets/images/socialmedia/General_Services_1_Mobile.jpeg","asset","assets/images/socialmedia/General_Services_1_Mobile.jpeg","image","jpeg","3936980","518037634ae1a577d6b71ff73c58cbbe1cbf6e0502c37958c53660409fa1c3d4","authored-public-asset","1","codex/execplans/2026-03-13-service-image-loading-elimination.md","","","","retain","repository evidence",""
"asset:assets/images/socialmedia/General_Services_1_Mobile.webp","asset","assets/images/socialmedia/General_Services_1_Mobile.webp","image","webp","847020","ccf3bdac648aaac83cf97a40af2b4ac6a36ebb3ed4bb4a40f2d6f5cd3cae9124","authored-public-asset","2","assets/js/app.js | src/js/marquee.js","","","","retain","repository evidence",""
"asset:assets/images/socialmedia/General_Services_2A.jpeg","asset","assets/images/socialmedia/General_Services_2A.jpeg","image","jpeg","4018178","dd098554ba69346aa75a285300949db4be4e174d865a815e9f1ca500fde7ba87","unreferenced","0","","","","","unresolved","repository evidence","unreferenced by scanned public pages/source; ownership unresolved"
"asset:assets/images/socialmedia/General_Services_2A.webp","asset","assets/images/socialmedia/General_Services_2A.webp","image","webp","841942","1e288bc1c5d9895345aa5d800280ef74f5e7576d709ca7a70703c5e54d8e1b79","authored-public-asset","2","assets/js/app.js | src/js/marquee.js","","","","retain","repository evidence",""
"asset:assets/images/socialmedia/General_Services_2A_Mobile.jpeg","asset","assets/images/socialmedia/General_Services_2A_Mobile.jpeg","image","jpeg","7138008","be00598dabf2507e86e69fb1d07a715fc651259d6cf81a67406e24542a39ef2e","unreferenced","0","","","","","unresolved","repository evidence","unreferenced by scanned public pages/source; ownership unresolved"
"asset:assets/images/socialmedia/General_Services_2A_Mobile.webp","asset","assets/images/socialmedia/General_Services_2A_Mobile.webp","image","webp","985776","24d0cf92095ffa969e45bb66004fa378c28c169b5afcb842cda1472c5bb96688","authored-public-asset","2","assets/js/app.js | src/js/marquee.js","","","","retain","repository evidence",""
"asset:assets/images/socialmedia/General_Services_2B.jpeg","asset","assets/images/socialmedia/General_Services_2B.jpeg","image","jpeg","7144938","d166613ca5ade4528426a562cc642d0a4aee1073fb43d5a22826d93e55532f21","unreferenced","0","","","","","unresolved","repository evidence","unreferenced by scanned public pages/source; ownership unresolved"
"asset:assets/images/socialmedia/General_Services_2B.webp","asset","assets/images/socialmedia/General_Services_2B.webp","image","webp","891290","d97e07aada5f0d3282875d6729318a48262c66d80598f986efd7e62bcfcfb816","authored-public-asset","2","assets/js/app.js | src/js/marquee.js","","","","retain","repository evidence",""
"asset:assets/images/socialmedia/General_Services_2B_Mobile.jpeg","asset","assets/images/socialmedia/General_Services_2B_Mobile.jpeg","image","jpeg","7181605","dd3c355bbe11fa90190034f6c62d7977a7cef9ffd2e99c2b5c0468521560d3af","authored-public-asset","2","codex/execplans/2026-03-13-service-image-loading-elimination.md | scripts/optimize-images.js","","","","retain","repository evidence",""
"asset:assets/images/socialmedia/General_Services_2B_Mobile.webp","asset","assets/images/socialmedia/General_Services_2B_Mobile.webp","image","webp","881778","9e692a30eeeb606fd294486daea194669b21e8ecae4cb6304c95e3fdc008f2be","unreferenced","0","","","","","unresolved","repository evidence","unreferenced by scanned public pages/source; ownership unresolved"
"asset:assets/images/socialmedia/General_Services_3.jpeg","asset","assets/images/socialmedia/General_Services_3.jpeg","image","jpeg","6808967","69797c3b931ae753c6676c87554f01dd253903283764e0f4aafcc6e904219851","unreferenced","0","","","","","unresolved","repository evidence","unreferenced by scanned public pages/source; ownership unresolved"
"asset:assets/images/socialmedia/General_Services_3.webp","asset","assets/images/socialmedia/General_Services_3.webp","image","webp","762108","93db4d8518a5dbcc49220d6e37c9dcadbcf71f928fbda42b0e9751b8ebe819ec","authored-public-asset","2","assets/js/app.js | src/js/marquee.js","","","","retain","repository evidence",""
"asset:assets/images/socialmedia/General_Services_3_Mobile.jpeg","asset","assets/images/socialmedia/General_Services_3_Mobile.jpeg","image","jpeg","6743289","f81f7f81377db286e85b74bc841f1f9ce6aa3ef21aaeab4b5c439592f5cc8c91","unreferenced","0","","","","","unresolved","repository evidence","unreferenced by scanned public pages/source; ownership unresolved"
"asset:assets/images/socialmedia/General_Services_3_Mobile.webp","asset","assets/images/socialmedia/General_Services_3_Mobile.webp","image","webp","714138","f0c423e964eae107eeff21c4b47acef6f517f87dbbb0248edf27c444b9115aed","authored-public-asset","2","assets/js/app.js | src/js/marquee.js","","","","retain","repository evidence",""
"asset:assets/images/socialmedia/Gyms_1.jpeg","asset","assets/images/socialmedia/Gyms_1.jpeg","image","jpeg","2887850","c1acf49b7b4b42f2d66b8baf761150fb94ff117df8800a8fe45c3c02cbc76e72","unreferenced","0","","","","","unresolved","repository evidence","unreferenced by scanned public pages/source; ownership unresolved"
"asset:assets/images/socialmedia/Gyms_1.webp","asset","assets/images/socialmedia/Gyms_1.webp","image","webp","79822","49664bd99a062871eaa54bf1ac3d4a5f0f9b2c68238d0003bfed533ecb4450ff","authored-public-asset","2","assets/js/app.js | src/js/marquee.js","","","","retain","repository evidence",""
"asset:assets/images/socialmedia/Gyms_1_Mobile.jpeg","asset","assets/images/socialmedia/Gyms_1_Mobile.jpeg","image","jpeg","3076849","7492ac632b115d7efe6f59ad183e74dcb65cf9f186225bf220bb04ff676d30d0","authored-public-asset","1","scripts/optimize-images.js","","","","retain","repository evidence",""
"asset:assets/images/socialmedia/Gyms_1_Mobile.webp","asset","assets/images/socialmedia/Gyms_1_Mobile.webp","image","webp","98052","d0d94e003d67fd9141036819d77fa0b5739b858e80c79daf16fbf382c49c97ab","unreferenced","0","","","","","unresolved","repository evidence","unreferenced by scanned public pages/source; ownership unresolved"
"asset:assets/images/socialmedia/Gyms_2.jpeg","asset","assets/images/socialmedia/Gyms_2.jpeg","image","jpeg","3030574","dc4226c10adc1edcd647f5dfdc63781148ed80859a607e8ccd4529218842fd54","unreferenced","0","","","","","unresolved","repository evidence","unreferenced by scanned public pages/source; ownership unresolved"
"asset:assets/images/socialmedia/Gyms_2.webp","asset","assets/images/socialmedia/Gyms_2.webp","image","webp","93874","e4c525d3add03ef36a84e8fb683725d3adc207924375f209e147acb5f1767f30","authored-public-asset","2","assets/js/app.js | src/js/marquee.js","","","","retain","repository evidence",""
"asset:assets/images/socialmedia/Gyms_2_Mobile.jpeg","asset","assets/images/socialmedia/Gyms_2_Mobile.jpeg","image","jpeg","2939109","ee65eb2fba55a1869fe0e11b20b8e0b88dd174b98aa1259c0c9a7bc923a58211","unreferenced","0","","","","","unresolved","repository evidence","unreferenced by scanned public pages/source; ownership unresolved"
"asset:assets/images/socialmedia/Gyms_2_Mobile.webp","asset","assets/images/socialmedia/Gyms_2_Mobile.webp","image","webp","85690","10c54239d9816b1ccb37eb56e227b28c3bb3344a108b38942d53f2b6ba9062aa","unreferenced","0","","","","","unresolved","repository evidence","unreferenced by scanned public pages/source; ownership unresolved"
"asset:assets/images/socialmedia/Gyms_3.jpeg","asset","assets/images/socialmedia/Gyms_3.jpeg","image","jpeg","3025724","aa946c0944e2ba215e6b6da075d352e69da79040c1c785e8edcf9c7d7d63c994","unreferenced","0","","","","","unresolved","repository evidence","unreferenced by scanned public pages/source; ownership unresolved"
"asset:assets/images/socialmedia/Gyms_3.webp","asset","assets/images/socialmedia/Gyms_3.webp","image","webp","81366","f7a5ccac2f097b7e6758c602a0516b47547bcee85956425e657c069f4b94bd46","authored-public-asset","2","assets/js/app.js | src/js/marquee.js","","","","retain","repository evidence",""
"asset:assets/images/socialmedia/Gyms_3_Mobile.jpeg","asset","assets/images/socialmedia/Gyms_3_Mobile.jpeg","image","jpeg","2886836","21de920f51530c2a049649bdcff1675ad394020bd6729b0c29578f557616b668","unreferenced","0","","","","","unresolved","repository evidence","unreferenced by scanned public pages/source; ownership unresolved"
"asset:assets/images/socialmedia/Gyms_3_Mobile.webp","asset","assets/images/socialmedia/Gyms_3_Mobile.webp","image","webp","84080","73387143595a2d3c1eaa7743926b487ca082943c2e643116362a0d4a3212a3a8","unreferenced","0","","","","","unresolved","repository evidence","unreferenced by scanned public pages/source; ownership unresolved"
"asset:assets/images/socialmedia/Hospitality_1.jpeg","asset","assets/images/socialmedia/Hospitality_1.jpeg","image","jpeg","1036813","5a524297aa539190f8ced064b755e272c264788f64cec0c51b6b2002301711ec","authored-public-asset","1","services/hospitality.html","","","","retain","repository evidence",""
"asset:assets/images/socialmedia/Hospitality_1.webp","asset","assets/images/socialmedia/Hospitality_1.webp","image","webp","152266","500ce61393131c2d417c2ae564d565529e1e2c5b761b5ad5c522088ac5afaf9a","authored-public-asset","2","assets/js/app.js | src/js/marquee.js","","","","retain","repository evidence",""
"asset:assets/images/socialmedia/Hospitality_1_Mobile.jpeg","asset","assets/images/socialmedia/Hospitality_1_Mobile.jpeg","image","jpeg","7303139","8e77857cbecdff86dd7c3f89082593b84f6e816434be93f1d416cc2f778de563","authored-public-asset","2","scripts/optimize-images.js | services/hospitality.html","","","","retain","repository evidence",""
"asset:assets/images/socialmedia/Hospitality_1_Mobile.webp","asset","assets/images/socialmedia/Hospitality_1_Mobile.webp","image","webp","181520","43546303c2918cff6162592b51584be3345e6993aa3649f1a7eea7760f0ed7cb","unreferenced","0","","","","","unresolved","repository evidence","unreferenced by scanned public pages/source; ownership unresolved"
"asset:assets/images/socialmedia/Hospitality_2.jpeg","asset","assets/images/socialmedia/Hospitality_2.jpeg","image","jpeg","1074286","30b561f1fa9e65b4e0c07ca689372d2cf1decbf50a9cce16cb36ab99da18d2e0","authored-public-asset","1","services/hospitality.html","","","","retain","repository evidence",""
"asset:assets/images/socialmedia/Hospitality_2.webp","asset","assets/images/socialmedia/Hospitality_2.webp","image","webp","168340","0298977e5bb19a77b008b1e5596f07773d7ab50eca98cc0766b6e46730f4d649","authored-public-asset","2","assets/js/app.js | src/js/marquee.js","","","","retain","repository evidence",""
"asset:assets/images/socialmedia/Hospitality_2_Mobile.jpeg","asset","assets/images/socialmedia/Hospitality_2_Mobile.jpeg","image","jpeg","6905786","c9d3c9d301e81298fccbfdfe1ced3635b01e7db1f14be8cc3a20551c49485e32","authored-public-asset","1","services/hospitality.html","","","","retain","repository evidence",""
"asset:assets/images/socialmedia/Hospitality_2_Mobile.webp","asset","assets/images/socialmedia/Hospitality_2_Mobile.webp","image","webp","151590","d9e9f361652d228a0798f35b0a7b195f483b36ec75131569113c7e25d748ffa1","unreferenced","0","","","","","unresolved","repository evidence","unreferenced by scanned public pages/source; ownership unresolved"
"asset:assets/images/socialmedia/Hospitality_3.jpeg","asset","assets/images/socialmedia/Hospitality_3.jpeg","image","jpeg","6960447","303d02d68d189bf05eea24859cfafdd3a35337a717d5cbee1518d9de2842be67","authored-public-asset","1","services/hospitality.html","","","","retain","repository evidence",""
"asset:assets/images/socialmedia/Hospitality_3.webp","asset","assets/images/socialmedia/Hospitality_3.webp","image","webp","106746","f83c294056526e0a1f2a36d5647d36ba84bf9deadd9153bd721d9bcbe2209e45","authored-public-asset","2","assets/js/app.js | src/js/marquee.js","","","","retain","repository evidence",""
"asset:assets/images/socialmedia/Hospitality_3_Mobile.jpeg","asset","assets/images/socialmedia/Hospitality_3_Mobile.jpeg","image","jpeg","6881002","cdd4f755c4771ea3dec1fe48385496612d19a6f1ec657d7578b6eeb1db723673","authored-public-asset","1","services/hospitality.html","","","","retain","repository evidence",""
"asset:assets/images/socialmedia/Hospitality_3_Mobile.webp","asset","assets/images/socialmedia/Hospitality_3_Mobile.webp","image","webp","96032","5b9c3f17d2142669f1b31f98bbc5e4fa7658dc71217084036cdb41d9bc624b99","unreferenced","0","","","","","unresolved","repository evidence","unreferenced by scanned public pages/source; ownership unresolved"
"asset:assets/images/socialmedia/Online_Coach_1.jpeg","asset","assets/images/socialmedia/Online_Coach_1.jpeg","image","jpeg","2739802","032c4dd0dbeb52d82cd32c449e5c1cfdc43108af037a0017e3087712b895a0b4","unreferenced","0","","","","","unresolved","repository evidence","unreferenced by scanned public pages/source; ownership unresolved"
"asset:assets/images/socialmedia/Online_Coach_1.webp","asset","assets/images/socialmedia/Online_Coach_1.webp","image","webp","53836","ced311d60756e97c85492a270d3968a1a937ba8414a6b141bcc795de28ab610c","authored-public-asset","2","assets/js/app.js | src/js/marquee.js","","","","retain","repository evidence",""
"asset:assets/images/socialmedia/Online_Coach_1_Mobile.jpeg","asset","assets/images/socialmedia/Online_Coach_1_Mobile.jpeg","image","jpeg","2873998","3b317d0ec661289682bf2f050577152e3b7cbef9bffc11ff1e120b65d8882c10","unreferenced","0","","","","","unresolved","repository evidence","unreferenced by scanned public pages/source; ownership unresolved"
"asset:assets/images/socialmedia/Online_Coach_1_Mobile.webp","asset","assets/images/socialmedia/Online_Coach_1_Mobile.webp","image","webp","66438","92c835ca8c68ef5c252ae38ebc71d2fe23e1a59dc344f65965c92141672a07c2","unreferenced","0","","","","","unresolved","repository evidence","unreferenced by scanned public pages/source; ownership unresolved"
"asset:assets/images/socialmedia/Online_Coach_2.jpeg","asset","assets/images/socialmedia/Online_Coach_2.jpeg","image","jpeg","2690806","2a208f131db1aee4f6a3160b3ea83d2d96c5c5fcf39d22c82c0a82619bd6c860","unreferenced","0","","","","","unresolved","repository evidence","unreferenced by scanned public pages/source; ownership unresolved"
"asset:assets/images/socialmedia/Online_Coach_2.webp","asset","assets/images/socialmedia/Online_Coach_2.webp","image","webp","55588","74b6da89ba1d1dd0bb996f71397eba5a20f5f4523a3cb6b7249f125d4c2a9976","authored-public-asset","2","assets/js/app.js | src/js/marquee.js","","","","retain","repository evidence",""
"asset:assets/images/socialmedia/Online_Coach_2_Mobile.jpeg","asset","assets/images/socialmedia/Online_Coach_2_Mobile.jpeg","image","jpeg","2849627","f49deddc83417a52227cd7f8818e1c5cdce1a8f638c295df75c10365b9edf288","unreferenced","0","","","","","unresolved","repository evidence","unreferenced by scanned public pages/source; ownership unresolved"
"asset:assets/images/socialmedia/Online_Coach_2_Mobile.webp","asset","assets/images/socialmedia/Online_Coach_2_Mobile.webp","image","webp","68302","f5a437c6d135a40fb2ef3575ccb506273ca9d2d41e73437af9c279db805b5e13","unreferenced","0","","","","","unresolved","repository evidence","unreferenced by scanned public pages/source; ownership unresolved"
"asset:assets/images/socialmedia/Online_Coach_3.jpeg","asset","assets/images/socialmedia/Online_Coach_3.jpeg","image","jpeg","2924742","2d34e86070d04296eb9d4d4de484e7bf02edfdf06f6c6e5f9b93ded9f1b65687","unreferenced","0","","","","","unresolved","repository evidence","unreferenced by scanned public pages/source; ownership unresolved"
"asset:assets/images/socialmedia/Online_Coach_3.webp","asset","assets/images/socialmedia/Online_Coach_3.webp","image","webp","54702","dd34177de02156a692628bf7ba66b850e631606c036f96c91fa9eb8ed6dd220f","authored-public-asset","2","assets/js/app.js | src/js/marquee.js","","","","retain","repository evidence",""
"asset:assets/images/socialmedia/Online_Coach_3_Mobile.jpeg","asset","assets/images/socialmedia/Online_Coach_3_Mobile.jpeg","image","jpeg","2989345","7caeb2e0c2351cb00a896d631461006d24972e8a97947f121d174427e9284e6b","unreferenced","0","","","","","unresolved","repository evidence","unreferenced by scanned public pages/source; ownership unresolved"
"asset:assets/images/socialmedia/Online_Coach_3_Mobile.webp","asset","assets/images/socialmedia/Online_Coach_3_Mobile.webp","image","webp","67724","e53a94614f3fba7a986f6fc95bead230900801e594f011205e6eb4630e087026","unreferenced","0","","","","","unresolved","repository evidence","unreferenced by scanned public pages/source; ownership unresolved"
"asset:assets/images/socialmedia/Physio_1.jpeg","asset","assets/images/socialmedia/Physio_1.jpeg","image","jpeg","972042","99869043518e0b571092ecb6fa1fbfb95a55b3ab3ab1f90c85ef99bbd1240074","unreferenced","0","","","","","unresolved","repository evidence","unreferenced by scanned public pages/source; ownership unresolved"
"asset:assets/images/socialmedia/Physio_1.webp","asset","assets/images/socialmedia/Physio_1.webp","image","webp","136886","12563b987e1cf04fdc1a1d272acc3328ebb60c5937284b23f6e79c05f6221ad8","authored-public-asset","2","assets/js/app.js | src/js/marquee.js","","","","retain","repository evidence",""
"asset:assets/images/socialmedia/Physio_1_Mobile.jpeg","asset","assets/images/socialmedia/Physio_1_Mobile.jpeg","image","jpeg","957296","b3de2bd488d87ea2a08866ae275617bc79b2eb5983cc8c0e065f48213b5e54a9","unreferenced","0","","","","","unresolved","repository evidence","unreferenced by scanned public pages/source; ownership unresolved"
"asset:assets/images/socialmedia/Physio_1_Mobile.webp","asset","assets/images/socialmedia/Physio_1_Mobile.webp","image","webp","135446","181f4adf3d262a412915e742b19b3dd5480f5af7e935b76e5f0d66dc363b251e","unreferenced","0","","","","","unresolved","repository evidence","unreferenced by scanned public pages/source; ownership unresolved"
"asset:assets/images/socialmedia/Physio_2.jpeg","asset","assets/images/socialmedia/Physio_2.jpeg","image","jpeg","6945160","f73c9024e321638bd82f84efab1ef8606c3b97e375930465da4c0a288b81bfe2","authored-public-asset","1","services/physios-chiropractors.html","","","","retain","repository evidence",""
"asset:assets/images/socialmedia/Physio_2.webp","asset","assets/images/socialmedia/Physio_2.webp","image","webp","128258","9354b916fd46cdcef772ae404df298748249ba353319ebc65610084a8cc8493f","authored-public-asset","2","assets/js/app.js | src/js/marquee.js","","","","retain","repository evidence",""
"asset:assets/images/socialmedia/Physio_2_Mobile.jpeg","asset","assets/images/socialmedia/Physio_2_Mobile.jpeg","image","jpeg","954429","0408166d71cefb931949a106366935879b4a37d666dc8d5270383e3a9a80c51a","authored-public-asset","1","services/physios-chiropractors.html","","","","retain","repository evidence",""
"asset:assets/images/socialmedia/Physio_2_Mobile.webp","asset","assets/images/socialmedia/Physio_2_Mobile.webp","image","webp","121036","bf3ee98d3e4f6658c77d52d0053311337a9521764555251b6fdeec637b949766","unreferenced","0","","","","","unresolved","repository evidence","unreferenced by scanned public pages/source; ownership unresolved"
"asset:assets/images/socialmedia/Physio_3.jpeg","asset","assets/images/socialmedia/Physio_3.jpeg","image","jpeg","6701885","e1357bad2df0a0c19a69c43007f4056915b99cbd7145d6fb52c4e4c3edb37091","unreferenced","0","","","","","unresolved","repository evidence","unreferenced by scanned public pages/source; ownership unresolved"
"asset:assets/images/socialmedia/Physio_3.webp","asset","assets/images/socialmedia/Physio_3.webp","image","webp","85878","3ab30a4e9e0114c1bc39fc7ffb61c250e7f3e2e151a14c0496bbebbdd2b53427","authored-public-asset","2","assets/js/app.js | src/js/marquee.js","","","","retain","repository evidence",""
"asset:assets/images/socialmedia/Physio_3_Mobile.jpeg","asset","assets/images/socialmedia/Physio_3_Mobile.jpeg","image","jpeg","6966586","ec6f8db5d365d827b4a376848ff2ba1cdc138978c4b2182c3805042344285233","unreferenced","0","","","","","unresolved","repository evidence","unreferenced by scanned public pages/source; ownership unresolved"
"asset:assets/images/socialmedia/Physio_3_Mobile.webp","asset","assets/images/socialmedia/Physio_3_Mobile.webp","image","webp","135142","e720a979a37f8ca3e03510491a5298c777eb13ad995d2fb986c3d0b1798b26cd","unreferenced","0","","","","","unresolved","repository evidence","unreferenced by scanned public pages/source; ownership unresolved"
"asset:assets/images/socialmedia/Real_Estate_1.jpeg","asset","assets/images/socialmedia/Real_Estate_1.jpeg","image","jpeg","923049","0417051d2a6a8ae7683bfe4df507b04dbd51ba7e3e87e243600b34b6708f560e","authored-public-asset","1","services/estate-agents.html","","","","retain","repository evidence",""
"asset:assets/images/socialmedia/Real_Estate_1.webp","asset","assets/images/socialmedia/Real_Estate_1.webp","image","webp","868136","29388841e4e34a9b155f57270547d1761c08bcf7ff54b4c5c71079dba847fe2b","authored-public-asset","2","assets/js/app.js | src/js/marquee.js","","","","retain","repository evidence",""
"asset:assets/images/socialmedia/Real_Estate_1_Mobile.jpeg","asset","assets/images/socialmedia/Real_Estate_1_Mobile.jpeg","image","jpeg","6899778","e9526eea9fd7202dd941b88f62a7c9311a1073dd4d2e35d0fe40ab5746718ac5","authored-public-asset","1","services/estate-agents.html","","","","retain","repository evidence",""
"asset:assets/images/socialmedia/Real_Estate_1_Mobile.webp","asset","assets/images/socialmedia/Real_Estate_1_Mobile.webp","image","webp","1189174","60d2c6f0ceca59f7b4e27fe5c2d023c1ef4e6cabf0dc725be3037a2cf3460dfe","unreferenced","0","","","","","unresolved","repository evidence","unreferenced by scanned public pages/source; ownership unresolved"
"asset:assets/images/socialmedia/Real_Estate_2.jpeg","asset","assets/images/socialmedia/Real_Estate_2.jpeg","image","jpeg","1012129","5bf98aa29c286dd0f1bead39f82746c8cd59e8c99dedff3e914052f12af5ddbe","authored-public-asset","1","services/estate-agents.html","","","","retain","repository evidence",""
"asset:assets/images/socialmedia/Real_Estate_2.webp","asset","assets/images/socialmedia/Real_Estate_2.webp","image","webp","1050966","9d28befd28aa3fac4c02a07741cbfa57dc27b71e60c0661cae8c39e99ff8d9bf","authored-public-asset","2","assets/js/app.js | src/js/marquee.js","","","","retain","repository evidence",""
"asset:assets/images/socialmedia/Real_Estate_2_Mobile.jpeg","asset","assets/images/socialmedia/Real_Estate_2_Mobile.jpeg","image","jpeg","7005253","883605c75a96bd43eb4f206fcdecaf3c480f2e6a731bc7239b33e6cf0410cde9","authored-public-asset","1","services/estate-agents.html","","","","retain","repository evidence",""
"asset:assets/images/socialmedia/Real_Estate_2_Mobile.webp","asset","assets/images/socialmedia/Real_Estate_2_Mobile.webp","image","webp","1216228","d988f1fa78af6e38efea01400a0a96ca2f78fbfe5be934bc34b9d1a6399dee87","unreferenced","0","","","","","unresolved","repository evidence","unreferenced by scanned public pages/source; ownership unresolved"
"asset:assets/images/socialmedia/Real_Estate_3.jpeg","asset","assets/images/socialmedia/Real_Estate_3.jpeg","image","jpeg","920926","454160a13b66eb1d21c889cf1261b0f22d79ed63d4edc07f574f544cd1e3221a","authored-public-asset","1","services/estate-agents.html","","","","retain","repository evidence",""
"asset:assets/images/socialmedia/Real_Estate_3.webp","asset","assets/images/socialmedia/Real_Estate_3.webp","image","webp","910914","3707a79f0f75f293ff9280c883874713be30247c50e3b40c473eb7027ccff203","authored-public-asset","2","assets/js/app.js | src/js/marquee.js","","","","retain","repository evidence",""
"asset:assets/images/socialmedia/Real_Estate_3_Mobile.jpeg","asset","assets/images/socialmedia/Real_Estate_3_Mobile.jpeg","image","jpeg","7044484","5e80a4dd80e5b001188e659e7e48fe7fe62b648dc2a79fe6f9ba5b0f869a725f","authored-public-asset","1","services/estate-agents.html","","","","retain","repository evidence",""
"asset:assets/images/socialmedia/Real_Estate_3_Mobile.webp","asset","assets/images/socialmedia/Real_Estate_3_Mobile.webp","image","webp","1279036","01a612f90b564d2838689dd1d7a20c65d02c4708f11ab567c14e05ecb1286a00","unreferenced","0","","","","","unresolved","repository evidence","unreferenced by scanned public pages/source; ownership unresolved"
"asset:assets/images/socialmedia/Salon_1.jpeg","asset","assets/images/socialmedia/Salon_1.jpeg","image","jpeg","6931237","be8db39e68eecaf02dea94730bfded79e615402cc742b87a3ccf8e647f1e65e9","authored-public-asset","1","services/salons-barbers.html","","","","retain","repository evidence",""
"asset:assets/images/socialmedia/Salon_1.webp","asset","assets/images/socialmedia/Salon_1.webp","image","webp","95656","6cbe9672da5823c950ba436da75780ca712f60245f8a5afaae59a2e83238e517","authored-public-asset","2","assets/js/app.js | src/js/marquee.js","","","","retain","repository evidence",""
"asset:assets/images/socialmedia/Salon_1_Mobile.jpeg","asset","assets/images/socialmedia/Salon_1_Mobile.jpeg","image","jpeg","6991598","6f88d00f686225ab268fb43fcf32b64ac10125376d5187b9f6715afd50a292b2","authored-public-asset","1","services/salons-barbers.html","","","","retain","repository evidence",""
"asset:assets/images/socialmedia/Salon_1_Mobile.webp","asset","assets/images/socialmedia/Salon_1_Mobile.webp","image","webp","105434","7dd21a23cc1e9d18ee883bc70fcb17bce7a3107c9f33717483a08f9d5fe01484","unreferenced","0","","","","","unresolved","repository evidence","unreferenced by scanned public pages/source; ownership unresolved"
"asset:assets/images/socialmedia/Salon_2.jpeg","asset","assets/images/socialmedia/Salon_2.jpeg","image","jpeg","2671372","e4f8a40cecb8ed38dff58bb6e7a06b5427d3f7a3e7317aabb52fc34acaf0afa7","unreferenced","0","","","","","unresolved","repository evidence","unreferenced by scanned public pages/source; ownership unresolved"
"asset:assets/images/socialmedia/Salon_2.webp","asset","assets/images/socialmedia/Salon_2.webp","image","webp","46930","b51800d16a0af94818ef719146b819d7b5e6809fcb9e1bce117713ba482d787b","authored-public-asset","2","assets/js/app.js | src/js/marquee.js","","","","retain","repository evidence",""
"asset:assets/images/socialmedia/Salon_2_Mobile.jpeg","asset","assets/images/socialmedia/Salon_2_Mobile.jpeg","image","jpeg","2752788","64256355f02d075701defc09657e7b841033f6e9cda851bda94101b831fdc536","unreferenced","0","","","","","unresolved","repository evidence","unreferenced by scanned public pages/source; ownership unresolved"
"asset:assets/images/socialmedia/Salon_2_Mobile.webp","asset","assets/images/socialmedia/Salon_2_Mobile.webp","image","webp","45944","cb564288cbc938aa85d43c4d2a7991477fb11a86e2d54acaf8a77daf4cc28cbc","unreferenced","0","","","","","unresolved","repository evidence","unreferenced by scanned public pages/source; ownership unresolved"
"asset:assets/images/socialmedia/Salon_3.jpeg","asset","assets/images/socialmedia/Salon_3.jpeg","image","jpeg","2724376","4d31c4ff461b34a1957504ca492299cc1c36e295d93c7010981363dd758cf475","unreferenced","0","","","","","unresolved","repository evidence","unreferenced by scanned public pages/source; ownership unresolved"
"asset:assets/images/socialmedia/Salon_3.webp","asset","assets/images/socialmedia/Salon_3.webp","image","webp","46920","1ceeed5f230a960fc288812420eaf4fd30e8a72b46ca68941bd629bbb4c8c093","authored-public-asset","2","assets/js/app.js | src/js/marquee.js","","","","retain","repository evidence",""
"asset:assets/images/socialmedia/Salon_3_Mobile.jpeg","asset","assets/images/socialmedia/Salon_3_Mobile.jpeg","image","jpeg","2727434","45187594c1ccec1e47ef37de7d4201f95dc4343af11b7f581da1c58e50cab3c1","unreferenced","0","","","","","unresolved","repository evidence","unreferenced by scanned public pages/source; ownership unresolved"
"asset:assets/images/socialmedia/Salon_3_Mobile.webp","asset","assets/images/socialmedia/Salon_3_Mobile.webp","image","webp","45518","6f7557d9d8260dff38eb080f60b6a330db25fb82414ed18c0e47c2a14faf09bc","unreferenced","0","","","","","unresolved","repository evidence","unreferenced by scanned public pages/source; ownership unresolved"
"asset:assets/images/socialmedia/Trades_1.jpeg","asset","assets/images/socialmedia/Trades_1.jpeg","image","jpeg","7101768","1cc638344a1a9a3926bec18c94e2a95a6515bb3c661f67d7652b0d774cf44274","authored-public-asset","1","services/trades.html","","","","retain","repository evidence",""
"asset:assets/images/socialmedia/Trades_1.webp","asset","assets/images/socialmedia/Trades_1.webp","image","webp","200084","e8f9eb1c9bf5ebd6f6053c459aaf6f37a05b8ee3d7a9e22ddf0b1f5d5c951307","authored-public-asset","2","assets/js/app.js | src/js/marquee.js","","","","retain","repository evidence",""
"asset:assets/images/socialmedia/Trades_1_Mobile.jpeg","asset","assets/images/socialmedia/Trades_1_Mobile.jpeg","image","jpeg","7063484","773e2bfc963d394cdf12ec7b5b9308b2493533b6585bf912fc2f0c14ed7d8af7","authored-public-asset","1","services/trades.html","","","","retain","repository evidence",""
"asset:assets/images/socialmedia/Trades_1_Mobile.webp","asset","assets/images/socialmedia/Trades_1_Mobile.webp","image","webp","188522","60183cb4e62c69d9c57cf2f52127852e69a7196e80fd97d3140576afb7f39080","unreferenced","0","","","","","unresolved","repository evidence","unreferenced by scanned public pages/source; ownership unresolved"
"asset:assets/images/socialmedia/Trades_2.jpeg","asset","assets/images/socialmedia/Trades_2.jpeg","image","jpeg","6990407","a9715d5261c9de6635978a1edb65aeadead0bf4c4346ae6e364d7a0416734258","authored-public-asset","1","services/trades.html","","","","retain","repository evidence",""
"asset:assets/images/socialmedia/Trades_2.webp","asset","assets/images/socialmedia/Trades_2.webp","image","webp","137862","d08a8ea0bfca11a8bd2399ce60cf1974f9302631feeddb0e2db38510ca22d960","authored-public-asset","2","assets/js/app.js | src/js/marquee.js","","","","retain","repository evidence",""
"asset:assets/images/socialmedia/Trades_2_Mobile.jpeg","asset","assets/images/socialmedia/Trades_2_Mobile.jpeg","image","jpeg","7060898","225a12333c4e87860109d059108a0a6a072e45f3049c9b27a73b36b46e1806a2","authored-public-asset","2","scripts/optimize-images.js | services/trades.html","","","","retain","repository evidence",""
"asset:assets/images/socialmedia/Trades_2_Mobile.webp","asset","assets/images/socialmedia/Trades_2_Mobile.webp","image","webp","135676","ba3fb0b555ac208f57582c60405f2bef9b89fd68edd65fb68b3b0e4d26735b24","unreferenced","0","","","","","unresolved","repository evidence","unreferenced by scanned public pages/source; ownership unresolved"
"asset:assets/images/socialmedia/Trades_3.jpeg","asset","assets/images/socialmedia/Trades_3.jpeg","image","jpeg","6896359","b173165278edfda62df8a44b7c6c6fa7c0cb76c01aa4bd0630f126958e6b9569","authored-public-asset","1","services/trades.html","","","","retain","repository evidence",""
"asset:assets/images/socialmedia/Trades_3.webp","asset","assets/images/socialmedia/Trades_3.webp","image","webp","104054","77bebe1b8bf2312f3fd725f7fbebd1848d7c3377045fd761953755708fb40025","authored-public-asset","2","assets/js/app.js | src/js/marquee.js","","","","retain","repository evidence",""
"asset:assets/images/socialmedia/Trades_3_Mobile.jpeg","asset","assets/images/socialmedia/Trades_3_Mobile.jpeg","image","jpeg","6945666","e4dd59deb411750a35beef261ba428863bab593ff897641e340dadf0d559f8a8","authored-public-asset","1","services/trades.html","","","","retain","repository evidence",""
"asset:assets/images/socialmedia/Trades_3_Mobile.webp","asset","assets/images/socialmedia/Trades_3_Mobile.webp","image","webp","107166","0c89afb7ac5b977f5c2e91910425937d40c554bf0253f60d117f8451544f5f19","unreferenced","0","","","","","unresolved","repository evidence","unreferenced by scanned public pages/source; ownership unresolved"
"asset:assets/images/socialmedia/dentist-1-mobile.png","asset","assets/images/socialmedia/dentist-1-mobile.png","image","png","5768239","4372c1648879bb6d1f396a591a751eead37130783624d8985930ad0333f58d47","authored-public-asset","1","services/dentists.html","","","","retain","repository evidence",""
"asset:assets/images/socialmedia/dentist-1.png","asset","assets/images/socialmedia/dentist-1.png","image","png","5689011","d6e1f9a7d1c908e9c3ddf81280eb248576304a185e4c1a2f447f3de1848ca286","authored-public-asset","1","services/dentists.html","","","","retain","repository evidence",""
"asset:assets/images/socialmedia/dentist-2-mobile.png","asset","assets/images/socialmedia/dentist-2-mobile.png","image","png","6208657","89c4b59f845505d9460820cfa8ba60dca7c197a5a911d2c921aaa613819c0e63","authored-public-asset","1","services/dentists.html","","","","retain","repository evidence",""
"asset:assets/images/socialmedia/dentist-2.png","asset","assets/images/socialmedia/dentist-2.png","image","png","5755487","e37a8eb07002a3588b700a03a7c7445e7160e8ddeb6d1cb1a4dce1c33f630747","authored-public-asset","1","services/dentists.html","","","","retain","repository evidence",""
"asset:assets/images/socialmedia/dentist-3-mobile.png","asset","assets/images/socialmedia/dentist-3-mobile.png","image","png","5619616","a77727a47e52a9eccc4388ae11ba0251600b1813e4337d62a03b3c6b95ed82d8","authored-public-asset","1","services/dentists.html","","","","retain","repository evidence",""
"asset:assets/images/socialmedia/dentist-3.png","asset","assets/images/socialmedia/dentist-3.png","image","png","5726813","0689fd4b7191aac485e625b63748ea9396fa8c6554695cbcb7dd362bd5381bfa","authored-public-asset","1","services/dentists.html","","","","retain","repository evidence",""
"asset:assets/images/socialmedia/derived/1-1_Trades_Grid-320.avif","asset","assets/images/socialmedia/derived/1-1_Trades_Grid-320.avif","image","avif","9588","63d50686bd07e827374c06f8cc3b9ebe1c4da5570a81185318b789a2db1b6bb1","generated-derivative","0","","","","","refactor","repository evidence",""
"asset:assets/images/socialmedia/derived/1-1_Trades_Grid-320.jpg","asset","assets/images/socialmedia/derived/1-1_Trades_Grid-320.jpg","image","jpg","17931","ed7686a650332d2ba6acb41402920e082295e7214a6b378d38bc96c1dd03d54e","generated-derivative","0","","","","","refactor","repository evidence",""
"asset:assets/images/socialmedia/derived/1-1_Trades_Grid-320.webp","asset","assets/images/socialmedia/derived/1-1_Trades_Grid-320.webp","image","webp","13090","cfd8597dbcaff30b5d32de1714235097d642c81ee26ddda4c85ce2868a86b37a","generated-derivative","0","","","","","refactor","repository evidence",""
"asset:assets/images/socialmedia/derived/1-1_Trades_Grid-480.avif","asset","assets/images/socialmedia/derived/1-1_Trades_Grid-480.avif","image","avif","15285","a8946505f84a4a0b13f3731adc3b87e63da9dd975492b32ebc5db4ac0314f426","generated-derivative","0","","","","","refactor","repository evidence",""
"asset:assets/images/socialmedia/derived/1-1_Trades_Grid-480.jpg","asset","assets/images/socialmedia/derived/1-1_Trades_Grid-480.jpg","image","jpg","33055","ac92851eda39951192083ae469bcffc606e75514b144aac37b0c9a0a7ae22236","generated-derivative","0","","","","","refactor","repository evidence",""
"asset:assets/images/socialmedia/derived/1-1_Trades_Grid-480.webp","asset","assets/images/socialmedia/derived/1-1_Trades_Grid-480.webp","image","webp","22548","432cb5557ce2c59bc1b75e8ccb4fa12381512df7be89657f0d6a7ccb2d139cf7","generated-derivative","0","","","","","refactor","repository evidence",""
"asset:assets/images/socialmedia/derived/1-1_Trades_Grid-640.avif","asset","assets/images/socialmedia/derived/1-1_Trades_Grid-640.avif","image","avif","21490","48a748867537a3dbcc2dee2b730924e7cccba2da48750772322139eb33a57019","generated-derivative","0","","","","","refactor","repository evidence",""
"asset:assets/images/socialmedia/derived/1-1_Trades_Grid-640.jpg","asset","assets/images/socialmedia/derived/1-1_Trades_Grid-640.jpg","image","jpg","50875","ee38f73201e2f25ba99bb0b0d2f0a4d78e97f8063994c49ec0ad14ed996e93fd","generated-derivative","0","","","","","refactor","repository evidence",""
"asset:assets/images/socialmedia/derived/1-1_Trades_Grid-640.webp","asset","assets/images/socialmedia/derived/1-1_Trades_Grid-640.webp","image","webp","32622","69d287fb679d287905a1b4f04e0409fb569516be3bafb41f992e2d3f5913f5a8","generated-derivative","0","","","","","refactor","repository evidence",""
"asset:assets/images/socialmedia/derived/2-3_realestate_phone-with-house-icon_focus-on-the-viewing-320.avif","asset","assets/images/socialmedia/derived/2-3_realestate_phone-with-house-icon_focus-on-the-viewing-320.avif","image","avif","10891","0c5655d824889b900d3e1f5a81fa2e8f9b3740a4608ede9975f65b2dca9bd7e0","generated-derivative","0","","","","","refactor","repository evidence",""
"asset:assets/images/socialmedia/derived/2-3_realestate_phone-with-house-icon_focus-on-the-viewing-320.jpg","asset","assets/images/socialmedia/derived/2-3_realestate_phone-with-house-icon_focus-on-the-viewing-320.jpg","image","jpg","21586","0ed100c3a16f47cc1ebe5bb5d3eac9c81b91f93e3c20e318c7aed9e77a5320f0","generated-derivative","0","","","","","refactor","repository evidence",""
"asset:assets/images/socialmedia/derived/2-3_realestate_phone-with-house-icon_focus-on-the-viewing-320.webp","asset","assets/images/socialmedia/derived/2-3_realestate_phone-with-house-icon_focus-on-the-viewing-320.webp","image","webp","14066","0f4059a756445c5fda511e9a3961cda4f8ab4da071b253dda26f9310dc7c0e05","generated-derivative","0","","","","","refactor","repository evidence",""
"asset:assets/images/socialmedia/derived/2-3_realestate_phone-with-house-icon_focus-on-the-viewing-480.avif","asset","assets/images/socialmedia/derived/2-3_realestate_phone-with-house-icon_focus-on-the-viewing-480.avif","image","avif","17179","600c93130a4b11dd828e534bc288fed209a69fe55ec8cb0973be615759cf5cf5","generated-derivative","0","","","","","refactor","repository evidence",""
"asset:assets/images/socialmedia/derived/2-3_realestate_phone-with-house-icon_focus-on-the-viewing-480.jpg","asset","assets/images/socialmedia/derived/2-3_realestate_phone-with-house-icon_focus-on-the-viewing-480.jpg","image","jpg","39506","7aae26511e986cf082731b5b40e5b766e83df9d7f9f694b499a2d3c5055e4dd1","generated-derivative","0","","","","","refactor","repository evidence",""
"asset:assets/images/socialmedia/derived/2-3_realestate_phone-with-house-icon_focus-on-the-viewing-480.webp","asset","assets/images/socialmedia/derived/2-3_realestate_phone-with-house-icon_focus-on-the-viewing-480.webp","image","webp","23792","1a5ad8744742d5f1c5b35ea3b335e85d5bc6dba94be6baed7a915ab986d75a65","generated-derivative","0","","","","","refactor","repository evidence",""
"asset:assets/images/socialmedia/derived/2-3_realestate_phone-with-house-icon_focus-on-the-viewing-640.avif","asset","assets/images/socialmedia/derived/2-3_realestate_phone-with-house-icon_focus-on-the-viewing-640.avif","image","avif","23128","b7277d971939a70d46d8a63fb357de43a6c49d0ff9e5af4528dc03be23dce314","generated-derivative","0","","","","","refactor","repository evidence",""
"asset:assets/images/socialmedia/derived/2-3_realestate_phone-with-house-icon_focus-on-the-viewing-640.jpg","asset","assets/images/socialmedia/derived/2-3_realestate_phone-with-house-icon_focus-on-the-viewing-640.jpg","image","jpg","59574","f953bb6f06dc76f67ac292e601ada88516c63a17b8e5eb024e59972b117c527d","generated-derivative","0","","","","","refactor","repository evidence",""
"asset:assets/images/socialmedia/derived/2-3_realestate_phone-with-house-icon_focus-on-the-viewing-640.webp","asset","assets/images/socialmedia/derived/2-3_realestate_phone-with-house-icon_focus-on-the-viewing-640.webp","image","webp","33968","2a21634eddcb68d0bcc139625fc5c1aea5078d10d0ab78eb8161c094aeac1174","generated-derivative","0","","","","","refactor","repository evidence",""
"asset:assets/images/socialmedia/derived/2-3_salon_spa-room-booking-confirmed_full-treatment-list-zero-interruptions-320.avif","asset","assets/images/socialmedia/derived/2-3_salon_spa-room-booking-confirmed_full-treatment-list-zero-interruptions-320.avif","image","avif","11659","3aeac625880a04dcf29d2615cc69c51384b85f250a2e915012b5c925f34b2d4e","generated-derivative","0","","","","","refactor","repository evidence",""
"asset:assets/images/socialmedia/derived/2-3_salon_spa-room-booking-confirmed_full-treatment-list-zero-interruptions-320.jpg","asset","assets/images/socialmedia/derived/2-3_salon_spa-room-booking-confirmed_full-treatment-list-zero-interruptions-320.jpg","image","jpg","24102","b8e7e39b19e8d3092d876408a80a69726c40c69d67f9ce9935ccc89fc6bdcb72","generated-derivative","0","","","","","refactor","repository evidence",""
"asset:assets/images/socialmedia/derived/2-3_salon_spa-room-booking-confirmed_full-treatment-list-zero-interruptions-320.webp","asset","assets/images/socialmedia/derived/2-3_salon_spa-room-booking-confirmed_full-treatment-list-zero-interruptions-320.webp","image","webp","15996","198fc1a79f708fa1c2f46b3c80266b517b40df0fe24c02a7c8105d2d0aa2ace7","generated-derivative","0","","","","","refactor","repository evidence",""
"asset:assets/images/socialmedia/derived/2-3_salon_spa-room-booking-confirmed_full-treatment-list-zero-interruptions-480.avif","asset","assets/images/socialmedia/derived/2-3_salon_spa-room-booking-confirmed_full-treatment-list-zero-interruptions-480.avif","image","avif","18241","5746c7b98d6cf1d5362c58dfa2968abb7bb9831acc0b3cc709a0d11be87d1549","generated-derivative","0","","","","","refactor","repository evidence",""
"asset:assets/images/socialmedia/derived/2-3_salon_spa-room-booking-confirmed_full-treatment-list-zero-interruptions-480.jpg","asset","assets/images/socialmedia/derived/2-3_salon_spa-room-booking-confirmed_full-treatment-list-zero-interruptions-480.jpg","image","jpg","43612","e2cb4aae5465f0fc6541a5d057468c61c0033eeaa562f586d82c158329a200f9","generated-derivative","0","","","","","refactor","repository evidence",""
"asset:assets/images/socialmedia/derived/2-3_salon_spa-room-booking-confirmed_full-treatment-list-zero-interruptions-480.webp","asset","assets/images/socialmedia/derived/2-3_salon_spa-room-booking-confirmed_full-treatment-list-zero-interruptions-480.webp","image","webp","25384","c655f7544dc36b5eb68d4d35ec2c405247ce051b5492df5ed566497c40e744f0","generated-derivative","0","","","","","refactor","repository evidence",""
"asset:assets/images/socialmedia/derived/2-3_salon_spa-room-booking-confirmed_full-treatment-list-zero-interruptions-640.avif","asset","assets/images/socialmedia/derived/2-3_salon_spa-room-booking-confirmed_full-treatment-list-zero-interruptions-640.avif","image","avif","24868","874037a6d796faed47797797972b3c67cb10a1eff16099218134892082fde87c","generated-derivative","0","","","","","refactor","repository evidence",""
"asset:assets/images/socialmedia/derived/2-3_salon_spa-room-booking-confirmed_full-treatment-list-zero-interruptions-640.jpg","asset","assets/images/socialmedia/derived/2-3_salon_spa-room-booking-confirmed_full-treatment-list-zero-interruptions-640.jpg","image","jpg","66765","0efa0b31b804c219efc76e546504b3148e33734b6b053257f6e9c04c2910667e","generated-derivative","0","","","","","refactor","repository evidence",""
"asset:assets/images/socialmedia/derived/2-3_salon_spa-room-booking-confirmed_full-treatment-list-zero-interruptions-640.webp","asset","assets/images/socialmedia/derived/2-3_salon_spa-room-booking-confirmed_full-treatment-list-zero-interruptions-640.webp","image","webp","36502","5fb5892b66a31871f4b37f64bb68dbd6c7bc1e9e0668587b54773f5b3f95610d","generated-derivative","0","","","","","refactor","repository evidence",""
"asset:assets/images/socialmedia/derived/2-3_voicebot_globe-and-tablet_100k-conversations-zero-burnout-320.avif","asset","assets/images/socialmedia/derived/2-3_voicebot_globe-and-tablet_100k-conversations-zero-burnout-320.avif","image","avif","10664","ea1fea4b8c2ab65c0cb8b493efbb48242962111356f38d012874411529cf060a","generated-derivative","0","","","","","refactor","repository evidence",""
"asset:assets/images/socialmedia/derived/2-3_voicebot_globe-and-tablet_100k-conversations-zero-burnout-320.jpg","asset","assets/images/socialmedia/derived/2-3_voicebot_globe-and-tablet_100k-conversations-zero-burnout-320.jpg","image","jpg","20228","ebbd4709e0e84060efb54063a785688daa5d9c0c299e1fe6f8b0547855253e07","generated-derivative","0","","","","","refactor","repository evidence",""
"asset:assets/images/socialmedia/derived/2-3_voicebot_globe-and-tablet_100k-conversations-zero-burnout-320.webp","asset","assets/images/socialmedia/derived/2-3_voicebot_globe-and-tablet_100k-conversations-zero-burnout-320.webp","image","webp","14060","1dde48595cd679c92080697b57b2ee49954e6a6bee5043fd8a399f77df9e500f","generated-derivative","0","","","","","refactor","repository evidence",""
"asset:assets/images/socialmedia/derived/2-3_voicebot_globe-and-tablet_100k-conversations-zero-burnout-480.avif","asset","assets/images/socialmedia/derived/2-3_voicebot_globe-and-tablet_100k-conversations-zero-burnout-480.avif","image","avif","18677","0ff7a39db2eede786a861df536de50dea9009d9029b85f83611eb5d92e2bbf74","generated-derivative","0","","","","","refactor","repository evidence",""
"asset:assets/images/socialmedia/derived/2-3_voicebot_globe-and-tablet_100k-conversations-zero-burnout-480.jpg","asset","assets/images/socialmedia/derived/2-3_voicebot_globe-and-tablet_100k-conversations-zero-burnout-480.jpg","image","jpg","39016","300b83c02fa89ceb4ace6029fd0555d672c998155eabceac51bff022007c79d7","generated-derivative","0","","","","","refactor","repository evidence",""
"asset:assets/images/socialmedia/derived/2-3_voicebot_globe-and-tablet_100k-conversations-zero-burnout-480.webp","asset","assets/images/socialmedia/derived/2-3_voicebot_globe-and-tablet_100k-conversations-zero-burnout-480.webp","image","webp","26110","db2d7d92afbd4aafc1c949171460b4a857d2635c292ce4b30d087879d7078b58","generated-derivative","0","","","","","refactor","repository evidence",""
"asset:assets/images/socialmedia/derived/2-3_voicebot_globe-and-tablet_100k-conversations-zero-burnout-640.avif","asset","assets/images/socialmedia/derived/2-3_voicebot_globe-and-tablet_100k-conversations-zero-burnout-640.avif","image","avif","26549","d55a15668ea3ccab54ed422966b8169872d14e5b522b2c6f8e274546e592d50f","generated-derivative","0","","","","","refactor","repository evidence",""
"asset:assets/images/socialmedia/derived/2-3_voicebot_globe-and-tablet_100k-conversations-zero-burnout-640.jpg","asset","assets/images/socialmedia/derived/2-3_voicebot_globe-and-tablet_100k-conversations-zero-burnout-640.jpg","image","jpg","61515","1c372b875f33cc98dae513fa74d90236a03027e2d82542fd3ac7382e3fd77348","generated-derivative","0","","","","","refactor","repository evidence",""
"asset:assets/images/socialmedia/derived/2-3_voicebot_globe-and-tablet_100k-conversations-zero-burnout-640.webp","asset","assets/images/socialmedia/derived/2-3_voicebot_globe-and-tablet_100k-conversations-zero-burnout-640.webp","image","webp","38816","ba2829b5648c1a9c527b6357d21cfd3435e0811da2d9134b9ba928b0d2810812","generated-derivative","0","","","","","refactor","repository evidence",""
"asset:assets/images/socialmedia/derived/3-2_business_laptop-with-sales-dashboard_your-shop-sells-while-you-sleep-320.avif","asset","assets/images/socialmedia/derived/3-2_business_laptop-with-sales-dashboard_your-shop-sells-while-you-sleep-320.avif","image","avif","4661","50eb1a78ec8b62631d61324b5bcce068b1190914c8def0149cd298aa8af4df2b","generated-derivative","0","","","","","refactor","repository evidence",""
"asset:assets/images/socialmedia/derived/3-2_business_laptop-with-sales-dashboard_your-shop-sells-while-you-sleep-320.jpg","asset","assets/images/socialmedia/derived/3-2_business_laptop-with-sales-dashboard_your-shop-sells-while-you-sleep-320.jpg","image","jpg","9610","7464d93bad869cf043b5d72a3244cbc8a4b602220e033d8044785ad0c92c3f27","generated-derivative","0","","","","","refactor","repository evidence",""
"asset:assets/images/socialmedia/derived/3-2_business_laptop-with-sales-dashboard_your-shop-sells-while-you-sleep-320.webp","asset","assets/images/socialmedia/derived/3-2_business_laptop-with-sales-dashboard_your-shop-sells-while-you-sleep-320.webp","image","webp","6214","1b313b820dbf4eab9000c0fdd8b35a364a6de5e3063d99b0ba6cc7d8a5d28106","generated-derivative","0","","","","","refactor","repository evidence",""
"asset:assets/images/socialmedia/derived/3-2_business_laptop-with-sales-dashboard_your-shop-sells-while-you-sleep-480.avif","asset","assets/images/socialmedia/derived/3-2_business_laptop-with-sales-dashboard_your-shop-sells-while-you-sleep-480.avif","image","avif","7090","fd71ebc4bcbabde2ae063bc863c435b95214455610a5dd7643ee0418f5c4db68","generated-derivative","0","","","","","refactor","repository evidence",""
"asset:assets/images/socialmedia/derived/3-2_business_laptop-with-sales-dashboard_your-shop-sells-while-you-sleep-480.jpg","asset","assets/images/socialmedia/derived/3-2_business_laptop-with-sales-dashboard_your-shop-sells-while-you-sleep-480.jpg","image","jpg","17829","ce0d88e96e56ca6ea24147b957a54c41d23a8ab0cddc83393db83ebbbacd0e6d","generated-derivative","0","","","","","refactor","repository evidence",""
"asset:assets/images/socialmedia/derived/3-2_business_laptop-with-sales-dashboard_your-shop-sells-while-you-sleep-480.webp","asset","assets/images/socialmedia/derived/3-2_business_laptop-with-sales-dashboard_your-shop-sells-while-you-sleep-480.webp","image","webp","10790","191b636be887c2d1ff38c8946e38301e2c52b9cd1eddf1a48c2c8241b423d3e6","generated-derivative","0","","","","","refactor","repository evidence",""
"asset:assets/images/socialmedia/derived/3-2_business_laptop-with-sales-dashboard_your-shop-sells-while-you-sleep-640.avif","asset","assets/images/socialmedia/derived/3-2_business_laptop-with-sales-dashboard_your-shop-sells-while-you-sleep-640.avif","image","avif","10013","63d76e4720e06c33b7404de28acea45597c983cafee5935017e221745d9f4507","generated-derivative","0","","","","","refactor","repository evidence",""
"asset:assets/images/socialmedia/derived/3-2_business_laptop-with-sales-dashboard_your-shop-sells-while-you-sleep-640.jpg","asset","assets/images/socialmedia/derived/3-2_business_laptop-with-sales-dashboard_your-shop-sells-while-you-sleep-640.jpg","image","jpg","27034","e6246d3591214fe6139386f20c8d79c5cf5ccda3bb909d7086ded6170a749f6f","generated-derivative","0","","","","","refactor","repository evidence",""
"asset:assets/images/socialmedia/derived/3-2_business_laptop-with-sales-dashboard_your-shop-sells-while-you-sleep-640.webp","asset","assets/images/socialmedia/derived/3-2_business_laptop-with-sales-dashboard_your-shop-sells-while-you-sleep-640.webp","image","webp","16190","0cf6304b48e00d656d2dc2ffd3933a43725f0a963bf522314b197d583f69984e","generated-derivative","0","","","","","refactor","repository evidence",""
"asset:assets/images/socialmedia/derived/3-2_sales_laptop-and-graphs_thousands-of-calls-barely-any-conversions-320.avif","asset","assets/images/socialmedia/derived/3-2_sales_laptop-and-graphs_thousands-of-calls-barely-any-conversions-320.avif","image","avif","8595","e6a1799a41811894304991a7fc257cbaba2125261d4fb5dfbf92b5eb5119f879","generated-derivative","0","","","","","refactor","repository evidence",""
"asset:assets/images/socialmedia/derived/3-2_sales_laptop-and-graphs_thousands-of-calls-barely-any-conversions-320.jpg","asset","assets/images/socialmedia/derived/3-2_sales_laptop-and-graphs_thousands-of-calls-barely-any-conversions-320.jpg","image","jpg","13542","a2e15d5fa1484eec0f6022e4bf907d1b1b98a943a363b17996d13d1aed7f99ce","generated-derivative","0","","","","","refactor","repository evidence",""
"asset:assets/images/socialmedia/derived/3-2_sales_laptop-and-graphs_thousands-of-calls-barely-any-conversions-320.webp","asset","assets/images/socialmedia/derived/3-2_sales_laptop-and-graphs_thousands-of-calls-barely-any-conversions-320.webp","image","webp","10220","d0d0ff0da47c06505f99d32f51615479c5271c580f71178a26a8ec91460a9fcf","generated-derivative","0","","","","","refactor","repository evidence",""
"asset:assets/images/socialmedia/derived/3-2_sales_laptop-and-graphs_thousands-of-calls-barely-any-conversions-480.avif","asset","assets/images/socialmedia/derived/3-2_sales_laptop-and-graphs_thousands-of-calls-barely-any-conversions-480.avif","image","avif","14240","bb2d40d3a93d74d560b5c0ae123491844ba5e21f4ae2cc68bd35c590f906721d","generated-derivative","0","","","","","refactor","repository evidence",""
"asset:assets/images/socialmedia/derived/3-2_sales_laptop-and-graphs_thousands-of-calls-barely-any-conversions-480.jpg","asset","assets/images/socialmedia/derived/3-2_sales_laptop-and-graphs_thousands-of-calls-barely-any-conversions-480.jpg","image","jpg","25398","a492140bccf9f61e2967056e72ccbc5ada898145d6e546450d2261e10e08372f","generated-derivative","0","","","","","refactor","repository evidence",""
"asset:assets/images/socialmedia/derived/3-2_sales_laptop-and-graphs_thousands-of-calls-barely-any-conversions-480.webp","asset","assets/images/socialmedia/derived/3-2_sales_laptop-and-graphs_thousands-of-calls-barely-any-conversions-480.webp","image","webp","17988","a05d0e5f84935f74cc9e445796c593d8d50c5ed51fffcdc6cb33539dd70b3f1a","generated-derivative","0","","","","","refactor","repository evidence",""
"asset:assets/images/socialmedia/derived/3-2_sales_laptop-and-graphs_thousands-of-calls-barely-any-conversions-640.avif","asset","assets/images/socialmedia/derived/3-2_sales_laptop-and-graphs_thousands-of-calls-barely-any-conversions-640.avif","image","avif","19692","c8f6857409c8c362f4bab4db214f0d30e65f4e1f94538a84860ec7c0a4419c63","generated-derivative","0","","","","","refactor","repository evidence",""
"asset:assets/images/socialmedia/derived/3-2_sales_laptop-and-graphs_thousands-of-calls-barely-any-conversions-640.jpg","asset","assets/images/socialmedia/derived/3-2_sales_laptop-and-graphs_thousands-of-calls-barely-any-conversions-640.jpg","image","jpg","39505","3d7cc93eb86f519d97cb248a5afb8ce644de272e6bec66ffd9c34bd383f61b19","generated-derivative","0","","","","","refactor","repository evidence",""
"asset:assets/images/socialmedia/derived/3-2_sales_laptop-and-graphs_thousands-of-calls-barely-any-conversions-640.webp","asset","assets/images/socialmedia/derived/3-2_sales_laptop-and-graphs_thousands-of-calls-barely-any-conversions-640.webp","image","webp","25982","b3d829df6267ee5405fa87afda9db949082c58eb6075b3b946dd019b22beafda","generated-derivative","0","","","","","refactor","repository evidence",""
"asset:assets/images/socialmedia/derived/3-2_tutoring_tutor-with-laptop_more-focused-1-1-lessons-320.avif","asset","assets/images/socialmedia/derived/3-2_tutoring_tutor-with-laptop_more-focused-1-1-lessons-320.avif","image","avif","7073","c90d845b4a60caca667fba2e04db6eac5e0acf42082a7bbd0e46e9dad600a9fa","generated-derivative","0","","","","","refactor","repository evidence",""
"asset:assets/images/socialmedia/derived/3-2_tutoring_tutor-with-laptop_more-focused-1-1-lessons-320.jpg","asset","assets/images/socialmedia/derived/3-2_tutoring_tutor-with-laptop_more-focused-1-1-lessons-320.jpg","image","jpg","12547","ec3f835dd749fe0ffa1ff33d1fa158818940611b5c8d97e1bc6adafdf9bd8923","generated-derivative","0","","","","","refactor","repository evidence",""
"asset:assets/images/socialmedia/derived/3-2_tutoring_tutor-with-laptop_more-focused-1-1-lessons-320.webp","asset","assets/images/socialmedia/derived/3-2_tutoring_tutor-with-laptop_more-focused-1-1-lessons-320.webp","image","webp","8750","4681447adeafba0ccbd403d14925bbd27c688b98d2b1831008629ee59b994d67","generated-derivative","0","","","","","refactor","repository evidence",""
"asset:assets/images/socialmedia/derived/3-2_tutoring_tutor-with-laptop_more-focused-1-1-lessons-480.avif","asset","assets/images/socialmedia/derived/3-2_tutoring_tutor-with-laptop_more-focused-1-1-lessons-480.avif","image","avif","11473","980ce477dc59c43d170ddb4ea48725621c2be1a17ac229409e4226607a0dd4d9","generated-derivative","0","","","","","refactor","repository evidence",""
"asset:assets/images/socialmedia/derived/3-2_tutoring_tutor-with-laptop_more-focused-1-1-lessons-480.jpg","asset","assets/images/socialmedia/derived/3-2_tutoring_tutor-with-laptop_more-focused-1-1-lessons-480.jpg","image","jpg","23266","fb06ff3f4f5ec5b08d4c6bbac019cd05750c52061089eb827ec7c37bcd0c77d0","generated-derivative","0","","","","","refactor","repository evidence",""
"asset:assets/images/socialmedia/derived/3-2_tutoring_tutor-with-laptop_more-focused-1-1-lessons-480.webp","asset","assets/images/socialmedia/derived/3-2_tutoring_tutor-with-laptop_more-focused-1-1-lessons-480.webp","image","webp","15180","21c1df91affee50cb748bceaaa023f9b09479b71f125cbb87c753d862fea515f","generated-derivative","0","","","","","refactor","repository evidence",""
"asset:assets/images/socialmedia/derived/3-2_tutoring_tutor-with-laptop_more-focused-1-1-lessons-640.avif","asset","assets/images/socialmedia/derived/3-2_tutoring_tutor-with-laptop_more-focused-1-1-lessons-640.avif","image","avif","16001","dab9d4f4edb4d01cd00ea74551abfb4b74ceef81bf2fb1ed73960518ada40d7c","generated-derivative","0","","","","","refactor","repository evidence",""
"asset:assets/images/socialmedia/derived/3-2_tutoring_tutor-with-laptop_more-focused-1-1-lessons-640.jpg","asset","assets/images/socialmedia/derived/3-2_tutoring_tutor-with-laptop_more-focused-1-1-lessons-640.jpg","image","jpg","36053","7af3e76ec434cb58927b6dc501e2cc489e0468f54f0f5dc66c917f9e2603ea8c","generated-derivative","0","","","","","refactor","repository evidence",""
"asset:assets/images/socialmedia/derived/3-2_tutoring_tutor-with-laptop_more-focused-1-1-lessons-640.webp","asset","assets/images/socialmedia/derived/3-2_tutoring_tutor-with-laptop_more-focused-1-1-lessons-640.webp","image","webp","22408","44b7fc00c6c1c687aa71c8ffdb6e51324261eec7e61268dc03d51786d646f2e3","generated-derivative","0","","","","","refactor","repository evidence",""
"asset:assets/images/socialmedia/derived/Dentists_1-640.avif","asset","assets/images/socialmedia/derived/Dentists_1-640.avif","image","avif","8407","2776a3b6cfb763090e0ec7177fe0262d302e39a11ccb361a49d69e105209bb49","generated-derivative","0","","","","","refactor","repository evidence",""
"asset:assets/images/socialmedia/derived/Dentists_1-640.jpg","asset","assets/images/socialmedia/derived/Dentists_1-640.jpg","image","jpg","21763","71659f246965ea78a3e93263010bcf4d4df5f5026469dbe3af9fd0aeb323b6b3","generated-derivative","0","","","","","refactor","repository evidence",""
"asset:assets/images/socialmedia/derived/Dentists_1-640.webp","asset","assets/images/socialmedia/derived/Dentists_1-640.webp","image","webp","12520","ac41b0c2932c45c66902e4b9020618398e39115c09086a34c47c7e50a1fd13c0","generated-derivative","0","","","","","refactor","repository evidence",""
"asset:assets/images/socialmedia/derived/Dentists_1-960.avif","asset","assets/images/socialmedia/derived/Dentists_1-960.avif","image","avif","13845","b5b02cbfec3f486a9704668f68af7452d201b911f6064940133c431b1054aab6","generated-derivative","0","","","","","refactor","repository evidence",""
"asset:assets/images/socialmedia/derived/Dentists_1-960.jpg","asset","assets/images/socialmedia/derived/Dentists_1-960.jpg","image","jpg","39979","68b386f4810f7413ad8afa352a7589d467cb2495b793342d2cb0faf2a55df4ce","generated-derivative","0","","","","","refactor","repository evidence",""
"asset:assets/images/socialmedia/derived/Dentists_1-960.webp","asset","assets/images/socialmedia/derived/Dentists_1-960.webp","image","webp","21358","7339b0224e2bc63e5953051e3aac877ca7104195348ee0f74ad5e28abec212eb","generated-derivative","0","","","","","refactor","repository evidence",""
"asset:assets/images/socialmedia/derived/Dentists_1_Mobile-480.avif","asset","assets/images/socialmedia/derived/Dentists_1_Mobile-480.avif","image","avif","7310","6db1cd17b45ce67de757d7f9d059ca7b3cd8f3d91998fad63128df019546f9bc","generated-derivative","0","","","","","refactor","repository evidence",""
"asset:assets/images/socialmedia/derived/Dentists_1_Mobile-480.jpg","asset","assets/images/socialmedia/derived/Dentists_1_Mobile-480.jpg","image","jpg","23515","9e2b30b637a040f38440a6f930a3bf30ec0846efd43a336ce86d49994e74acf5","generated-derivative","0","","","","","refactor","repository evidence",""
"asset:assets/images/socialmedia/derived/Dentists_1_Mobile-480.webp","asset","assets/images/socialmedia/derived/Dentists_1_Mobile-480.webp","image","webp","11282","0de1ae51020ff8ff1bcf4aeed8cbb83b55039069994c54bb6c4fd3430b7906bb","generated-derivative","0","","","","","refactor","repository evidence",""
"asset:assets/images/socialmedia/derived/Dentists_1_Mobile-768.avif","asset","assets/images/socialmedia/derived/Dentists_1_Mobile-768.avif","image","avif","13444","1c55beb99f9ab67bed4a9ed84ac66805a746e89c2fbde39dc3e1f43bd151a6a7","generated-derivative","0","","","","","refactor","repository evidence",""
"asset:assets/images/socialmedia/derived/Dentists_1_Mobile-768.jpg","asset","assets/images/socialmedia/derived/Dentists_1_Mobile-768.jpg","image","jpg","47143","210680401dd70f6a39c5636fa9372b21bc2ea8d3016171e6c3ddeeac85b97272","generated-derivative","0","","","","","refactor","repository evidence",""
"asset:assets/images/socialmedia/derived/Dentists_1_Mobile-768.webp","asset","assets/images/socialmedia/derived/Dentists_1_Mobile-768.webp","image","webp","21496","4185c7d5ad7358fd520e1a0a2a69e34dab158d6dd738f7cdb03b3ed10a12ae48","generated-derivative","0","","","","","refactor","repository evidence",""
"asset:assets/images/socialmedia/derived/Dentists_2-640.avif","asset","assets/images/socialmedia/derived/Dentists_2-640.avif","image","avif","8899","63ec18d7df7c15ea395151f8710a652fd185085f4f2e836b07940fedcbb0b98b","generated-derivative","0","","","","","refactor","repository evidence",""
"asset:assets/images/socialmedia/derived/Dentists_2-640.jpg","asset","assets/images/socialmedia/derived/Dentists_2-640.jpg","image","jpg","22439","51e2adb8033d27a070e5aa1f4a0431567bfa56d479925ac0475ea0d636454ca2","generated-derivative","0","","","","","refactor","repository evidence",""
"asset:assets/images/socialmedia/derived/Dentists_2-640.webp","asset","assets/images/socialmedia/derived/Dentists_2-640.webp","image","webp","12652","4e432f83eb2587aae2a488d0fc4db6e0a601f638ded0a51a4549a52477335195","generated-derivative","0","","","","","refactor","repository evidence",""
"asset:assets/images/socialmedia/derived/Dentists_2-960.avif","asset","assets/images/socialmedia/derived/Dentists_2-960.avif","image","avif","14170","a66cf585471900e48a4acdb109b62f22cf2a6de2e7915329d01c375e96002772","generated-derivative","0","","","","","refactor","repository evidence",""
"asset:assets/images/socialmedia/derived/Dentists_2-960.jpg","asset","assets/images/socialmedia/derived/Dentists_2-960.jpg","image","jpg","41675","675786f6b2cf802aed8184f4ee0dbf84a36d5b821383b45ecb8a60c91cbcf0c4","generated-derivative","0","","","","","refactor","repository evidence",""
"asset:assets/images/socialmedia/derived/Dentists_2-960.webp","asset","assets/images/socialmedia/derived/Dentists_2-960.webp","image","webp","22134","dc7b0998ac099b8569d11d4b10a0633f5e61aad264db61ffd6c58dcaceb931a2","generated-derivative","0","","","","","refactor","repository evidence",""
"asset:assets/images/socialmedia/derived/Dentists_2_Mobile-480.avif","asset","assets/images/socialmedia/derived/Dentists_2_Mobile-480.avif","image","avif","14029","6e29ffc6f6142b24fcf6b9890e36b5fa14a71f0a1845f3d2f4e938aaa0d71f23","generated-derivative","0","","","","","refactor","repository evidence",""
"asset:assets/images/socialmedia/derived/Dentists_2_Mobile-480.jpg","asset","assets/images/socialmedia/derived/Dentists_2_Mobile-480.jpg","image","jpg","34785","1204b7338a1800abe82aee0f94be9e8f11fb3db0f29014cd1380c0998f2a40f0","generated-derivative","0","","","","","refactor","repository evidence",""
"asset:assets/images/socialmedia/derived/Dentists_2_Mobile-480.webp","asset","assets/images/socialmedia/derived/Dentists_2_Mobile-480.webp","image","webp","20604","0f0f01398ab4450b270dd460929e9daf379bdfffa9481a73dd6e9fe6f94acd9c","generated-derivative","0","","","","","refactor","repository evidence",""
"asset:assets/images/socialmedia/derived/Dentists_2_Mobile-768.avif","asset","assets/images/socialmedia/derived/Dentists_2_Mobile-768.avif","image","avif","24314","f379b7efbee746d3c29e421337ac5ff5ba78c6192fbd02fadc6272036202588b","generated-derivative","0","","","","","refactor","repository evidence",""
"asset:assets/images/socialmedia/derived/Dentists_2_Mobile-768.jpg","asset","assets/images/socialmedia/derived/Dentists_2_Mobile-768.jpg","image","jpg","71917","c472a9e2462f73dc895dda42b63a1d01ccdba34b99849e429842aba818268f87","generated-derivative","0","","","","","refactor","repository evidence",""
"asset:assets/images/socialmedia/derived/Dentists_2_Mobile-768.webp","asset","assets/images/socialmedia/derived/Dentists_2_Mobile-768.webp","image","webp","38246","0a1ca0e7d626af40df13ed621c003a63e09189fbfdeb77f7a39696ca30378b3f","generated-derivative","0","","","","","refactor","repository evidence",""
"asset:assets/images/socialmedia/derived/Dentists_3-640.avif","asset","assets/images/socialmedia/derived/Dentists_3-640.avif","image","avif","10367","c0419c2cc76f0185a04cf0c0b71e6f2ce1b817b6a72ea3ed75e335a5681b0988","generated-derivative","0","","","","","refactor","repository evidence",""
"asset:assets/images/socialmedia/derived/Dentists_3-640.jpg","asset","assets/images/socialmedia/derived/Dentists_3-640.jpg","image","jpg","23902","52931d77db561517d4d72521da0b987eb8c0d5aac0e30c890b7cc58a363def39","generated-derivative","0","","","","","refactor","repository evidence",""
"asset:assets/images/socialmedia/derived/Dentists_3-640.webp","asset","assets/images/socialmedia/derived/Dentists_3-640.webp","image","webp","13972","aa89c8ea5a87857d1b14dbad51aeb63354683c7e2ba805ca32adfbe7ce662f0f","generated-derivative","0","","","","","refactor","repository evidence",""
"asset:assets/images/socialmedia/derived/Dentists_3-960.avif","asset","assets/images/socialmedia/derived/Dentists_3-960.avif","image","avif","16285","ba6d262a3159a4aea7dd34e9a1f006ac1d1ebd395175ed74a99c5eaf46e8a096","generated-derivative","0","","","","","refactor","repository evidence",""
"asset:assets/images/socialmedia/derived/Dentists_3-960.jpg","asset","assets/images/socialmedia/derived/Dentists_3-960.jpg","image","jpg","43721","1ba115cdeb533b7db048a1dcda6996c8cb9703fc04d4602c92d94c3bf485215f","generated-derivative","0","","","","","refactor","repository evidence",""
"asset:assets/images/socialmedia/derived/Dentists_3-960.webp","asset","assets/images/socialmedia/derived/Dentists_3-960.webp","image","webp","23704","37ea5cbd97088037abe8c7e70768256038df20a75d5c08bfc058509d0672f90c","generated-derivative","0","","","","","refactor","repository evidence",""
"asset:assets/images/socialmedia/derived/Dentists_3_Mobile-480.avif","asset","assets/images/socialmedia/derived/Dentists_3_Mobile-480.avif","image","avif","12012","fce5546855775fee62d43ea3763084637f89430317dab400d1dbb5a783063797","generated-derivative","0","","","","","refactor","repository evidence",""
"asset:assets/images/socialmedia/derived/Dentists_3_Mobile-480.jpg","asset","assets/images/socialmedia/derived/Dentists_3_Mobile-480.jpg","image","jpg","28833","51ec845bc6532e6e19bf2c4a651c566d4e3c5358a042b9487546530f9e104b3c","generated-derivative","0","","","","","refactor","repository evidence",""
"asset:assets/images/socialmedia/derived/Dentists_3_Mobile-480.webp","asset","assets/images/socialmedia/derived/Dentists_3_Mobile-480.webp","image","webp","16278","890f20605126e3e3b06d04b3adbc6526e796158afdc5fd178a6ae58286e82828","generated-derivative","0","","","","","refactor","repository evidence",""
"asset:assets/images/socialmedia/derived/Dentists_3_Mobile-768.avif","asset","assets/images/socialmedia/derived/Dentists_3_Mobile-768.avif","image","avif","20703","c1c48cf4e83d90fabaf6bf9fc6209069cb18ec12e24bef0c353f38c91a442669","generated-derivative","0","","","","","refactor","repository evidence",""
"asset:assets/images/socialmedia/derived/Dentists_3_Mobile-768.jpg","asset","assets/images/socialmedia/derived/Dentists_3_Mobile-768.jpg","image","jpg","59007","b1cd61b4aae7b654a3410c227707e145b6b5589b1f63e8bbff4c5bfb8984f438","generated-derivative","0","","","","","refactor","repository evidence",""
"asset:assets/images/socialmedia/derived/Dentists_3_Mobile-768.webp","asset","assets/images/socialmedia/derived/Dentists_3_Mobile-768.webp","image","webp","31160","0f4462cef4085d75511a3d0418a3d07e87ef9bf4d4610d3c07b419e45bf414f6","generated-derivative","0","","","","","refactor","repository evidence",""
"asset:assets/images/socialmedia/derived/General_Services_1-640.avif","asset","assets/images/socialmedia/derived/General_Services_1-640.avif","image","avif","8284","0385684c67b05028ee990bac052e482912488893875307e0f1de9787efa9e989","generated-derivative","1","codex/execplans/2026-03-13-service-image-loading-elimination.md","","","","refactor","repository evidence",""
"asset:assets/images/socialmedia/derived/General_Services_1-640.jpg","asset","assets/images/socialmedia/derived/General_Services_1-640.jpg","image","jpg","23762","fe7bf2f9c1a4567ef7299d3a76ac4bd7c2676ef1ccd2df5b3bb10dcfd3f84685","generated-derivative","0","","","","","refactor","repository evidence",""
"asset:assets/images/socialmedia/derived/General_Services_1-640.webp","asset","assets/images/socialmedia/derived/General_Services_1-640.webp","image","webp","12438","a49473012bea10b180e029583bcc4e1b0a46a2309799807b99c2870112c4cd42","generated-derivative","0","","","","","refactor","repository evidence",""
"asset:assets/images/socialmedia/derived/General_Services_1-960.avif","asset","assets/images/socialmedia/derived/General_Services_1-960.avif","image","avif","13006","8108fcd4b7c7f9fe29f27bbd7815e4417dcc0deb93bbb7ebfaedf0ff46b0a8df","generated-derivative","0","","","","","refactor","repository evidence",""
"asset:assets/images/socialmedia/derived/General_Services_1-960.jpg","asset","assets/images/socialmedia/derived/General_Services_1-960.jpg","image","jpg","44195","45625999c4a333d01acea5b5ad4e3202829ee5f053c6e22324ec05d1863a1cdb","generated-derivative","0","","","","","refactor","repository evidence",""
"asset:assets/images/socialmedia/derived/General_Services_1-960.webp","asset","assets/images/socialmedia/derived/General_Services_1-960.webp","image","webp","21656","632025a12ab083817c81740a75d5b1cb12adf2fdb17255c81a04da2b7a6bf3ce","generated-derivative","0","","","","","refactor","repository evidence",""
"asset:assets/images/socialmedia/derived/General_Services_1_Mobile-480.avif","asset","assets/images/socialmedia/derived/General_Services_1_Mobile-480.avif","image","avif","10631","ab667456834f1644e9104841bdeac8a81010388707008beb4e224e0f9f047c83","generated-derivative","0","","","","","refactor","repository evidence",""
"asset:assets/images/socialmedia/derived/General_Services_1_Mobile-480.jpg","asset","assets/images/socialmedia/derived/General_Services_1_Mobile-480.jpg","image","jpg","30328","a7b71d87308804e48434c0ab4f3eb814e2e60978efc5add666c269ce3ea1a525","generated-derivative","0","","","","","refactor","repository evidence",""
"asset:assets/images/socialmedia/derived/General_Services_1_Mobile-480.webp","asset","assets/images/socialmedia/derived/General_Services_1_Mobile-480.webp","image","webp","15900","c7665e89fb07a59e6d0b26657810005caf445a710bf3f4d5518962625cd0e53c","generated-derivative","0","","","","","refactor","repository evidence",""
"asset:assets/images/socialmedia/derived/General_Services_1_Mobile-768.avif","asset","assets/images/socialmedia/derived/General_Services_1_Mobile-768.avif","image","avif","18589","c2e1ba570f49be4e9a0bf53d634558be732b9fc9afc457043a2ee7006bb58953","generated-derivative","1","codex/execplans/2026-03-13-service-image-loading-elimination.md","","","","refactor","repository evidence",""
"asset:assets/images/socialmedia/derived/General_Services_1_Mobile-768.jpg","asset","assets/images/socialmedia/derived/General_Services_1_Mobile-768.jpg","image","jpg","61983","a0affe4908c5a3e4a2ccacd805052d3aa28bb29e959fa864d5d61aa42b2c954a","generated-derivative","0","","","","","refactor","repository evidence",""
"asset:assets/images/socialmedia/derived/General_Services_1_Mobile-768.webp","asset","assets/images/socialmedia/derived/General_Services_1_Mobile-768.webp","image","webp","29470","3301ceeb5ac60a97e7f287267929e60acdc53877bd0a78714d3ef2c83f6bf4c5","generated-derivative","0","","","","","refactor","repository evidence",""
"asset:assets/images/socialmedia/derived/General_Services_2A-640.avif","asset","assets/images/socialmedia/derived/General_Services_2A-640.avif","image","avif","13409","8bd99e1d22613d9bfba96531f624caf64c88a81c0896b8439b4ef51864ecd0d9","generated-derivative","0","","","","","refactor","repository evidence",""
"asset:assets/images/socialmedia/derived/General_Services_2A-640.jpg","asset","assets/images/socialmedia/derived/General_Services_2A-640.jpg","image","jpg","29538","6809e2f9431aaa43afc224a7a341e848d029d79895173473d7dfa651590fab76","generated-derivative","0","","","","","refactor","repository evidence",""
"asset:assets/images/socialmedia/derived/General_Services_2A-640.webp","asset","assets/images/socialmedia/derived/General_Services_2A-640.webp","image","webp","18442","ec7ce5023f91d2f188a01f18e33f781f0c965d82839574a0901bcac6d9631c7d","generated-derivative","0","","","","","refactor","repository evidence",""
"asset:assets/images/socialmedia/derived/General_Services_2A-960.avif","asset","assets/images/socialmedia/derived/General_Services_2A-960.avif","image","avif","20560","d809d2f79652ba3565663852e0fb604980243416499be3658e3be4114602ea93","generated-derivative","0","","","","","refactor","repository evidence",""
"asset:assets/images/socialmedia/derived/General_Services_2A-960.jpg","asset","assets/images/socialmedia/derived/General_Services_2A-960.jpg","image","jpg","53195","5be3ce70898bad4ce6edd1262ac257f6852f4263cbcfd02f907139e327dffb2f","generated-derivative","0","","","","","refactor","repository evidence",""
"asset:assets/images/socialmedia/derived/General_Services_2A-960.webp","asset","assets/images/socialmedia/derived/General_Services_2A-960.webp","image","webp","30766","98470bdc0beeb34413d06a8ff12be19fbd15ff09068ed5fb88cdb26b17730abc","generated-derivative","0","","","","","refactor","repository evidence",""
"asset:assets/images/socialmedia/derived/General_Services_2A_Mobile-480.avif","asset","assets/images/socialmedia/derived/General_Services_2A_Mobile-480.avif","image","avif","19633","14183e61d93d203eae060784b770b51375a7c8fcc92526c9d7a364912ac23fa3","generated-derivative","0","","","","","refactor","repository evidence",""
"asset:assets/images/socialmedia/derived/General_Services_2A_Mobile-480.jpg","asset","assets/images/socialmedia/derived/General_Services_2A_Mobile-480.jpg","image","jpg","41903","0022e6c44fcdb6d4b0b3e760cee444bdf24247cd0d59c80c2d175e6c057e8675","generated-derivative","0","","","","","refactor","repository evidence",""
"asset:assets/images/socialmedia/derived/General_Services_2A_Mobile-480.webp","asset","assets/images/socialmedia/derived/General_Services_2A_Mobile-480.webp","image","webp","26776","3e8131e8ca31244a811eafc79a8ecb587cd4784126022ba8612f958a308f12f9","generated-derivative","0","","","","","refactor","repository evidence",""
"asset:assets/images/socialmedia/derived/General_Services_2A_Mobile-768.avif","asset","assets/images/socialmedia/derived/General_Services_2A_Mobile-768.avif","image","avif","31621","1a2ad6034ddb2ea8d9cd670ea4d5ede81f7a5bd76273b15bafda6f7b46279347","generated-derivative","0","","","","","refactor","repository evidence",""
"asset:assets/images/socialmedia/derived/General_Services_2A_Mobile-768.jpg","asset","assets/images/socialmedia/derived/General_Services_2A_Mobile-768.jpg","image","jpg","82624","dddf8ebe0d8c9dd09a0e42bef32daa9781e22dede3b050eae8f42e93d75ebdb4","generated-derivative","0","","","","","refactor","repository evidence",""
"asset:assets/images/socialmedia/derived/General_Services_2A_Mobile-768.webp","asset","assets/images/socialmedia/derived/General_Services_2A_Mobile-768.webp","image","webp","46220","9f52b8d3d87ae58587002424e848db069e6e3204d4d9d6f73557980bf261d475","generated-derivative","0","","","","","refactor","repository evidence",""
"asset:assets/images/socialmedia/derived/General_Services_2B-640.avif","asset","assets/images/socialmedia/derived/General_Services_2B-640.avif","image","avif","12664","7efdcd561e75204212387e0c3b4eb5301a594c8281b719e590b8aa9c5cab4675","generated-derivative","0","","","","","refactor","repository evidence",""
"asset:assets/images/socialmedia/derived/General_Services_2B-640.jpg","asset","assets/images/socialmedia/derived/General_Services_2B-640.jpg","image","jpg","28790","d9d6c76063cfe09727878c286c079d4a64f0d9445b24e7db43424fa722fcca07","generated-derivative","0","","","","","refactor","repository evidence",""
"asset:assets/images/socialmedia/derived/General_Services_2B-640.webp","asset","assets/images/socialmedia/derived/General_Services_2B-640.webp","image","webp","18268","970e67b2e7965ec96cc4a3a3f1818416dc28ba1f2c7d912e82af1fb4c19dfd89","generated-derivative","0","","","","","refactor","repository evidence",""
"asset:assets/images/socialmedia/derived/General_Services_2B-960.avif","asset","assets/images/socialmedia/derived/General_Services_2B-960.avif","image","avif","20311","43d015995b5e20c8bce1a15b34b4d70205a701d7e1f8a2d63a0b076d87e42136","generated-derivative","0","","","","","refactor","repository evidence",""
"asset:assets/images/socialmedia/derived/General_Services_2B-960.jpg","asset","assets/images/socialmedia/derived/General_Services_2B-960.jpg","image","jpg","54381","5b98b6696821a2e4536616375bcfe276d8e107b0d7acc728b6e891364546b7e0","generated-derivative","0","","","","","refactor","repository evidence",""
"asset:assets/images/socialmedia/derived/General_Services_2B-960.webp","asset","assets/images/socialmedia/derived/General_Services_2B-960.webp","image","webp","31490","9be1123b9c5338e9936129d2ba4e36caed4fdef1235a73862d3ee206698697fe","generated-derivative","0","","","","","refactor","repository evidence",""
"asset:assets/images/socialmedia/derived/General_Services_2B_Mobile-320.avif","asset","assets/images/socialmedia/derived/General_Services_2B_Mobile-320.avif","image","avif","12634","edc500c7dde934fd1bba58b3afa85664919c80b347ead709bd2a412bbdafdbfe","generated-derivative","0","","","","","refactor","repository evidence",""
"asset:assets/images/socialmedia/derived/General_Services_2B_Mobile-320.jpg","asset","assets/images/socialmedia/derived/General_Services_2B_Mobile-320.jpg","image","jpg","22954","fa56a1f47e5c4eaffae237b96950d9c7292991074fef8e92cf3d22238c8c2409","generated-derivative","0","","","","","refactor","repository evidence",""
"asset:assets/images/socialmedia/derived/General_Services_2B_Mobile-320.webp","asset","assets/images/socialmedia/derived/General_Services_2B_Mobile-320.webp","image","webp","16540","6bb10bf05d4afc273836525b77095674a8067bb5258716ecdef14dc7842eba3c","generated-derivative","0","","","","","refactor","repository evidence",""
"asset:assets/images/socialmedia/derived/General_Services_2B_Mobile-480.avif","asset","assets/images/socialmedia/derived/General_Services_2B_Mobile-480.avif","image","avif","20624","4ab0787ca1a2054b2520509b114f79c3e42398f5861310c3df1ff9dfce78868e","generated-derivative","0","","","","","refactor","repository evidence",""
"asset:assets/images/socialmedia/derived/General_Services_2B_Mobile-480.jpg","asset","assets/images/socialmedia/derived/General_Services_2B_Mobile-480.jpg","image","jpg","44070","f38fc659d57709c9b8d30ea9cd477beb04a326edf2ab87a2998d96914c896c8d","generated-derivative","0","","","","","refactor","repository evidence",""
"asset:assets/images/socialmedia/derived/General_Services_2B_Mobile-480.webp","asset","assets/images/socialmedia/derived/General_Services_2B_Mobile-480.webp","image","webp","29452","cca85f30b2e2189564c2abb4a3a854e141e0a6e4b8f5c9b6915188537add1567","generated-derivative","0","","","","","refactor","repository evidence",""
"asset:assets/images/socialmedia/derived/General_Services_2B_Mobile-640.avif","asset","assets/images/socialmedia/derived/General_Services_2B_Mobile-640.avif","image","avif","28738","f53284d0c156206e569793ac8d6ddc0ecae6cf39a65ec98a76ff17c95120a508","generated-derivative","0","","","","","refactor","repository evidence",""
"asset:assets/images/socialmedia/derived/General_Services_2B_Mobile-640.jpg","asset","assets/images/socialmedia/derived/General_Services_2B_Mobile-640.jpg","image","jpg","69084","58d23534e36e28990d2c4ca20de94c28bb28d9732c5778401f9d7ec765431d37","generated-derivative","0","","","","","refactor","repository evidence",""
"asset:assets/images/socialmedia/derived/General_Services_2B_Mobile-640.webp","asset","assets/images/socialmedia/derived/General_Services_2B_Mobile-640.webp","image","webp","42626","8980fa16550d6f1684df3d988fe2c95ab7d250adac4672113c987cb8a5671c8a","generated-derivative","0","","","","","refactor","repository evidence",""
"asset:assets/images/socialmedia/derived/General_Services_2B_Mobile-768.avif","asset","assets/images/socialmedia/derived/General_Services_2B_Mobile-768.avif","image","avif","35147","cc98ccaa7735e4dbb4c4111915df8a2fe6f62d06ca54249a14c250bc7ef1d0ac","generated-derivative","0","","","","","refactor","repository evidence",""
"asset:assets/images/socialmedia/derived/General_Services_2B_Mobile-768.jpg","asset","assets/images/socialmedia/derived/General_Services_2B_Mobile-768.jpg","image","jpg","91307","3bb2539151d0c3662e91611a3d866c224ea86f1ce5f0dd9002d6f7f17ce40750","generated-derivative","0","","","","","refactor","repository evidence",""
"asset:assets/images/socialmedia/derived/General_Services_2B_Mobile-768.webp","asset","assets/images/socialmedia/derived/General_Services_2B_Mobile-768.webp","image","webp","54020","08ef8f96336b9b27c016cd5acc2adb208797ddf6e95ef0af0e5483c120381ed8","generated-derivative","0","","","","","refactor","repository evidence",""
"asset:assets/images/socialmedia/derived/General_Services_3-640.avif","asset","assets/images/socialmedia/derived/General_Services_3-640.avif","image","avif","11933","f988da04cfc9d489aef6b5757c90140dd9fd981d1b46f80164b8630392a2b286","generated-derivative","0","","","","","refactor","repository evidence",""
"asset:assets/images/socialmedia/derived/General_Services_3-640.jpg","asset","assets/images/socialmedia/derived/General_Services_3-640.jpg","image","jpg","29377","4bfac54db85d9880b4c4843ac29e734d1815c55b06e3aedfc7637d51d1395d28","generated-derivative","0","","","","","refactor","repository evidence",""
"asset:assets/images/socialmedia/derived/General_Services_3-640.webp","asset","assets/images/socialmedia/derived/General_Services_3-640.webp","image","webp","17060","39661b549c497ed59b8a1625a248c198a47e65d791aefd8a7810d941ea16424a","generated-derivative","0","","","","","refactor","repository evidence",""
"asset:assets/images/socialmedia/derived/General_Services_3-960.avif","asset","assets/images/socialmedia/derived/General_Services_3-960.avif","image","avif","17943","1c18224578e7129024d953b4d3c99e33028ad2fb303a9d859dec4dbe62c623d8","generated-derivative","0","","","","","refactor","repository evidence",""
"asset:assets/images/socialmedia/derived/General_Services_3-960.jpg","asset","assets/images/socialmedia/derived/General_Services_3-960.jpg","image","jpg","52483","f9d1bddbbce1d56499322aa54dd4480081b59ae9968a64ef040d852ee1cff332","generated-derivative","0","","","","","refactor","repository evidence",""
"asset:assets/images/socialmedia/derived/General_Services_3-960.webp","asset","assets/images/socialmedia/derived/General_Services_3-960.webp","image","webp","27892","eca7d49e636a9ed1570a955d136a633df57235e1cb54a4b963a9653d0c77c9ec","generated-derivative","0","","","","","refactor","repository evidence",""
"asset:assets/images/socialmedia/derived/General_Services_3_Mobile-480.avif","asset","assets/images/socialmedia/derived/General_Services_3_Mobile-480.avif","image","avif","13913","c88450af6197f3eaedb58a87bb1715b7f42a29a727cc060dfe81631afade48d9","generated-derivative","0","","","","","refactor","repository evidence",""
"asset:assets/images/socialmedia/derived/General_Services_3_Mobile-480.jpg","asset","assets/images/socialmedia/derived/General_Services_3_Mobile-480.jpg","image","jpg","35255","74cc46f82f89f2fd64bc329cd497f0f70c2384f05dab60819f4261cfabcd59f1","generated-derivative","0","","","","","refactor","repository evidence",""
"asset:assets/images/socialmedia/derived/General_Services_3_Mobile-480.webp","asset","assets/images/socialmedia/derived/General_Services_3_Mobile-480.webp","image","webp","20270","9fb432a5a3553317efc353068a755d587dadff47de11d4d2b19d1a46adf6e27c","generated-derivative","0","","","","","refactor","repository evidence",""
"asset:assets/images/socialmedia/derived/General_Services_3_Mobile-768.avif","asset","assets/images/socialmedia/derived/General_Services_3_Mobile-768.avif","image","avif","23029","b36261e3bd407361c32e14153024838b1aa48924d6cb49a881c8739e58ec2757","generated-derivative","0","","","","","refactor","repository evidence",""
"asset:assets/images/socialmedia/derived/General_Services_3_Mobile-768.jpg","asset","assets/images/socialmedia/derived/General_Services_3_Mobile-768.jpg","image","jpg","70598","55c687a6ef2c8bfc2001463b01c1b2a3f89573c8ae54a2ffd7210b91bf23b51e","generated-derivative","0","","","","","refactor","repository evidence",""
"asset:assets/images/socialmedia/derived/General_Services_3_Mobile-768.webp","asset","assets/images/socialmedia/derived/General_Services_3_Mobile-768.webp","image","webp","36498","b40c4cf80def226b2145fbe8e369b4a497c5d436f025e0e66587c0bfce146c08","generated-derivative","0","","","","","refactor","repository evidence",""
"asset:assets/images/socialmedia/derived/Gyms_1-640.avif","asset","assets/images/socialmedia/derived/Gyms_1-640.avif","image","avif","14449","947cd6a1322ec25ede9d1e92070fb6350bd18ba887bfe841ef61da9bd8b41183","generated-derivative","0","","","","","refactor","repository evidence",""
"asset:assets/images/socialmedia/derived/Gyms_1-640.jpg","asset","assets/images/socialmedia/derived/Gyms_1-640.jpg","image","jpg","34068","a77d033ecb64800c13a65d444b21923067ce418fae57f65ae95c422ec4c98f94","generated-derivative","0","","","","","refactor","repository evidence",""
"asset:assets/images/socialmedia/derived/Gyms_1-640.webp","asset","assets/images/socialmedia/derived/Gyms_1-640.webp","image","webp","21126","f099abdb076fd4cb6076cd145af78d1d1f68f1924be9f8aaf6d99e8a506af0ed","generated-derivative","0","","","","","refactor","repository evidence",""
"asset:assets/images/socialmedia/derived/Gyms_1-960.avif","asset","assets/images/socialmedia/derived/Gyms_1-960.avif","image","avif","23027","d98c060becd7b58bea906d647b2341fd68150b31e5102026a62a934a17c566ef","generated-derivative","0","","","","","refactor","repository evidence",""
"asset:assets/images/socialmedia/derived/Gyms_1-960.jpg","asset","assets/images/socialmedia/derived/Gyms_1-960.jpg","image","jpg","60728","11167b90e1e8a64f916cadf256c477f8aeee432dc404850282f2851a974ef9a5","generated-derivative","0","","","","","refactor","repository evidence",""
"asset:assets/images/socialmedia/derived/Gyms_1-960.webp","asset","assets/images/socialmedia/derived/Gyms_1-960.webp","image","webp","35504","b8cfc846f1447ecb4e50e8c9bb6c8dfa69a886cc9447d1acb07ac724518d0586","generated-derivative","0","","","","","refactor","repository evidence",""
"asset:assets/images/socialmedia/derived/Gyms_1_Mobile-320.avif","asset","assets/images/socialmedia/derived/Gyms_1_Mobile-320.avif","image","avif","11708","fbfa6f4cb2f5b36aa1eb9944067e1e6499ed7788a25fce119815d23d986b56cc","generated-derivative","0","","","","","refactor","repository evidence",""
"asset:assets/images/socialmedia/derived/Gyms_1_Mobile-320.jpg","asset","assets/images/socialmedia/derived/Gyms_1_Mobile-320.jpg","image","jpg","23477","94d7bdd8af4bacdde33c33600efb544cff61a638296609c745b5dfed09f4d9ca","generated-derivative","0","","","","","refactor","repository evidence",""
"asset:assets/images/socialmedia/derived/Gyms_1_Mobile-320.webp","asset","assets/images/socialmedia/derived/Gyms_1_Mobile-320.webp","image","webp","15298","a757b9c698a3d6e1e09ad0ff4838e42af7fe50bf838201a932c8eaf0f3a7f0a8","generated-derivative","0","","","","","refactor","repository evidence",""
"asset:assets/images/socialmedia/derived/Gyms_1_Mobile-480.avif","asset","assets/images/socialmedia/derived/Gyms_1_Mobile-480.avif","image","avif","18112","e8a2f36f8b45d0d8686404e01d20c74dde2348aca08dc3ad009a55e06550f08c","generated-derivative","0","","","","","refactor","repository evidence",""
"asset:assets/images/socialmedia/derived/Gyms_1_Mobile-480.jpg","asset","assets/images/socialmedia/derived/Gyms_1_Mobile-480.jpg","image","jpg","43454","6bf6a9827a4258275df838e9124fd872b9637080d3fc60dabffc73d197d2684a","generated-derivative","0","","","","","refactor","repository evidence",""
"asset:assets/images/socialmedia/derived/Gyms_1_Mobile-480.webp","asset","assets/images/socialmedia/derived/Gyms_1_Mobile-480.webp","image","webp","26148","f46ab10432c7b2a888f0c1cf5808db09d181a8d4cbea91d47d1f0a2b7975c7c7","generated-derivative","0","","","","","refactor","repository evidence",""
"asset:assets/images/socialmedia/derived/Gyms_1_Mobile-640.avif","asset","assets/images/socialmedia/derived/Gyms_1_Mobile-640.avif","image","avif","25657","29f5386e0246f1100b124928f4d75d2b032229ae33f9a84a6780e913f748d93b","generated-derivative","0","","","","","refactor","repository evidence",""
"asset:assets/images/socialmedia/derived/Gyms_1_Mobile-640.jpg","asset","assets/images/socialmedia/derived/Gyms_1_Mobile-640.jpg","image","jpg","66925","af6a322666884eb425c0e2e2770465fcb07962b80c1e7361e529745ca26487be","generated-derivative","0","","","","","refactor","repository evidence",""
"asset:assets/images/socialmedia/derived/Gyms_1_Mobile-640.webp","asset","assets/images/socialmedia/derived/Gyms_1_Mobile-640.webp","image","webp","38658","ca8c37353041125b676fde3fcab84dcd1c24233fb815c491efae48da649454c5","generated-derivative","0","","","","","refactor","repository evidence",""
"asset:assets/images/socialmedia/derived/Gyms_1_Mobile-768.avif","asset","assets/images/socialmedia/derived/Gyms_1_Mobile-768.avif","image","avif","31291","12733e7a8d2cfd2c98493fcd4a31489cf0e0f6944fbd47bd78d0940e79b5e6ca","generated-derivative","0","","","","","refactor","repository evidence",""
"asset:assets/images/socialmedia/derived/Gyms_1_Mobile-768.jpg","asset","assets/images/socialmedia/derived/Gyms_1_Mobile-768.jpg","image","jpg","88122","15787f451ff35938959c4827129948c874aec0d9e74dcda9d91735d06ca66c70","generated-derivative","0","","","","","refactor","repository evidence",""
"asset:assets/images/socialmedia/derived/Gyms_1_Mobile-768.webp","asset","assets/images/socialmedia/derived/Gyms_1_Mobile-768.webp","image","webp","49662","50819165c12f1a183a3f9bd80b92fc4f77a6f001bec4f63d7deba808b7d7d6da","generated-derivative","0","","","","","refactor","repository evidence",""
"asset:assets/images/socialmedia/derived/Gyms_2-640.avif","asset","assets/images/socialmedia/derived/Gyms_2-640.avif","image","avif","17304","374e8d45e43b8da9724559da7b722c6f50e65a2b4ea2fc4bbaf7819d582a0ec2","generated-derivative","0","","","","","refactor","repository evidence",""
"asset:assets/images/socialmedia/derived/Gyms_2-640.jpg","asset","assets/images/socialmedia/derived/Gyms_2-640.jpg","image","jpg","37177","e66bc566d64ae8bde9bf4c262acf84b4271305a26ae6ba295467ba79a8574e43","generated-derivative","0","","","","","refactor","repository evidence",""
"asset:assets/images/socialmedia/derived/Gyms_2-640.webp","asset","assets/images/socialmedia/derived/Gyms_2-640.webp","image","webp","23788","9b55210a6b565dac9cc6dbda00f199ae9e730990fa1af9e742c00aa976024c1d","generated-derivative","0","","","","","refactor","repository evidence",""
"asset:assets/images/socialmedia/derived/Gyms_2-960.avif","asset","assets/images/socialmedia/derived/Gyms_2-960.avif","image","avif","26666","5915263462e46147eced2b30248c2847c6d2b882c32951e497b270b56990c8e0","generated-derivative","0","","","","","refactor","repository evidence",""
"asset:assets/images/socialmedia/derived/Gyms_2-960.jpg","asset","assets/images/socialmedia/derived/Gyms_2-960.jpg","image","jpg","68318","61fbdbb6312d13c2cfb39f2babfdff8418c5aa6dc23eb0f7c306c601afcc1aa9","generated-derivative","0","","","","","refactor","repository evidence",""
"asset:assets/images/socialmedia/derived/Gyms_2-960.webp","asset","assets/images/socialmedia/derived/Gyms_2-960.webp","image","webp","39574","e39385d639e2560d58ea7e4ccb85848c5373dfdb34aee56111cfa9e82e7045f8","generated-derivative","0","","","","","refactor","repository evidence",""
"asset:assets/images/socialmedia/derived/Gyms_2_Mobile-480.avif","asset","assets/images/socialmedia/derived/Gyms_2_Mobile-480.avif","image","avif","18716","9bd507cde3189346cd573cd48aad16dc5cb41d9d5832f45a1e4fa77ea956e066","generated-derivative","0","","","","","refactor","repository evidence",""
"asset:assets/images/socialmedia/derived/Gyms_2_Mobile-480.jpg","asset","assets/images/socialmedia/derived/Gyms_2_Mobile-480.jpg","image","jpg","42019","42257cf0f7e542108b2d122f129fe2dc1fca54168be4ab6b7866acd11e850ef6","generated-derivative","0","","","","","refactor","repository evidence",""
"asset:assets/images/socialmedia/derived/Gyms_2_Mobile-480.webp","asset","assets/images/socialmedia/derived/Gyms_2_Mobile-480.webp","image","webp","26032","bea8cc71a76f937ae20884b7c47bdc7abf150e9589535beead62799e3e32ce0e","generated-derivative","0","","","","","refactor","repository evidence",""
"asset:assets/images/socialmedia/derived/Gyms_2_Mobile-768.avif","asset","assets/images/socialmedia/derived/Gyms_2_Mobile-768.avif","image","avif","32329","ee207603a01f4d4f809ed33ef51c62437a6c431810275d5e6aadd1455d31fbb4","generated-derivative","0","","","","","refactor","repository evidence",""
"asset:assets/images/socialmedia/derived/Gyms_2_Mobile-768.jpg","asset","assets/images/socialmedia/derived/Gyms_2_Mobile-768.jpg","image","jpg","85391","40db22c18e1fa65c983cee23b1d6c0ab98a2cde6cfebc2815a4157439c4694cb","generated-derivative","0","","","","","refactor","repository evidence",""
"asset:assets/images/socialmedia/derived/Gyms_2_Mobile-768.webp","asset","assets/images/socialmedia/derived/Gyms_2_Mobile-768.webp","image","webp","48058","44a7ba3978f82fc66a91766844a5ab304d4f73e1e8303e219ae319d9a5c2b9f2","generated-derivative","0","","","","","refactor","repository evidence",""
"asset:assets/images/socialmedia/derived/Gyms_3-640.avif","asset","assets/images/socialmedia/derived/Gyms_3-640.avif","image","avif","15083","649c99235e436f536b23d2aa0b42ac896786a61af8d32694a4c256d2492c7eac","generated-derivative","0","","","","","refactor","repository evidence",""
"asset:assets/images/socialmedia/derived/Gyms_3-640.jpg","asset","assets/images/socialmedia/derived/Gyms_3-640.jpg","image","jpg","33213","a3f0c1523d8e9d6d628d36869c510781f8c05b96b82516a8628f113bc4903f00","generated-derivative","0","","","","","refactor","repository evidence",""
"asset:assets/images/socialmedia/derived/Gyms_3-640.webp","asset","assets/images/socialmedia/derived/Gyms_3-640.webp","image","webp","20476","aa8e41249522cc48a22b8a29072b281f170f8d23fea6d1a77c873ccdf1be122b","generated-derivative","0","","","","","refactor","repository evidence",""
"asset:assets/images/socialmedia/derived/Gyms_3-960.avif","asset","assets/images/socialmedia/derived/Gyms_3-960.avif","image","avif","24059","dcd8425d9e88cec5eb905086b95d9db90383c8558c0decb65eda0b2f94b340e0","generated-derivative","0","","","","","refactor","repository evidence",""
"asset:assets/images/socialmedia/derived/Gyms_3-960.jpg","asset","assets/images/socialmedia/derived/Gyms_3-960.jpg","image","jpg","61158","63e4bd570fa47d54f0b2bc863246686a51d3664f89cdbbce2707b2c2c24ce0cb","generated-derivative","0","","","","","refactor","repository evidence",""
"asset:assets/images/socialmedia/derived/Gyms_3-960.webp","asset","assets/images/socialmedia/derived/Gyms_3-960.webp","image","webp","35432","86063b9c254c89a65c424441d7a804da88710742cc09a8a1b469ae440fc7b905","generated-derivative","0","","","","","refactor","repository evidence",""
"asset:assets/images/socialmedia/derived/Gyms_3_Mobile-480.avif","asset","assets/images/socialmedia/derived/Gyms_3_Mobile-480.avif","image","avif","16205","edb9c482bbf56bb047702fbe3e0c612588d8606a8f798d820461e9450f41c2b3","generated-derivative","0","","","","","refactor","repository evidence",""
"asset:assets/images/socialmedia/derived/Gyms_3_Mobile-480.jpg","asset","assets/images/socialmedia/derived/Gyms_3_Mobile-480.jpg","image","jpg","39840","a4f38f8376fb7a8ff08328a4c0444e664c65418b91ea61e3a3cd214ea4df2ed0","generated-derivative","0","","","","","refactor","repository evidence",""
"asset:assets/images/socialmedia/derived/Gyms_3_Mobile-480.webp","asset","assets/images/socialmedia/derived/Gyms_3_Mobile-480.webp","image","webp","24036","8a7249d2255979bc8efc357534a44ba197212ca7b092aa3748cf89561faf7f42","generated-derivative","0","","","","","refactor","repository evidence",""
"asset:assets/images/socialmedia/derived/Gyms_3_Mobile-768.avif","asset","assets/images/socialmedia/derived/Gyms_3_Mobile-768.avif","image","avif","29406","ed604a2522fa5516ea6466116df7465d68f3d17128674ce7b0095af90a28004b","generated-derivative","0","","","","","refactor","repository evidence",""
"asset:assets/images/socialmedia/derived/Gyms_3_Mobile-768.jpg","asset","assets/images/socialmedia/derived/Gyms_3_Mobile-768.jpg","image","jpg","83257","cbe69ead6fd2415e7579d2ac04751c88574a01a809c0b91a33d45c3c4cc8bab7","generated-derivative","0","","","","","refactor","repository evidence",""
"asset:assets/images/socialmedia/derived/Gyms_3_Mobile-768.webp","asset","assets/images/socialmedia/derived/Gyms_3_Mobile-768.webp","image","webp","47116","0c0212f51be5219c27c63191453b63486c46995e47c62a996969e12cbf314e67","generated-derivative","0","","","","","refactor","repository evidence",""
"asset:assets/images/socialmedia/derived/Hospitality_1-640.avif","asset","assets/images/socialmedia/derived/Hospitality_1-640.avif","image","avif","16269","e572d6ea4c05edc062cdc88bec14762a50cf2c5b75ca7595f325d9f9b8875ac3","generated-derivative","1","services/hospitality.html","","","","refactor","repository evidence",""
"asset:assets/images/socialmedia/derived/Hospitality_1-640.jpg","asset","assets/images/socialmedia/derived/Hospitality_1-640.jpg","image","jpg","36283","a5cf74f58484e3c11132f3d00e035179863af8dbeebf37f2e1305b1ac1e6f604","generated-derivative","1","services/hospitality.html","","","","refactor","repository evidence",""
"asset:assets/images/socialmedia/derived/Hospitality_1-640.webp","asset","assets/images/socialmedia/derived/Hospitality_1-640.webp","image","webp","22352","601a764f382d04c2ea0b6ec38a7b5d8911052b8ee209c3c58c24c4528fb9704b","generated-derivative","1","services/hospitality.html","","","","refactor","repository evidence",""
"asset:assets/images/socialmedia/derived/Hospitality_1-960.avif","asset","assets/images/socialmedia/derived/Hospitality_1-960.avif","image","avif","24632","e856a7aef2f8db36221dcff3f8b8ca3e5c21c6db5f01f810ae1ca0864b6c41dc","generated-derivative","1","services/hospitality.html","","","","refactor","repository evidence",""
"asset:assets/images/socialmedia/derived/Hospitality_1-960.jpg","asset","assets/images/socialmedia/derived/Hospitality_1-960.jpg","image","jpg","64775","3c21a88795750ec7e6b185d5dcec884bdf62ad885ca5ccb2e4e67225a0a55672","generated-derivative","1","services/hospitality.html","","","","refactor","repository evidence",""
"asset:assets/images/socialmedia/derived/Hospitality_1-960.webp","asset","assets/images/socialmedia/derived/Hospitality_1-960.webp","image","webp","36502","299a12d3f78ec451c2929e69f8402c1ec57c8488f03ce1020421fae9794bbada","generated-derivative","1","services/hospitality.html","","","","refactor","repository evidence",""
"asset:assets/images/socialmedia/derived/Hospitality_1_Mobile-320.avif","asset","assets/images/socialmedia/derived/Hospitality_1_Mobile-320.avif","image","avif","12492","8fddabf4fa9fedba760d97d16e04bf9686f4f28ddd8f15c6e4bad4dcfac4781d","generated-derivative","0","","","","","refactor","repository evidence",""
"asset:assets/images/socialmedia/derived/Hospitality_1_Mobile-320.jpg","asset","assets/images/socialmedia/derived/Hospitality_1_Mobile-320.jpg","image","jpg","23651","da5ce5e6f3c74de175a8ce7ec315ba0fe1d9046bf116ecb24749276932a5fd6f","generated-derivative","0","","","","","refactor","repository evidence",""
"asset:assets/images/socialmedia/derived/Hospitality_1_Mobile-320.webp","asset","assets/images/socialmedia/derived/Hospitality_1_Mobile-320.webp","image","webp","15448","4f11f5d6cc29add48fceaa8a302ec8c22db472561d86d315dcd307ef919869a5","generated-derivative","0","","","","","refactor","repository evidence",""
"asset:assets/images/socialmedia/derived/Hospitality_1_Mobile-480.avif","asset","assets/images/socialmedia/derived/Hospitality_1_Mobile-480.avif","image","avif","19461","21bfbb52cdb8c767b1053160ce3a520a3a090588ae288dd686fe413d36fb93bb","generated-derivative","1","services/hospitality.html","","","","refactor","repository evidence",""
"asset:assets/images/socialmedia/derived/Hospitality_1_Mobile-480.jpg","asset","assets/images/socialmedia/derived/Hospitality_1_Mobile-480.jpg","image","jpg","42726","844d686af26ecbf5dc3d72651832495f1fd828b57944d1826102c45142b3492a","generated-derivative","1","services/hospitality.html","","","","refactor","repository evidence",""
"asset:assets/images/socialmedia/derived/Hospitality_1_Mobile-480.webp","asset","assets/images/socialmedia/derived/Hospitality_1_Mobile-480.webp","image","webp","25928","330815d573986b87804fc0a82850a7787e2968500638676df145aeab95ff3c96","generated-derivative","1","services/hospitality.html","","","","refactor","repository evidence",""
"asset:assets/images/socialmedia/derived/Hospitality_1_Mobile-640.avif","asset","assets/images/socialmedia/derived/Hospitality_1_Mobile-640.avif","image","avif","25939","0aaca08f959bba1c915a83bb627edf213d60891945e1493d890b7f33350e18ee","generated-derivative","0","","","","","refactor","repository evidence",""
"asset:assets/images/socialmedia/derived/Hospitality_1_Mobile-640.jpg","asset","assets/images/socialmedia/derived/Hospitality_1_Mobile-640.jpg","image","jpg","64667","e76912753d6d54dedf62ccf587bacb2274142c8414384bec609922aaa30693de","generated-derivative","0","","","","","refactor","repository evidence",""
"asset:assets/images/socialmedia/derived/Hospitality_1_Mobile-640.webp","asset","assets/images/socialmedia/derived/Hospitality_1_Mobile-640.webp","image","webp","36742","3d8329c4f59771d5861f26ce57a612561e840921212a2e8df1c12109cf38eff5","generated-derivative","0","","","","","refactor","repository evidence",""
"asset:assets/images/socialmedia/derived/Hospitality_1_Mobile-768.avif","asset","assets/images/socialmedia/derived/Hospitality_1_Mobile-768.avif","image","avif","30748","96f9cf1bc7b27fc49663aa2085c176585ba99c1e1d9bb5e6a2af5b9b78383912","generated-derivative","1","services/hospitality.html","","","","refactor","repository evidence",""
"asset:assets/images/socialmedia/derived/Hospitality_1_Mobile-768.jpg","asset","assets/images/socialmedia/derived/Hospitality_1_Mobile-768.jpg","image","jpg","82983","9eef379a0fa7292cf4bbb58911de04cb1519cb5c121dd3fa9beb56e751f59285","generated-derivative","1","services/hospitality.html","","","","refactor","repository evidence",""
"asset:assets/images/socialmedia/derived/Hospitality_1_Mobile-768.webp","asset","assets/images/socialmedia/derived/Hospitality_1_Mobile-768.webp","image","webp","45086","5da3ab16aafcade416e77148a51dc11e3a48af6667feefece429759ba144f264","generated-derivative","1","services/hospitality.html","","","","refactor","repository evidence",""
"asset:assets/images/socialmedia/derived/Hospitality_2-640.avif","asset","assets/images/socialmedia/derived/Hospitality_2-640.avif","image","avif","17514","d1689b50b0a359cdb3e169580286e4c437d5fcdf09bf5ff37c0ca643601b96d5","generated-derivative","1","services/hospitality.html","","","","refactor","repository evidence",""
"asset:assets/images/socialmedia/derived/Hospitality_2-640.jpg","asset","assets/images/socialmedia/derived/Hospitality_2-640.jpg","image","jpg","37643","3c4acddefa94539e5ae4bb4c1333817cce8b1a01e62da951b99d6ad6a5bd0528","generated-derivative","1","services/hospitality.html","","","","refactor","repository evidence",""
"asset:assets/images/socialmedia/derived/Hospitality_2-640.webp","asset","assets/images/socialmedia/derived/Hospitality_2-640.webp","image","webp","23502","23e2f1faeb9b969672c04da89fb178a779426f3f2bef769d6c377691060e241a","generated-derivative","1","services/hospitality.html","","","","refactor","repository evidence",""
"asset:assets/images/socialmedia/derived/Hospitality_2-960.avif","asset","assets/images/socialmedia/derived/Hospitality_2-960.avif","image","avif","27575","3e3f25c18c1a167cfdc654f81cee7b5f64cea0060f68779bbe5c07d0540a2af3","generated-derivative","1","services/hospitality.html","","","","refactor","repository evidence",""
"asset:assets/images/socialmedia/derived/Hospitality_2-960.jpg","asset","assets/images/socialmedia/derived/Hospitality_2-960.jpg","image","jpg","69692","e27491cabd6e6c08f3043bde3bdcde14de5290030365b3d56cf9ef28fc83fc4b","generated-derivative","1","services/hospitality.html","","","","refactor","repository evidence",""
"asset:assets/images/socialmedia/derived/Hospitality_2-960.webp","asset","assets/images/socialmedia/derived/Hospitality_2-960.webp","image","webp","39656","23730a8073e485a8d19f2ef46be0e6c8ffab83804ea1fb2294eaa3020f419fdf","generated-derivative","1","services/hospitality.html","","","","refactor","repository evidence",""
"asset:assets/images/socialmedia/derived/Hospitality_2_Mobile-480.avif","asset","assets/images/socialmedia/derived/Hospitality_2_Mobile-480.avif","image","avif","19149","c5ea0b2f3aa112c43bf78dd214cec7eddcc80f1faa4437d6a98dc11545b041ec","generated-derivative","1","services/hospitality.html","","","","refactor","repository evidence",""
"asset:assets/images/socialmedia/derived/Hospitality_2_Mobile-480.jpg","asset","assets/images/socialmedia/derived/Hospitality_2_Mobile-480.jpg","image","jpg","44849","1fa9b2a5722309ffb3864a831fc14b628ad9d09ac818a7ffc637fb2d89067cc5","generated-derivative","1","services/hospitality.html","","","","refactor","repository evidence",""
"asset:assets/images/socialmedia/derived/Hospitality_2_Mobile-480.webp","asset","assets/images/socialmedia/derived/Hospitality_2_Mobile-480.webp","image","webp","25726","6e3b838e921e88034d55062060048112019bb693f33d145ea4140526b7b88d2d","generated-derivative","1","services/hospitality.html","","","","refactor","repository evidence",""
"asset:assets/images/socialmedia/derived/Hospitality_2_Mobile-768.avif","asset","assets/images/socialmedia/derived/Hospitality_2_Mobile-768.avif","image","avif","30634","59a85a838b5fc746009a50e6fab297d46aada1d6dca3eed98afcb5970c7c0d92","generated-derivative","1","services/hospitality.html","","","","refactor","repository evidence",""
"asset:assets/images/socialmedia/derived/Hospitality_2_Mobile-768.jpg","asset","assets/images/socialmedia/derived/Hospitality_2_Mobile-768.jpg","image","jpg","86549","61bff5b9fab9886e15f68aa6b4f78766dfb2b3ce44031723598e63fd8687409e","generated-derivative","1","services/hospitality.html","","","","refactor","repository evidence",""
"asset:assets/images/socialmedia/derived/Hospitality_2_Mobile-768.webp","asset","assets/images/socialmedia/derived/Hospitality_2_Mobile-768.webp","image","webp","44766","9be5870e279bf21ac6c7d9de27e95d6db9ea78c85c57bac24b66b9a18e37ba0b","generated-derivative","1","services/hospitality.html","","","","refactor","repository evidence",""
"asset:assets/images/socialmedia/derived/Hospitality_3-640.avif","asset","assets/images/socialmedia/derived/Hospitality_3-640.avif","image","avif","11817","78ee2b8bc743723cee1292ee5f412d1ff5c4d9988c6b48830ef239b7bbcddaa8","generated-derivative","1","services/hospitality.html","","","","refactor","repository evidence",""
"asset:assets/images/socialmedia/derived/Hospitality_3-640.jpg","asset","assets/images/socialmedia/derived/Hospitality_3-640.jpg","image","jpg","29069","4aeb30b13c12273fa37d058a14ddd623af3d84850d95f5853505d310079b6c4b","generated-derivative","1","services/hospitality.html","","","","refactor","repository evidence",""
"asset:assets/images/socialmedia/derived/Hospitality_3-640.webp","asset","assets/images/socialmedia/derived/Hospitality_3-640.webp","image","webp","16210","1f7f0ff98675dd358df35fc8c989fcc9fccafda0a484d8f4c6d5c1becd94dd1e","generated-derivative","1","services/hospitality.html","","","","refactor","repository evidence",""
"asset:assets/images/socialmedia/derived/Hospitality_3-960.avif","asset","assets/images/socialmedia/derived/Hospitality_3-960.avif","image","avif","17219","0ec7ed80b64d96b947949c5d93cc0d3f8cf94d9db8e7eb673895e207969ec7e8","generated-derivative","1","services/hospitality.html","","","","refactor","repository evidence",""
"asset:assets/images/socialmedia/derived/Hospitality_3-960.jpg","asset","assets/images/socialmedia/derived/Hospitality_3-960.jpg","image","jpg","50709","c4f6ce66f13b55baa5267f28891b0c43291c967fb92f112b6f0738743bf95aeb","generated-derivative","1","services/hospitality.html","","","","refactor","repository evidence",""
"asset:assets/images/socialmedia/derived/Hospitality_3-960.webp","asset","assets/images/socialmedia/derived/Hospitality_3-960.webp","image","webp","25706","1c7ab64690727c3cc3ced3b4c7f4268793c1ca4c75032f8f73972b90fa716541","generated-derivative","1","services/hospitality.html","","","","refactor","repository evidence",""
"asset:assets/images/socialmedia/derived/Hospitality_3_Mobile-480.avif","asset","assets/images/socialmedia/derived/Hospitality_3_Mobile-480.avif","image","avif","12577","7fb564b59469349b36cb40a66cef7f52fc9155ab0c80518500be6d8d0f66787f","generated-derivative","1","services/hospitality.html","","","","refactor","repository evidence",""
"asset:assets/images/socialmedia/derived/Hospitality_3_Mobile-480.jpg","asset","assets/images/socialmedia/derived/Hospitality_3_Mobile-480.jpg","image","jpg","33772","4d01373454efe9c9c28b9e184c8416dbec1e1eee317ce8ee0cfdba249dc9ed10","generated-derivative","1","services/hospitality.html","","","","refactor","repository evidence",""
"asset:assets/images/socialmedia/derived/Hospitality_3_Mobile-480.webp","asset","assets/images/socialmedia/derived/Hospitality_3_Mobile-480.webp","image","webp","17230","7a01e8f96702743e0d77e3ee8be017c045da4b24839f7e3c845a9a48b0e80b3a","generated-derivative","1","services/hospitality.html","","","","refactor","repository evidence",""
"asset:assets/images/socialmedia/derived/Hospitality_3_Mobile-768.avif","asset","assets/images/socialmedia/derived/Hospitality_3_Mobile-768.avif","image","avif","19749","6ea6739bd6c75665acb44b0b5329b66d7bac79acd1cfbf436b93c591e6938f28","generated-derivative","1","services/hospitality.html","","","","refactor","repository evidence",""
"asset:assets/images/socialmedia/derived/Hospitality_3_Mobile-768.jpg","asset","assets/images/socialmedia/derived/Hospitality_3_Mobile-768.jpg","image","jpg","65216","2e9b0adb1e635fe1ed461a17da21db0fd4fc375f726562f1a0c7d237c0a253ea","generated-derivative","1","services/hospitality.html","","","","refactor","repository evidence",""
"asset:assets/images/socialmedia/derived/Hospitality_3_Mobile-768.webp","asset","assets/images/socialmedia/derived/Hospitality_3_Mobile-768.webp","image","webp","29790","8a94db3771b999f9126c84ff6e68400d5a30a8f62f7da104bf35ce29aee92a2c","generated-derivative","1","services/hospitality.html","","","","refactor","repository evidence",""
"asset:assets/images/socialmedia/derived/Online_Coach_1-640.avif","asset","assets/images/socialmedia/derived/Online_Coach_1-640.avif","image","avif","8660","7bae320dd198abaaad753484828f74984e8e0bbe4549ddbe76025ec9917af186","generated-derivative","0","","","","","refactor","repository evidence",""
"asset:assets/images/socialmedia/derived/Online_Coach_1-640.jpg","asset","assets/images/socialmedia/derived/Online_Coach_1-640.jpg","image","jpg","23123","3f9c1cc9cd6b668f60eafa02e8734a68ff9cbbd2a07ed15079bb95d38bf0e4fc","generated-derivative","0","","","","","refactor","repository evidence",""
"asset:assets/images/socialmedia/derived/Online_Coach_1-640.webp","asset","assets/images/socialmedia/derived/Online_Coach_1-640.webp","image","webp","13152","b93602e9f6aed0ad7298dcf16b83f948c2375010986a6a2285bada18eeef454b","generated-derivative","0","","","","","refactor","repository evidence",""
"asset:assets/images/socialmedia/derived/Online_Coach_1-960.avif","asset","assets/images/socialmedia/derived/Online_Coach_1-960.avif","image","avif","14423","cd62a1074f1318d35ff760787972f442c64bcf3ae59c0ebe147869c2e8bed1ef","generated-derivative","0","","","","","refactor","repository evidence",""
"asset:assets/images/socialmedia/derived/Online_Coach_1-960.jpg","asset","assets/images/socialmedia/derived/Online_Coach_1-960.jpg","image","jpg","42380","977baa91a141c1a2e445068339ab4e32abea472cc9d603fd68eada3da706c548","generated-derivative","0","","","","","refactor","repository evidence",""
"asset:assets/images/socialmedia/derived/Online_Coach_1-960.webp","asset","assets/images/socialmedia/derived/Online_Coach_1-960.webp","image","webp","22566","c567bb3a4ef54318796d5d26c52e0b42fdb8ea5f81f4e98d5aa175f2de0b59f2","generated-derivative","0","","","","","refactor","repository evidence",""
"asset:assets/images/socialmedia/derived/Online_Coach_1_Mobile-480.avif","asset","assets/images/socialmedia/derived/Online_Coach_1_Mobile-480.avif","image","avif","13504","46b7a47f3b3578ccf733258293b3a36cd26df56dc72c1c1429bed43c9e29a499","generated-derivative","0","","","","","refactor","repository evidence",""
"asset:assets/images/socialmedia/derived/Online_Coach_1_Mobile-480.jpg","asset","assets/images/socialmedia/derived/Online_Coach_1_Mobile-480.jpg","image","jpg","33377","f069c43d136aed9e74c968df519f57e520a0237aaff5009e436883ac284577e6","generated-derivative","0","","","","","refactor","repository evidence",""
"asset:assets/images/socialmedia/derived/Online_Coach_1_Mobile-480.webp","asset","assets/images/socialmedia/derived/Online_Coach_1_Mobile-480.webp","image","webp","19210","756dbcf967d00b8249201f93ec0ae67db07ebf6873ac7f9638bb8673203c68f9","generated-derivative","0","","","","","refactor","repository evidence",""
"asset:assets/images/socialmedia/derived/Online_Coach_1_Mobile-768.avif","asset","assets/images/socialmedia/derived/Online_Coach_1_Mobile-768.avif","image","avif","23364","67b2565defda4fd334cf410979fc5a8099652584abe85c24c5f63bf8c6c73906","generated-derivative","0","","","","","refactor","repository evidence",""
"asset:assets/images/socialmedia/derived/Online_Coach_1_Mobile-768.jpg","asset","assets/images/socialmedia/derived/Online_Coach_1_Mobile-768.jpg","image","jpg","67675","bc014a6ed8553204934a6f0bae1ae8a75f32eebd5574142837fe736ccff75282","generated-derivative","0","","","","","refactor","repository evidence",""
"asset:assets/images/socialmedia/derived/Online_Coach_1_Mobile-768.webp","asset","assets/images/socialmedia/derived/Online_Coach_1_Mobile-768.webp","image","webp","36442","7d87c2d6d47b2bca58320132df52583b083f23715afb2a612a466cc747a0810c","generated-derivative","0","","","","","refactor","repository evidence",""
"asset:assets/images/socialmedia/derived/Online_Coach_2-640.avif","asset","assets/images/socialmedia/derived/Online_Coach_2-640.avif","image","avif","9925","087a639c273001e413c91230f3ea4d240e90c237ee51ffef28a330c6bbdf2286","generated-derivative","0","","","","","refactor","repository evidence",""
"asset:assets/images/socialmedia/derived/Online_Coach_2-640.jpg","asset","assets/images/socialmedia/derived/Online_Coach_2-640.jpg","image","jpg","24780","5e7a20ef29a93ddb4a485eb0ec9394f4980d5b610b4301a45d80e91de151247e","generated-derivative","0","","","","","refactor","repository evidence",""
"asset:assets/images/socialmedia/derived/Online_Coach_2-640.webp","asset","assets/images/socialmedia/derived/Online_Coach_2-640.webp","image","webp","14422","55660639333fc409032be7616c5363ff5f05d4148e97a1d33711fa3d5615e4ea","generated-derivative","0","","","","","refactor","repository evidence",""
"asset:assets/images/socialmedia/derived/Online_Coach_2-960.avif","asset","assets/images/socialmedia/derived/Online_Coach_2-960.avif","image","avif","15323","91df46187245f0954adee353ebc2951dca818abf69fc246f94556ca57866957d","generated-derivative","0","","","","","refactor","repository evidence",""
"asset:assets/images/socialmedia/derived/Online_Coach_2-960.jpg","asset","assets/images/socialmedia/derived/Online_Coach_2-960.jpg","image","jpg","44103","5af33af1c8ba780d955fdec3677faab7375a958ed552240b6b71cbe097e5ad5a","generated-derivative","0","","","","","refactor","repository evidence",""
"asset:assets/images/socialmedia/derived/Online_Coach_2-960.webp","asset","assets/images/socialmedia/derived/Online_Coach_2-960.webp","image","webp","24756","2934c39ce5085458722a0540999b25571a4cadad129429f143e7ae2199463671","generated-derivative","0","","","","","refactor","repository evidence",""
"asset:assets/images/socialmedia/derived/Online_Coach_2_Mobile-480.avif","asset","assets/images/socialmedia/derived/Online_Coach_2_Mobile-480.avif","image","avif","14160","b063cf1e21b75d2b9599732ba1c648e5276a25b2e1dde858f2a608c88dd2d02f","generated-derivative","0","","","","","refactor","repository evidence",""
"asset:assets/images/socialmedia/derived/Online_Coach_2_Mobile-480.jpg","asset","assets/images/socialmedia/derived/Online_Coach_2_Mobile-480.jpg","image","jpg","35058","7123e3048d6b661b081d48c482ec35b1743a483013d8026b10c63ae1691cf604","generated-derivative","0","","","","","refactor","repository evidence",""
"asset:assets/images/socialmedia/derived/Online_Coach_2_Mobile-480.webp","asset","assets/images/socialmedia/derived/Online_Coach_2_Mobile-480.webp","image","webp","20754","5f8671bf8ab6a66881b97758fedd00f5b74d74ee22cd5d1ffdf2c7d657dd236d","generated-derivative","0","","","","","refactor","repository evidence",""
"asset:assets/images/socialmedia/derived/Online_Coach_2_Mobile-768.avif","asset","assets/images/socialmedia/derived/Online_Coach_2_Mobile-768.avif","image","avif","23059","dd4232c65d6662fc80d5891b852fa1f0cbcafc3189bd3ebf6bd7f0a0096d6a7a","generated-derivative","0","","","","","refactor","repository evidence",""
"asset:assets/images/socialmedia/derived/Online_Coach_2_Mobile-768.jpg","asset","assets/images/socialmedia/derived/Online_Coach_2_Mobile-768.jpg","image","jpg","70389","146da32ac80698bb12d9429941503dc4a1bf224f5fcdf75350e0c6731f70384e","generated-derivative","0","","","","","refactor","repository evidence",""
"asset:assets/images/socialmedia/derived/Online_Coach_2_Mobile-768.webp","asset","assets/images/socialmedia/derived/Online_Coach_2_Mobile-768.webp","image","webp","38616","3c6673723208d57ec25522b36c68c72c52293b807f02b72a647ace797eb64f4f","generated-derivative","0","","","","","refactor","repository evidence",""
"asset:assets/images/socialmedia/derived/Online_Coach_3-640.avif","asset","assets/images/socialmedia/derived/Online_Coach_3-640.avif","image","avif","9455","c686023c10b2939714638d68a85e18e61fbeb76a08d5160572ba54ee95d451a4","generated-derivative","0","","","","","refactor","repository evidence",""
"asset:assets/images/socialmedia/derived/Online_Coach_3-640.jpg","asset","assets/images/socialmedia/derived/Online_Coach_3-640.jpg","image","jpg","24859","fad9d133caebabfa888ceb6cb4978f313d0170a1145226c49e818261f0f06711","generated-derivative","0","","","","","refactor","repository evidence",""
"asset:assets/images/socialmedia/derived/Online_Coach_3-640.webp","asset","assets/images/socialmedia/derived/Online_Coach_3-640.webp","image","webp","13464","daf7fea6a6df97970e7ae357328f821bbc1e716c3d2e7c501a05aeb2440e6f22","generated-derivative","0","","","","","refactor","repository evidence",""
"asset:assets/images/socialmedia/derived/Online_Coach_3-960.avif","asset","assets/images/socialmedia/derived/Online_Coach_3-960.avif","image","avif","14503","3fb1d5fb95b93353897c84bedce02723af95cc6ba017d57ffd829a24895d3bb8","generated-derivative","0","","","","","refactor","repository evidence",""
"asset:assets/images/socialmedia/derived/Online_Coach_3-960.jpg","asset","assets/images/socialmedia/derived/Online_Coach_3-960.jpg","image","jpg","45382","42623a522c709e01c9b2af78e223be74ab09bd9a4e255aa21dccb5e15a41a605","generated-derivative","0","","","","","refactor","repository evidence",""
"asset:assets/images/socialmedia/derived/Online_Coach_3-960.webp","asset","assets/images/socialmedia/derived/Online_Coach_3-960.webp","image","webp","23258","460c10ddb3ecf6f76387c5e3353b50add1e898dd5ba89dbb77a14fdf34d9b853","generated-derivative","0","","","","","refactor","repository evidence",""
"asset:assets/images/socialmedia/derived/Online_Coach_3_Mobile-480.avif","asset","assets/images/socialmedia/derived/Online_Coach_3_Mobile-480.avif","image","avif","12737","485592005591318f34364e5ec052d680d28fffd7cc27a7933c53190f9d5b8a22","generated-derivative","0","","","","","refactor","repository evidence",""
"asset:assets/images/socialmedia/derived/Online_Coach_3_Mobile-480.jpg","asset","assets/images/socialmedia/derived/Online_Coach_3_Mobile-480.jpg","image","jpg","32569","d281b37d376a0b35ea154f8947e4fe5df6d3d1ab15dab005f839c3c004035f26","generated-derivative","0","","","","","refactor","repository evidence",""
"asset:assets/images/socialmedia/derived/Online_Coach_3_Mobile-480.webp","asset","assets/images/socialmedia/derived/Online_Coach_3_Mobile-480.webp","image","webp","18284","464137b25c8799b6e8e9ee43ccaa1dbdaf7e32a6d14b7b604876adbc07285db7","generated-derivative","0","","","","","refactor","repository evidence",""
"asset:assets/images/socialmedia/derived/Online_Coach_3_Mobile-768.avif","asset","assets/images/socialmedia/derived/Online_Coach_3_Mobile-768.avif","image","avif","22700","05fa4e39d368b1c7ca63ed3265cc561fc28acc193986423e8bd09cbed6e29681","generated-derivative","0","","","","","refactor","repository evidence",""
"asset:assets/images/socialmedia/derived/Online_Coach_3_Mobile-768.jpg","asset","assets/images/socialmedia/derived/Online_Coach_3_Mobile-768.jpg","image","jpg","67731","457d759b30e66e08f6b31aed25eb8e586d08e404396671b9abe676e33b815085","generated-derivative","0","","","","","refactor","repository evidence",""
"asset:assets/images/socialmedia/derived/Online_Coach_3_Mobile-768.webp","asset","assets/images/socialmedia/derived/Online_Coach_3_Mobile-768.webp","image","webp","34846","9374bcb6c5e0421884e92fe7abed6ee0de679f197ae2bb31be5654d5d7ffef74","generated-derivative","0","","","","","refactor","repository evidence",""
"asset:assets/images/socialmedia/derived/Physio_1-640.avif","asset","assets/images/socialmedia/derived/Physio_1-640.avif","image","avif","12861","e1d34e0f6478aee3b282943db6f2e18b576312eab0b7c4feae138f29d8bfdd12","generated-derivative","0","","","","","refactor","repository evidence",""
"asset:assets/images/socialmedia/derived/Physio_1-640.jpg","asset","assets/images/socialmedia/derived/Physio_1-640.jpg","image","jpg","29992","db169758a6f7b06ebc1d8664687ff1e61071e95f84668b460c0a09f98fca7fa0","generated-derivative","0","","","","","refactor","repository evidence",""
"asset:assets/images/socialmedia/derived/Physio_1-640.webp","asset","assets/images/socialmedia/derived/Physio_1-640.webp","image","webp","18698","d06765262ca013299caaa9d3af3ca6ea0895bf00485ba6e96e445817fdbf3f1a","generated-derivative","0","","","","","refactor","repository evidence",""
"asset:assets/images/socialmedia/derived/Physio_1-960.avif","asset","assets/images/socialmedia/derived/Physio_1-960.avif","image","avif","20501","398271096aa6016af0e5ff84e6c2dddfce60dee0dc9c594950fbce882155e8e4","generated-derivative","0","","","","","refactor","repository evidence",""
"asset:assets/images/socialmedia/derived/Physio_1-960.jpg","asset","assets/images/socialmedia/derived/Physio_1-960.jpg","image","jpg","54277","b3aa2860f8681f7707e5fc1e103af255cdd3971f9841f938d9ea7add5d465b6d","generated-derivative","0","","","","","refactor","repository evidence",""
"asset:assets/images/socialmedia/derived/Physio_1-960.webp","asset","assets/images/socialmedia/derived/Physio_1-960.webp","image","webp","31160","a401c8f3a8e3c11f71df1cada2cb9872f26803557678f28e53cb8ee7e78f07a5","generated-derivative","0","","","","","refactor","repository evidence",""
"asset:assets/images/socialmedia/derived/Physio_1_Mobile-480.avif","asset","assets/images/socialmedia/derived/Physio_1_Mobile-480.avif","image","avif","16562","fe9ccba2de1c1a1bb076958486e8a069d1f8217615a27f94c6f1053c2aea63a3","generated-derivative","0","","","","","refactor","repository evidence",""
"asset:assets/images/socialmedia/derived/Physio_1_Mobile-480.jpg","asset","assets/images/socialmedia/derived/Physio_1_Mobile-480.jpg","image","jpg","38105","59e8b300beccd1d9aa64132875b17ba2feb86fc7f97cebf70e552dd3480bbe23","generated-derivative","0","","","","","refactor","repository evidence",""
"asset:assets/images/socialmedia/derived/Physio_1_Mobile-480.webp","asset","assets/images/socialmedia/derived/Physio_1_Mobile-480.webp","image","webp","23700","5f76ace2e26264473e7cee8a9c85411b177670922034816e0641643b4147cc8c","generated-derivative","0","","","","","refactor","repository evidence",""
"asset:assets/images/socialmedia/derived/Physio_1_Mobile-768.avif","asset","assets/images/socialmedia/derived/Physio_1_Mobile-768.avif","image","avif","27473","302265d26e6c37f69144a11e5965ed6571e56981c675075aa2ac86401ec1c7cd","generated-derivative","0","","","","","refactor","repository evidence",""
"asset:assets/images/socialmedia/derived/Physio_1_Mobile-768.jpg","asset","assets/images/socialmedia/derived/Physio_1_Mobile-768.jpg","image","jpg","75900","94e1f68be58a271cb33a8c3841bc57b9101d9c2f86272d67ba38b816c00d7b41","generated-derivative","0","","","","","refactor","repository evidence",""
"asset:assets/images/socialmedia/derived/Physio_1_Mobile-768.webp","asset","assets/images/socialmedia/derived/Physio_1_Mobile-768.webp","image","webp","42118","1eef7a132a532611f5fc65912e4e8e7a756c6663c28e36ed5b27d0ae408de6c2","generated-derivative","0","","","","","refactor","repository evidence",""
"asset:assets/images/socialmedia/derived/Physio_2-640.avif","asset","assets/images/socialmedia/derived/Physio_2-640.avif","image","avif","10339","394c924ed1be1c76fefa5ede19313129aded4d4cbb1f9fb7c896030669b9cfdf","generated-derivative","1","services/physios-chiropractors.html","","","","refactor","repository evidence",""
"asset:assets/images/socialmedia/derived/Physio_2-640.jpg","asset","assets/images/socialmedia/derived/Physio_2-640.jpg","image","jpg","28113","3fc53af0b92712ab01d947ad86ab7d4217af9e329d9b8218603e80de1cb3837e","generated-derivative","1","services/physios-chiropractors.html","","","","refactor","repository evidence",""
"asset:assets/images/socialmedia/derived/Physio_2-640.webp","asset","assets/images/socialmedia/derived/Physio_2-640.webp","image","webp","14088","1577ed30b626040d8834379ed508d620f24fc960f86e366776ca063d85a4cf89","generated-derivative","1","services/physios-chiropractors.html","","","","refactor","repository evidence",""
"asset:assets/images/socialmedia/derived/Physio_2-960.avif","asset","assets/images/socialmedia/derived/Physio_2-960.avif","image","avif","15826","ad59c3111dbdd7915e4cde18070edb11bee20c61b6e79098a882ad489d08ff43","generated-derivative","1","services/physios-chiropractors.html","","","","refactor","repository evidence",""
"asset:assets/images/socialmedia/derived/Physio_2-960.jpg","asset","assets/images/socialmedia/derived/Physio_2-960.jpg","image","jpg","50868","51e0600d51dca19c145dcfe748e565e0e91bcbf675a514a77efbde11706f9a26","generated-derivative","1","services/physios-chiropractors.html","","","","refactor","repository evidence",""
"asset:assets/images/socialmedia/derived/Physio_2-960.webp","asset","assets/images/socialmedia/derived/Physio_2-960.webp","image","webp","23852","8a18f9a4abafe57b2c0f357fc7ed92829f8c338af9d2d8747a903f7315ff2318","generated-derivative","1","services/physios-chiropractors.html","","","","refactor","repository evidence",""
"asset:assets/images/socialmedia/derived/Physio_2_Mobile-480.avif","asset","assets/images/socialmedia/derived/Physio_2_Mobile-480.avif","image","avif","10840","197ef01cdb95f7d403e444a4c2ac6dc35588a5912ea3cedf4a7980d57e080a94","generated-derivative","1","services/physios-chiropractors.html","","","","refactor","repository evidence",""
"asset:assets/images/socialmedia/derived/Physio_2_Mobile-480.jpg","asset","assets/images/socialmedia/derived/Physio_2_Mobile-480.jpg","image","jpg","31041","f6319e91fcc649df864695b6f283b9bddaeaf9cf6c4a34d515fc2bc3223a23c2","generated-derivative","1","services/physios-chiropractors.html","","","","refactor","repository evidence",""
"asset:assets/images/socialmedia/derived/Physio_2_Mobile-480.webp","asset","assets/images/socialmedia/derived/Physio_2_Mobile-480.webp","image","webp","15308","a26fb8633fbd3f4c6c99c66fa9fddce6d3a7b6e5bebbae50dbcde811e69f4663","generated-derivative","1","services/physios-chiropractors.html","","","","refactor","repository evidence",""
"asset:assets/images/socialmedia/derived/Physio_2_Mobile-768.avif","asset","assets/images/socialmedia/derived/Physio_2_Mobile-768.avif","image","avif","17633","6b160a291a28ad1624323ae209ff2e494c39ed374316e7d3344a073bd6cf5153","generated-derivative","1","services/physios-chiropractors.html","","","","refactor","repository evidence",""
"asset:assets/images/socialmedia/derived/Physio_2_Mobile-768.jpg","asset","assets/images/socialmedia/derived/Physio_2_Mobile-768.jpg","image","jpg","62390","d64c30cf6fcd341df1d75aef8553a769d75001dd70e4687756d356ae06695c46","generated-derivative","1","services/physios-chiropractors.html","","","","refactor","repository evidence",""
"asset:assets/images/socialmedia/derived/Physio_2_Mobile-768.webp","asset","assets/images/socialmedia/derived/Physio_2_Mobile-768.webp","image","webp","27698","bed9aed6614cca1c65dfdb9583e4f5bb9c523be17000f13d6ed4ec35867a7c3d","generated-derivative","1","services/physios-chiropractors.html","","","","refactor","repository evidence",""
"asset:assets/images/socialmedia/derived/Physio_3-640.avif","asset","assets/images/socialmedia/derived/Physio_3-640.avif","image","avif","7502","40b02e9e551cde4ccc22e0f3f7ffb9aa87863a971a50b5f1c6b9a7598876eee4","generated-derivative","0","","","","","refactor","repository evidence",""
"asset:assets/images/socialmedia/derived/Physio_3-640.jpg","asset","assets/images/socialmedia/derived/Physio_3-640.jpg","image","jpg","20690","897743975906c7b65420f697861c7072049aeb4f37e7b39b018e6a8fbe77253f","generated-derivative","0","","","","","refactor","repository evidence",""
"asset:assets/images/socialmedia/derived/Physio_3-640.webp","asset","assets/images/socialmedia/derived/Physio_3-640.webp","image","webp","11004","0a586c4bd953d5c146c6739abf9b5c1b5ce7458d0abbc440ab6073252d359390","generated-derivative","0","","","","","refactor","repository evidence",""
"asset:assets/images/socialmedia/derived/Physio_3-960.avif","asset","assets/images/socialmedia/derived/Physio_3-960.avif","image","avif","11636","352aae4031a8da2774523c59a41d46395b1f2b8cee5f87370e6658132a48b069","generated-derivative","0","","","","","refactor","repository evidence",""
"asset:assets/images/socialmedia/derived/Physio_3-960.jpg","asset","assets/images/socialmedia/derived/Physio_3-960.jpg","image","jpg","37433","dd3aff47e26f617fb8e5f2572cbdbc9cb3e2a70f28a54e08a0aaadb6cd4bc476","generated-derivative","0","","","","","refactor","repository evidence",""
"asset:assets/images/socialmedia/derived/Physio_3-960.webp","asset","assets/images/socialmedia/derived/Physio_3-960.webp","image","webp","18682","5ba0a4d84d8bae4b31c067d2a48889fe0a53545157a5ddbda3d420f80cc3b309","generated-derivative","0","","","","","refactor","repository evidence",""
"asset:assets/images/socialmedia/derived/Physio_3_Mobile-480.avif","asset","assets/images/socialmedia/derived/Physio_3_Mobile-480.avif","image","avif","16410","06b79179e6b3d6862c24bb7d092463cb4644bf8ce2b3b4941d50bc2231d712ea","generated-derivative","0","","","","","refactor","repository evidence",""
"asset:assets/images/socialmedia/derived/Physio_3_Mobile-480.jpg","asset","assets/images/socialmedia/derived/Physio_3_Mobile-480.jpg","image","jpg","35545","52f8653a9156d97d7950a384a5069564fc581da4ee48ca010fe2d380632eadf7","generated-derivative","0","","","","","refactor","repository evidence",""
"asset:assets/images/socialmedia/derived/Physio_3_Mobile-480.webp","asset","assets/images/socialmedia/derived/Physio_3_Mobile-480.webp","image","webp","22920","bfec838260250a936f6180ee7ee0d8b042e7fba6f6d49f4f4ec7cb2f89cbc276","generated-derivative","0","","","","","refactor","repository evidence",""
"asset:assets/images/socialmedia/derived/Physio_3_Mobile-768.avif","asset","assets/images/socialmedia/derived/Physio_3_Mobile-768.avif","image","avif","26867","c8067dd1a23df4f27fb184f13979be5f3aadd92c4f1e0724391115e74e6370d8","generated-derivative","0","","","","","refactor","repository evidence",""
"asset:assets/images/socialmedia/derived/Physio_3_Mobile-768.jpg","asset","assets/images/socialmedia/derived/Physio_3_Mobile-768.jpg","image","jpg","70442","006aaa30a5bd6ace4ca0c395ea4f03be2bd0a0781b6fffa4d4fe91505ccb9ce7","generated-derivative","0","","","","","refactor","repository evidence",""
"asset:assets/images/socialmedia/derived/Physio_3_Mobile-768.webp","asset","assets/images/socialmedia/derived/Physio_3_Mobile-768.webp","image","webp","39766","7435067ed092884223a47e49c739aa55f99157a62fa74cd963346d820384adf1","generated-derivative","0","","","","","refactor","repository evidence",""
"asset:assets/images/socialmedia/derived/Real_Estate_1-640.avif","asset","assets/images/socialmedia/derived/Real_Estate_1-640.avif","image","avif","13806","be0d12b39ebb79e3f70a0c5508ac421230135579d634e6733b99a327c984b4c0","generated-derivative","2","codex/execplans/2026-03-13-service-image-loading-elimination.md | services/estate-agents.html","","","","refactor","repository evidence",""
"asset:assets/images/socialmedia/derived/Real_Estate_1-640.jpg","asset","assets/images/socialmedia/derived/Real_Estate_1-640.jpg","image","jpg","31396","9c52ed44207c599da50481bad636da5fde698aa499ee20a42ca44ce73044ab79","generated-derivative","1","services/estate-agents.html","","","","refactor","repository evidence",""
"asset:assets/images/socialmedia/derived/Real_Estate_1-640.webp","asset","assets/images/socialmedia/derived/Real_Estate_1-640.webp","image","webp","20202","edb193b8132234df55a0bef4e2f2e0d19448b8cdb0c6e0b99d7c18f74ef0d2b4","generated-derivative","1","services/estate-agents.html","","","","refactor","repository evidence",""
"asset:assets/images/socialmedia/derived/Real_Estate_1-960.avif","asset","assets/images/socialmedia/derived/Real_Estate_1-960.avif","image","avif","22056","aa6f0acc9b5b281d58993ca3e159c210148a30d7fe4b23f0a8a41e42410ae7d6","generated-derivative","1","services/estate-agents.html","","","","refactor","repository evidence",""
"asset:assets/images/socialmedia/derived/Real_Estate_1-960.jpg","asset","assets/images/socialmedia/derived/Real_Estate_1-960.jpg","image","jpg","57758","64d73549cf51e28408984faaff909fcd92c8104d32f9565f907c0aae2fdf8edc","generated-derivative","1","services/estate-agents.html","","","","refactor","repository evidence",""
"asset:assets/images/socialmedia/derived/Real_Estate_1-960.webp","asset","assets/images/socialmedia/derived/Real_Estate_1-960.webp","image","webp","33598","434a27b360b6c823bf5600b74b17806065345b07334c1139c12f48e08c24df51","generated-derivative","1","services/estate-agents.html","","","","refactor","repository evidence",""
"asset:assets/images/socialmedia/derived/Real_Estate_1_Mobile-480.avif","asset","assets/images/socialmedia/derived/Real_Estate_1_Mobile-480.avif","image","avif","16902","d7def22c2b21891a2bcb263a90f8751b919b4436eb9d2f6b835e9dc1519d841c","generated-derivative","1","services/estate-agents.html","","","","refactor","repository evidence",""
"asset:assets/images/socialmedia/derived/Real_Estate_1_Mobile-480.jpg","asset","assets/images/socialmedia/derived/Real_Estate_1_Mobile-480.jpg","image","jpg","38188","088ed69bc097d1ddd33ecbcb9acfac6e970d8bfb2f2731478c344ef4b45b767e","generated-derivative","1","services/estate-agents.html","","","","refactor","repository evidence",""
"asset:assets/images/socialmedia/derived/Real_Estate_1_Mobile-480.webp","asset","assets/images/socialmedia/derived/Real_Estate_1_Mobile-480.webp","image","webp","24456","1855efea70b64023c71205a168d6bcdbd301311428594020dab49f9ffe73f710","generated-derivative","1","services/estate-agents.html","","","","refactor","repository evidence",""
"asset:assets/images/socialmedia/derived/Real_Estate_1_Mobile-768.avif","asset","assets/images/socialmedia/derived/Real_Estate_1_Mobile-768.avif","image","avif","27124","271576a7b3c0a72b94aaa5f62411f3362d7b17c57089c1c88ae3d6a676435f49","generated-derivative","1","services/estate-agents.html","","","","refactor","repository evidence",""
"asset:assets/images/socialmedia/derived/Real_Estate_1_Mobile-768.jpg","asset","assets/images/socialmedia/derived/Real_Estate_1_Mobile-768.jpg","image","jpg","74044","b48e7803f81bf83a90e3af5f359ae1596b460a5bcc76c198a7e336a85509dc6a","generated-derivative","1","services/estate-agents.html","","","","refactor","repository evidence",""
"asset:assets/images/socialmedia/derived/Real_Estate_1_Mobile-768.webp","asset","assets/images/socialmedia/derived/Real_Estate_1_Mobile-768.webp","image","webp","42492","8cbbd84fe1c431423a361cdf3cdb1eeaa406fd4d5123001d90d98c902a6dce57","generated-derivative","1","services/estate-agents.html","","","","refactor","repository evidence",""
"asset:assets/images/socialmedia/derived/Real_Estate_2-640.avif","asset","assets/images/socialmedia/derived/Real_Estate_2-640.avif","image","avif","14249","0edb05b15999ea66a68894669eef749c6fdbd4b1b992bd0095c2b8993fb73578","generated-derivative","1","services/estate-agents.html","","","","refactor","repository evidence",""
"asset:assets/images/socialmedia/derived/Real_Estate_2-640.jpg","asset","assets/images/socialmedia/derived/Real_Estate_2-640.jpg","image","jpg","32844","917e9d195eb220cd6770e943241c715db43d0bebeec6b8fb6d5f4557ce4035c8","generated-derivative","1","services/estate-agents.html","","","","refactor","repository evidence",""
"asset:assets/images/socialmedia/derived/Real_Estate_2-640.webp","asset","assets/images/socialmedia/derived/Real_Estate_2-640.webp","image","webp","20788","6ac0175ae3b96d68b5093eb95e55e18524793bbcd5ef4437ee14a86487342d78","generated-derivative","1","services/estate-agents.html","","","","refactor","repository evidence",""
"asset:assets/images/socialmedia/derived/Real_Estate_2-960.avif","asset","assets/images/socialmedia/derived/Real_Estate_2-960.avif","image","avif","22700","703ef54ceb61c99dfb6dd280aa48e47724765020a6f51c83bfafc611b931779e","generated-derivative","1","services/estate-agents.html","","","","refactor","repository evidence",""
"asset:assets/images/socialmedia/derived/Real_Estate_2-960.jpg","asset","assets/images/socialmedia/derived/Real_Estate_2-960.jpg","image","jpg","61500","a0cf9678cea96d7df9349fb27a61f6a82daa1fd17a5a4f94ef0424add0dbc495","generated-derivative","1","services/estate-agents.html","","","","refactor","repository evidence",""
"asset:assets/images/socialmedia/derived/Real_Estate_2-960.webp","asset","assets/images/socialmedia/derived/Real_Estate_2-960.webp","image","webp","35050","d0fcd929368be9930640c2e659bdeb762a3f9263ac164c06ac0605774d8242e5","generated-derivative","1","services/estate-agents.html","","","","refactor","repository evidence",""
"asset:assets/images/socialmedia/derived/Real_Estate_2_Mobile-480.avif","asset","assets/images/socialmedia/derived/Real_Estate_2_Mobile-480.avif","image","avif","15698","177fa657789ec31f06108e4716cb59b4b3734b12b68e2459901370b3e36a13e3","generated-derivative","1","services/estate-agents.html","","","","refactor","repository evidence",""
"asset:assets/images/socialmedia/derived/Real_Estate_2_Mobile-480.jpg","asset","assets/images/socialmedia/derived/Real_Estate_2_Mobile-480.jpg","image","jpg","38255","2af75b626040fb71afdb24029774c01ac436aac5fca6303f1a8e6ddea404bfb4","generated-derivative","1","services/estate-agents.html","","","","refactor","repository evidence",""
"asset:assets/images/socialmedia/derived/Real_Estate_2_Mobile-480.webp","asset","assets/images/socialmedia/derived/Real_Estate_2_Mobile-480.webp","image","webp","22998","5810f5f7692e1619fb9fd119552ee94622f4c9fbfc69a231c9eaf456568ca7b3","generated-derivative","1","services/estate-agents.html","","","","refactor","repository evidence",""
"asset:assets/images/socialmedia/derived/Real_Estate_2_Mobile-768.avif","asset","assets/images/socialmedia/derived/Real_Estate_2_Mobile-768.avif","image","avif","27253","70f3da2e01edea3163c51304abc003e393b3e66c11a8c13b39ead0d433a44f73","generated-derivative","1","services/estate-agents.html","","","","refactor","repository evidence",""
"asset:assets/images/socialmedia/derived/Real_Estate_2_Mobile-768.jpg","asset","assets/images/socialmedia/derived/Real_Estate_2_Mobile-768.jpg","image","jpg","75664","0c03e0727ea9fb4c7e9e623d210f2a7dafe16da0b9750dc88d77ebb94ed53593","generated-derivative","1","services/estate-agents.html","","","","refactor","repository evidence",""
"asset:assets/images/socialmedia/derived/Real_Estate_2_Mobile-768.webp","asset","assets/images/socialmedia/derived/Real_Estate_2_Mobile-768.webp","image","webp","42166","8d7cbafa0a87221eb83eea68566fb4448791c7e8d127832a3eee3d036415f2d1","generated-derivative","1","services/estate-agents.html","","","","refactor","repository evidence",""
"asset:assets/images/socialmedia/derived/Real_Estate_3-640.avif","asset","assets/images/socialmedia/derived/Real_Estate_3-640.avif","image","avif","10377","010f5cfee1d321f3764af80dba2592f1766a6e16a55b96ce89965e972a11be44","generated-derivative","1","services/estate-agents.html","","","","refactor","repository evidence",""
"asset:assets/images/socialmedia/derived/Real_Estate_3-640.jpg","asset","assets/images/socialmedia/derived/Real_Estate_3-640.jpg","image","jpg","27334","1d303c451761dd5680ca553a3746ba0f2321353dc3f6327f1d91f5fd2f0a7103","generated-derivative","1","services/estate-agents.html","","","","refactor","repository evidence",""
"asset:assets/images/socialmedia/derived/Real_Estate_3-640.webp","asset","assets/images/socialmedia/derived/Real_Estate_3-640.webp","image","webp","15140","c1e2e46fbc19f5a359bdb12c35cdcd575212980866c9829609cf454d860a72bc","generated-derivative","1","services/estate-agents.html","","","","refactor","repository evidence",""
"asset:assets/images/socialmedia/derived/Real_Estate_3-960.avif","asset","assets/images/socialmedia/derived/Real_Estate_3-960.avif","image","avif","16018","f843e8fa234568e107f4d3ea5cf21cef77f68ce058cfb2abe9afcb1b9bbfe030","generated-derivative","1","services/estate-agents.html","","","","refactor","repository evidence",""
"asset:assets/images/socialmedia/derived/Real_Estate_3-960.jpg","asset","assets/images/socialmedia/derived/Real_Estate_3-960.jpg","image","jpg","50228","3f337f41cb8f3435f3dc2c0583583d61c7e93e9ff949e45c7aeb129e9ea91836","generated-derivative","1","services/estate-agents.html","","","","refactor","repository evidence",""
"asset:assets/images/socialmedia/derived/Real_Estate_3-960.webp","asset","assets/images/socialmedia/derived/Real_Estate_3-960.webp","image","webp","25702","94d9929b4480dd79cfb6633fa18957ba744e298fced807eab862014abdd042c0","generated-derivative","1","services/estate-agents.html","","","","refactor","repository evidence",""
"asset:assets/images/socialmedia/derived/Real_Estate_3_Mobile-480.avif","asset","assets/images/socialmedia/derived/Real_Estate_3_Mobile-480.avif","image","avif","15395","7cf23a2d2ed6b451c22cf70801965259ab89da4eb9c84e7a4f16207db5a41c91","generated-derivative","1","services/estate-agents.html","","","","refactor","repository evidence",""
"asset:assets/images/socialmedia/derived/Real_Estate_3_Mobile-480.jpg","asset","assets/images/socialmedia/derived/Real_Estate_3_Mobile-480.jpg","image","jpg","36212","d7e99e4a5534b283973d7a4969f6b0f083ad6e016203a758a3eb89e6c465f40e","generated-derivative","1","services/estate-agents.html","","","","refactor","repository evidence",""
"asset:assets/images/socialmedia/derived/Real_Estate_3_Mobile-480.webp","asset","assets/images/socialmedia/derived/Real_Estate_3_Mobile-480.webp","image","webp","21464","d487b6502a2d671ba2b1dedf04986dd9e2a0d5205d311bf1ba1726409ba18a93","generated-derivative","1","services/estate-agents.html","","","","refactor","repository evidence",""
"asset:assets/images/socialmedia/derived/Real_Estate_3_Mobile-768.avif","asset","assets/images/socialmedia/derived/Real_Estate_3_Mobile-768.avif","image","avif","25176","e35f204b8486f2662f5c169a3bd3f461002f41db2975342df0caeb9b12bb5613","generated-derivative","1","services/estate-agents.html","","","","refactor","repository evidence",""
"asset:assets/images/socialmedia/derived/Real_Estate_3_Mobile-768.jpg","asset","assets/images/socialmedia/derived/Real_Estate_3_Mobile-768.jpg","image","jpg","71405","e571150d56aef42fda577427603c538ebcc77203af1003bd5dca9471582af9f8","generated-derivative","1","services/estate-agents.html","","","","refactor","repository evidence",""
"asset:assets/images/socialmedia/derived/Real_Estate_3_Mobile-768.webp","asset","assets/images/socialmedia/derived/Real_Estate_3_Mobile-768.webp","image","webp","38822","d5d993d1e723fab343afb07559157f27f239fab48d9785e4773de97e04b5ebeb","generated-derivative","1","services/estate-agents.html","","","","refactor","repository evidence",""
"asset:assets/images/socialmedia/derived/Salon_1-640.avif","asset","assets/images/socialmedia/derived/Salon_1-640.avif","image","avif","9628","88556165a7ad3a92c8ca4771fa5952d4057c73d557c868f6e5807768b9daacb3","generated-derivative","1","services/salons-barbers.html","","","","refactor","repository evidence",""
"asset:assets/images/socialmedia/derived/Salon_1-640.jpg","asset","assets/images/socialmedia/derived/Salon_1-640.jpg","image","jpg","25064","ee2e63e384fb7fdff7d762e9419135f594c60f6b57cebfaeeccaf4f8f3a4a413","generated-derivative","1","services/salons-barbers.html","","","","refactor","repository evidence",""
"asset:assets/images/socialmedia/derived/Salon_1-640.webp","asset","assets/images/socialmedia/derived/Salon_1-640.webp","image","webp","13042","1b3987c2a5ddee85adeb878ae6e4766bbe3f3bb39bcc4107ae873c03cc55bbaa","generated-derivative","1","services/salons-barbers.html","","","","refactor","repository evidence",""
"asset:assets/images/socialmedia/derived/Salon_1-960.avif","asset","assets/images/socialmedia/derived/Salon_1-960.avif","image","avif","15011","52b5de89dfeb6ccf12fa6b1a01cde9c7c898eaf26b3c1d4b63e0f1c99b7a8e63","generated-derivative","1","services/salons-barbers.html","","","","refactor","repository evidence",""
"asset:assets/images/socialmedia/derived/Salon_1-960.jpg","asset","assets/images/socialmedia/derived/Salon_1-960.jpg","image","jpg","46458","12623a12b113561fb21383c4c771a61bebdad00c145df3e82e8c41137e0a44d4","generated-derivative","1","services/salons-barbers.html","","","","refactor","repository evidence",""
"asset:assets/images/socialmedia/derived/Salon_1-960.webp","asset","assets/images/socialmedia/derived/Salon_1-960.webp","image","webp","21942","29fdfdcc1705a1785830395f609105706c3982944535f8112403dd5f450de400","generated-derivative","1","services/salons-barbers.html","","","","refactor","repository evidence",""
"asset:assets/images/socialmedia/derived/Salon_1_Mobile-480.avif","asset","assets/images/socialmedia/derived/Salon_1_Mobile-480.avif","image","avif","13609","84d83dd136a6368823669d992ca6b7417448c36f1439b8cc716ff19321fd5f15","generated-derivative","1","services/salons-barbers.html","","","","refactor","repository evidence",""
"asset:assets/images/socialmedia/derived/Salon_1_Mobile-480.jpg","asset","assets/images/socialmedia/derived/Salon_1_Mobile-480.jpg","image","jpg","33272","5a79d4ba7185a4cef9d194348b835a74138dc59934f6491e22cde3d1c8d65704","generated-derivative","1","services/salons-barbers.html","","","","refactor","repository evidence",""
"asset:assets/images/socialmedia/derived/Salon_1_Mobile-480.webp","asset","assets/images/socialmedia/derived/Salon_1_Mobile-480.webp","image","webp","18218","035e2892791ad92a7b7b6b0d029a6b6e963a59b2da8627bf2a2e32bdf1c314ef","generated-derivative","1","services/salons-barbers.html","","","","refactor","repository evidence",""
"asset:assets/images/socialmedia/derived/Salon_1_Mobile-768.avif","asset","assets/images/socialmedia/derived/Salon_1_Mobile-768.avif","image","avif","21343","38c1bdca14e0334e5070a711aa02cd1c123f6f4e60a4500249e4304d0720775a","generated-derivative","1","services/salons-barbers.html","","","","refactor","repository evidence",""
"asset:assets/images/socialmedia/derived/Salon_1_Mobile-768.jpg","asset","assets/images/socialmedia/derived/Salon_1_Mobile-768.jpg","image","jpg","65531","d637f22923bbca176790328493dde7a3af01a5c2cf4ae6b733c6b5373d56266e","generated-derivative","1","services/salons-barbers.html","","","","refactor","repository evidence",""
"asset:assets/images/socialmedia/derived/Salon_1_Mobile-768.webp","asset","assets/images/socialmedia/derived/Salon_1_Mobile-768.webp","image","webp","32146","b585ee1d7701d063af5cadfa0baa46dd14ef0d6abc4b6ad2a6c24a43e257880f","generated-derivative","1","services/salons-barbers.html","","","","refactor","repository evidence",""
"asset:assets/images/socialmedia/derived/Salon_2-640.avif","asset","assets/images/socialmedia/derived/Salon_2-640.avif","image","avif","8554","c9799c5a4cfdf570b28680c90d6c48d6ef8ddc12e47ffb3af834aee26d8797b8","generated-derivative","0","","","","","refactor","repository evidence",""
"asset:assets/images/socialmedia/derived/Salon_2-640.jpg","asset","assets/images/socialmedia/derived/Salon_2-640.jpg","image","jpg","23445","035f0ad562e9c76b30caed79870ffa84a6fe6439dabc10a8d420f32addddf7e7","generated-derivative","0","","","","","refactor","repository evidence",""
"asset:assets/images/socialmedia/derived/Salon_2-640.webp","asset","assets/images/socialmedia/derived/Salon_2-640.webp","image","webp","12990","1e8f74766c04ac15563b0a788f52f359faee7f9ad992144d53cbe3b8b891189d","generated-derivative","0","","","","","refactor","repository evidence",""
"asset:assets/images/socialmedia/derived/Salon_2-960.avif","asset","assets/images/socialmedia/derived/Salon_2-960.avif","image","avif","13126","3989122a1621ec5bbb6d62711cd83d9404083204a9f9fdbc9bad83e025edfe8a","generated-derivative","0","","","","","refactor","repository evidence",""
"asset:assets/images/socialmedia/derived/Salon_2-960.jpg","asset","assets/images/socialmedia/derived/Salon_2-960.jpg","image","jpg","41319","56ad480f71b7b4310aecc2634a8271b2dd179047b80fee6e0ab19d3cd81da9f7","generated-derivative","0","","","","","refactor","repository evidence",""
"asset:assets/images/socialmedia/derived/Salon_2-960.webp","asset","assets/images/socialmedia/derived/Salon_2-960.webp","image","webp","21676","3230a401a1d2666b26d879314197c5aedc5b43d54b2a5cdf6a200df3f24123d9","generated-derivative","0","","","","","refactor","repository evidence",""
"asset:assets/images/socialmedia/derived/Salon_2_Mobile-480.avif","asset","assets/images/socialmedia/derived/Salon_2_Mobile-480.avif","image","avif","9475","a886fd37df07605cd11bf9daf93617f6db0099a55636ca603570a70e00e3c1dd","generated-derivative","0","","","","","refactor","repository evidence",""
"asset:assets/images/socialmedia/derived/Salon_2_Mobile-480.jpg","asset","assets/images/socialmedia/derived/Salon_2_Mobile-480.jpg","image","jpg","27534","84ba3688e4222f65372e18f26b5f5ac29c57ba58b68b6965e42e0d7e5e6a3755","generated-derivative","0","","","","","refactor","repository evidence",""
"asset:assets/images/socialmedia/derived/Salon_2_Mobile-480.webp","asset","assets/images/socialmedia/derived/Salon_2_Mobile-480.webp","image","webp","14072","b711f766c5106bf30914b97c5271e85a754b07fd6a616ffbca14336e12a84638","generated-derivative","0","","","","","refactor","repository evidence",""
"asset:assets/images/socialmedia/derived/Salon_2_Mobile-768.avif","asset","assets/images/socialmedia/derived/Salon_2_Mobile-768.avif","image","avif","15682","b9069eb3c28bfafae17afbb548a3d87befa5e71e848aaa40bf5c0b65f35b5c08","generated-derivative","0","","","","","refactor","repository evidence",""
"asset:assets/images/socialmedia/derived/Salon_2_Mobile-768.jpg","asset","assets/images/socialmedia/derived/Salon_2_Mobile-768.jpg","image","jpg","55005","aab818ea5cd7b101b6bd7be0895a654b586eef753108f24a6b144362026b810c","generated-derivative","0","","","","","refactor","repository evidence",""
"asset:assets/images/socialmedia/derived/Salon_2_Mobile-768.webp","asset","assets/images/socialmedia/derived/Salon_2_Mobile-768.webp","image","webp","25970","fdee0ca4f14447ae6ecaa99aa4bfefab46fb86ea5976f2bc031a920907d61179","generated-derivative","0","","","","","refactor","repository evidence",""
"asset:assets/images/socialmedia/derived/Salon_3-640.avif","asset","assets/images/socialmedia/derived/Salon_3-640.avif","image","avif","8292","0509310c8d6d5f0fa0812a4afa114cf781e9cec1ef686abb38383da80ab20267","generated-derivative","0","","","","","refactor","repository evidence",""
"asset:assets/images/socialmedia/derived/Salon_3-640.jpg","asset","assets/images/socialmedia/derived/Salon_3-640.jpg","image","jpg","20811","ada4f38bf802fbc744f046e9c72d22e4cb8d0d54866ba93c583ac7c8ba0eb2b8","generated-derivative","0","","","","","refactor","repository evidence",""
"asset:assets/images/socialmedia/derived/Salon_3-640.webp","asset","assets/images/socialmedia/derived/Salon_3-640.webp","image","webp","11542","6ae8a5e06097c43a90560eb7a2d93fa174be8114a32cb2be7600c2a3f4da1f6d","generated-derivative","0","","","","","refactor","repository evidence",""
"asset:assets/images/socialmedia/derived/Salon_3-960.avif","asset","assets/images/socialmedia/derived/Salon_3-960.avif","image","avif","13245","b67e1c3146e2a42f493b7f687a891e8e6bceabca0f9c3e619938b2b3909f3a76","generated-derivative","0","","","","","refactor","repository evidence",""
"asset:assets/images/socialmedia/derived/Salon_3-960.jpg","asset","assets/images/socialmedia/derived/Salon_3-960.jpg","image","jpg","37876","d9b14bc81ba3c7599aa9c6e474aa794453341d7fa24c67f91ca30f022a7d302b","generated-derivative","0","","","","","refactor","repository evidence",""
"asset:assets/images/socialmedia/derived/Salon_3-960.webp","asset","assets/images/socialmedia/derived/Salon_3-960.webp","image","webp","19990","08defd895e85a1daf2a36d690d85c3bc2e630aaf0a7bad8bdc921a61c99ca2c2","generated-derivative","0","","","","","refactor","repository evidence",""
"asset:assets/images/socialmedia/derived/Salon_3_Mobile-480.avif","asset","assets/images/socialmedia/derived/Salon_3_Mobile-480.avif","image","avif","9972","089588c1da30b83c64013d268ec691fc8cc2b7701b04664e691bdcfe2f421d6f","generated-derivative","0","","","","","refactor","repository evidence",""
"asset:assets/images/socialmedia/derived/Salon_3_Mobile-480.jpg","asset","assets/images/socialmedia/derived/Salon_3_Mobile-480.jpg","image","jpg","25766","8469ac44a723bd35d25d6456f3c660843c83213012d67d6df983294cdd869cde","generated-derivative","0","","","","","refactor","repository evidence",""
"asset:assets/images/socialmedia/derived/Salon_3_Mobile-480.webp","asset","assets/images/socialmedia/derived/Salon_3_Mobile-480.webp","image","webp","14402","03431e012f5d338b1622c3b89b5942bee432a59da7ccfafa6492f67463ded43f","generated-derivative","0","","","","","refactor","repository evidence",""
"asset:assets/images/socialmedia/derived/Salon_3_Mobile-768.avif","asset","assets/images/socialmedia/derived/Salon_3_Mobile-768.avif","image","avif","15713","08236672fe93881b2dda92d885c2f8bb07cf9681a711edb400241015789215d2","generated-derivative","0","","","","","refactor","repository evidence",""
"asset:assets/images/socialmedia/derived/Salon_3_Mobile-768.jpg","asset","assets/images/socialmedia/derived/Salon_3_Mobile-768.jpg","image","jpg","50710","987d5b3ce73880813d97f20e8f263d1e2ec28c9ff462fb3956e9403ebed88ead","generated-derivative","0","","","","","refactor","repository evidence",""
"asset:assets/images/socialmedia/derived/Salon_3_Mobile-768.webp","asset","assets/images/socialmedia/derived/Salon_3_Mobile-768.webp","image","webp","25774","08fbc335200c1e3eda7270615c8ca5985d4a992a9cf45c003efccf815eb23537","generated-derivative","0","","","","","refactor","repository evidence",""
"asset:assets/images/socialmedia/derived/Trades_1-640.avif","asset","assets/images/socialmedia/derived/Trades_1-640.avif","image","avif","19415","8d45e5ee023cd46c4706b0a943c448a41683b345ead2ea58346b70989c2a7b57","generated-derivative","1","services/trades.html","","","","refactor","repository evidence",""
"asset:assets/images/socialmedia/derived/Trades_1-640.jpg","asset","assets/images/socialmedia/derived/Trades_1-640.jpg","image","jpg","40963","9348da30eceb3e1c6823aa2d3f2835d6facc96e06771ab7fc7ed6bae22fb3ae9","generated-derivative","1","services/trades.html","","","","refactor","repository evidence",""
"asset:assets/images/socialmedia/derived/Trades_1-640.webp","asset","assets/images/socialmedia/derived/Trades_1-640.webp","image","webp","28352","c810ccc2162fd9ef65ee9807e3d3291a9ca5db22b05a2649ac57b849d7102b61","generated-derivative","1","services/trades.html","","","","refactor","repository evidence",""
"asset:assets/images/socialmedia/derived/Trades_1-960.avif","asset","assets/images/socialmedia/derived/Trades_1-960.avif","image","avif","30683","b9582bd3cd3c4c42b2c77168cd88fc62af25f3a7f95dd88c468ca8434f7f1f39","generated-derivative","1","services/trades.html","","","","refactor","repository evidence",""
"asset:assets/images/socialmedia/derived/Trades_1-960.jpg","asset","assets/images/socialmedia/derived/Trades_1-960.jpg","image","jpg","74614","4b93680e89d6cec83e4da4302d96779dfe8a1724a31001aa8ad6fbe8c9feb168","generated-derivative","1","services/trades.html","","","","refactor","repository evidence",""
"asset:assets/images/socialmedia/derived/Trades_1-960.webp","asset","assets/images/socialmedia/derived/Trades_1-960.webp","image","webp","48120","9b388fedee2dddd14c687319ede398fcd782ae814a4cb4f4525b852b415d10bc","generated-derivative","1","services/trades.html","","","","refactor","repository evidence",""
"asset:assets/images/socialmedia/derived/Trades_1_Mobile-480.avif","asset","assets/images/socialmedia/derived/Trades_1_Mobile-480.avif","image","avif","20723","6a0809c0656e9e72a7ceea19e1492d08d227dcd583c3fd42bd7dbaa1a3dfd6c4","generated-derivative","1","services/trades.html","","","","refactor","repository evidence",""
"asset:assets/images/socialmedia/derived/Trades_1_Mobile-480.jpg","asset","assets/images/socialmedia/derived/Trades_1_Mobile-480.jpg","image","jpg","46412","57c0ba2c94b96aa2f9aaf86edcc84dfe3e86ebce5e892f292a61c8fdb945c509","generated-derivative","1","services/trades.html","","","","refactor","repository evidence",""
"asset:assets/images/socialmedia/derived/Trades_1_Mobile-480.webp","asset","assets/images/socialmedia/derived/Trades_1_Mobile-480.webp","image","webp","30720","d695c89b4905f11dc5e65da6cca9fa6b3f9e9c36bc93cceee7f0241dde7f1e03","generated-derivative","1","services/trades.html","","","","refactor","repository evidence",""
"asset:assets/images/socialmedia/derived/Trades_1_Mobile-768.avif","asset","assets/images/socialmedia/derived/Trades_1_Mobile-768.avif","image","avif","34858","62db52c6763b078c5c50ac2f06f9c8b2ce1c8007214b65485ccb4956818ee952","generated-derivative","1","services/trades.html","","","","refactor","repository evidence",""
"asset:assets/images/socialmedia/derived/Trades_1_Mobile-768.jpg","asset","assets/images/socialmedia/derived/Trades_1_Mobile-768.jpg","image","jpg","92975","36e27bd53130e6d372cce5599bffa5cc17ce22097cfc0885934c7d0296bcf8b5","generated-derivative","1","services/trades.html","","","","refactor","repository evidence",""
"asset:assets/images/socialmedia/derived/Trades_1_Mobile-768.webp","asset","assets/images/socialmedia/derived/Trades_1_Mobile-768.webp","image","webp","55704","cc48974306c1c2c5af2bdbfe55ce37abfdb46695d71265b8dc0fcf1b04313d94","generated-derivative","1","services/trades.html","","","","refactor","repository evidence",""
"asset:assets/images/socialmedia/derived/Trades_2-640.avif","asset","assets/images/socialmedia/derived/Trades_2-640.avif","image","avif","12576","a6dff672a27b2a0c40408ab4df3f9f61cd1d6ebda652011a931a76a50458041d","generated-derivative","1","services/trades.html","","","","refactor","repository evidence",""
"asset:assets/images/socialmedia/derived/Trades_2-640.jpg","asset","assets/images/socialmedia/derived/Trades_2-640.jpg","image","jpg","30370","8f725dad9c0695122f6e6ea03307c8c26bd258552c33adc536d4805e42f1b278","generated-derivative","1","services/trades.html","","","","refactor","repository evidence",""
"asset:assets/images/socialmedia/derived/Trades_2-640.webp","asset","assets/images/socialmedia/derived/Trades_2-640.webp","image","webp","18616","ec1210043197b68d2c69f24f56a1a006e6dc1f2dc5e1836eead0a2a773cdd2b8","generated-derivative","1","services/trades.html","","","","refactor","repository evidence",""
"asset:assets/images/socialmedia/derived/Trades_2-960.avif","asset","assets/images/socialmedia/derived/Trades_2-960.avif","image","avif","19473","79486d7fcba1b75f2f298447455e5acd2a8aff12cd3062b26ebe61368ec80b02","generated-derivative","1","services/trades.html","","","","refactor","repository evidence",""
"asset:assets/images/socialmedia/derived/Trades_2-960.jpg","asset","assets/images/socialmedia/derived/Trades_2-960.jpg","image","jpg","55167","ec85aaa9ede7e993abe7177fc66d702a6b610ae09c5fc65cf45e1fdf830c75a3","generated-derivative","1","services/trades.html","","","","refactor","repository evidence",""
"asset:assets/images/socialmedia/derived/Trades_2-960.webp","asset","assets/images/socialmedia/derived/Trades_2-960.webp","image","webp","31784","b20fb972035d6ebd0efdd427705f9def6f2113efb18f279993f8a6d3a731faea","generated-derivative","1","services/trades.html","","","","refactor","repository evidence",""
"asset:assets/images/socialmedia/derived/Trades_2_Mobile-320.avif","asset","assets/images/socialmedia/derived/Trades_2_Mobile-320.avif","image","avif","9186","0c4c92e0d70a3d54a22f5c340762c817e60fe78399ae9578b02dac92731daa6c","generated-derivative","0","","","","","refactor","repository evidence",""
"asset:assets/images/socialmedia/derived/Trades_2_Mobile-320.jpg","asset","assets/images/socialmedia/derived/Trades_2_Mobile-320.jpg","image","jpg","19315","7d6bb20a60c167a7b093e3e24d333c60d0818bdcb97a97bd6a5c9ea22738cf54","generated-derivative","0","","","","","refactor","repository evidence",""
"asset:assets/images/socialmedia/derived/Trades_2_Mobile-320.webp","asset","assets/images/socialmedia/derived/Trades_2_Mobile-320.webp","image","webp","12722","94ac1d08b98585edb56e9d7da0b1d6918b4228cbcd422458f5b3a60f3500bf31","generated-derivative","0","","","","","refactor","repository evidence",""
"asset:assets/images/socialmedia/derived/Trades_2_Mobile-480.avif","asset","assets/images/socialmedia/derived/Trades_2_Mobile-480.avif","image","avif","15427","384de433b6f16fbcebce2a4cb1306e84662dfdbcb7fc6be147cf0cd967c683e1","generated-derivative","1","services/trades.html","","","","refactor","repository evidence",""
"asset:assets/images/socialmedia/derived/Trades_2_Mobile-480.jpg","asset","assets/images/socialmedia/derived/Trades_2_Mobile-480.jpg","image","jpg","36742","c7eca35ad05263d3d11cfa67be9190e10a95d6a92e4ba09bf7129a23e2729137","generated-derivative","1","services/trades.html","","","","refactor","repository evidence",""
"asset:assets/images/socialmedia/derived/Trades_2_Mobile-480.webp","asset","assets/images/socialmedia/derived/Trades_2_Mobile-480.webp","image","webp","22418","fa6ff70182421bf57902b21070d97b4eaa087b58f09d753e3bc5e96d0b228b47","generated-derivative","1","services/trades.html","","","","refactor","repository evidence",""
"asset:assets/images/socialmedia/derived/Trades_2_Mobile-640.avif","asset","assets/images/socialmedia/derived/Trades_2_Mobile-640.avif","image","avif","21179","4da3d887d44fbec582847b042cb05f412ccffce8bef8a771961c91aabdfe7be0","generated-derivative","0","","","","","refactor","repository evidence",""
"asset:assets/images/socialmedia/derived/Trades_2_Mobile-640.jpg","asset","assets/images/socialmedia/derived/Trades_2_Mobile-640.jpg","image","jpg","56453","b2368aa7fec202580d79e0c4f8348936e643a7b54c6c961e686dbf0574f590f8","generated-derivative","0","","","","","refactor","repository evidence",""
"asset:assets/images/socialmedia/derived/Trades_2_Mobile-640.webp","asset","assets/images/socialmedia/derived/Trades_2_Mobile-640.webp","image","webp","32918","8afdf726e51a5bdf23ee40d78ec6a94674ea08752d7cdf7c8044848808023e86","generated-derivative","0","","","","","refactor","repository evidence",""
"asset:assets/images/socialmedia/derived/Trades_2_Mobile-768.avif","asset","assets/images/socialmedia/derived/Trades_2_Mobile-768.avif","image","avif","25671","cb5615de4ad5658bc035a4993adfe4db677c40bfa0b57e34717ee6d516491617","generated-derivative","1","services/trades.html","","","","refactor","repository evidence",""
"asset:assets/images/socialmedia/derived/Trades_2_Mobile-768.jpg","asset","assets/images/socialmedia/derived/Trades_2_Mobile-768.jpg","image","jpg","74361","e1d943967e1170feb32b4e1b525d86595feccb0ad167ff45b45c712bb4002eb7","generated-derivative","1","services/trades.html","","","","refactor","repository evidence",""
"asset:assets/images/socialmedia/derived/Trades_2_Mobile-768.webp","asset","assets/images/socialmedia/derived/Trades_2_Mobile-768.webp","image","webp","41590","589d96078bbc1a5a991983474ce58df232b318ddb0426f4907e7258e6783c21d","generated-derivative","1","services/trades.html","","","","refactor","repository evidence",""
"asset:assets/images/socialmedia/derived/Trades_3-640.avif","asset","assets/images/socialmedia/derived/Trades_3-640.avif","image","avif","9374","a0c774b82f676d2ead85bc101faac8f823eaaa7aa8fcce9792af8599c952db4d","generated-derivative","1","services/trades.html","","","","refactor","repository evidence",""
"asset:assets/images/socialmedia/derived/Trades_3-640.jpg","asset","assets/images/socialmedia/derived/Trades_3-640.jpg","image","jpg","24771","e7100a5a518ae156673f299522038b884856611dbfdca0555d6d0d5c7712b3ae","generated-derivative","1","services/trades.html","","","","refactor","repository evidence",""
"asset:assets/images/socialmedia/derived/Trades_3-640.webp","asset","assets/images/socialmedia/derived/Trades_3-640.webp","image","webp","13694","868490d73391c4637e81cd36fdec4d913de21b80fbb5439546451bbf679929c7","generated-derivative","1","services/trades.html","","","","refactor","repository evidence",""
"asset:assets/images/socialmedia/derived/Trades_3-960.avif","asset","assets/images/socialmedia/derived/Trades_3-960.avif","image","avif","15017","b0609bd6476379b3a275b5e6d5facfadffd2f1e1c31eefc75186f56542e212c2","generated-derivative","1","services/trades.html","","","","refactor","repository evidence",""
"asset:assets/images/socialmedia/derived/Trades_3-960.jpg","asset","assets/images/socialmedia/derived/Trades_3-960.jpg","image","jpg","45479","b4670a37cd038952c87c1dd73da2afa8a9fdd4d4845a5095a2be1f75a3767d94","generated-derivative","1","services/trades.html","","","","refactor","repository evidence",""
"asset:assets/images/socialmedia/derived/Trades_3-960.webp","asset","assets/images/socialmedia/derived/Trades_3-960.webp","image","webp","23474","18a2ca0761b5d379f131d1813090432591870d6aa2614b4135fdd9537d3c1548","generated-derivative","1","services/trades.html","","","","refactor","repository evidence",""
"asset:assets/images/socialmedia/derived/Trades_3_Mobile-480.avif","asset","assets/images/socialmedia/derived/Trades_3_Mobile-480.avif","image","avif","12436","87ff6bb97385e89f5fdf5493f33ffa36694e16d24da7adbeecc1a7a424925bae","generated-derivative","1","services/trades.html","","","","refactor","repository evidence",""
"asset:assets/images/socialmedia/derived/Trades_3_Mobile-480.jpg","asset","assets/images/socialmedia/derived/Trades_3_Mobile-480.jpg","image","jpg","31442","4b2640f7126bb799fc3c0aaa74bffd3858189777d44d4606642e9f8fec1e41ac","generated-derivative","1","services/trades.html","","","","refactor","repository evidence",""
"asset:assets/images/socialmedia/derived/Trades_3_Mobile-480.webp","asset","assets/images/socialmedia/derived/Trades_3_Mobile-480.webp","image","webp","18054","5dbc8f40b238ca1a32bdeb8212a3279e8c9f27a23e1aa3b104086ea38f8272d9","generated-derivative","1","services/trades.html","","","","refactor","repository evidence",""
"asset:assets/images/socialmedia/derived/Trades_3_Mobile-768.avif","asset","assets/images/socialmedia/derived/Trades_3_Mobile-768.avif","image","avif","20357","86b7e48adc22cf2fc35e12ba59faf91afa70937895f538a327ba92ab1111dd76","generated-derivative","1","services/trades.html","","","","refactor","repository evidence",""
"asset:assets/images/socialmedia/derived/Trades_3_Mobile-768.jpg","asset","assets/images/socialmedia/derived/Trades_3_Mobile-768.jpg","image","jpg","61992","b63e3b7a1eb029f5128ac8c421acdbe50424a993196efc24a714c691984aad79","generated-derivative","1","services/trades.html","","","","refactor","repository evidence",""
"asset:assets/images/socialmedia/derived/Trades_3_Mobile-768.webp","asset","assets/images/socialmedia/derived/Trades_3_Mobile-768.webp","image","webp","33034","2b46a0e82e26f51f660865a1e760865c0981ac77b7e9ff9a051b5cb93eca7ba3","generated-derivative","1","services/trades.html","","","","refactor","repository evidence",""
"asset:assets/images/socialmedia/derived/dentist-1-640.avif","asset","assets/images/socialmedia/derived/dentist-1-640.avif","image","avif","12096","25d0a8977b4a6074a2bfc8b99cd8c9f3efbf8ffdf76923ce8817145601f19bf7","generated-derivative","2","codex/execplans/2026-03-20-socialmedia-image-refresh.md | services/dentists.html","","","","refactor","repository evidence",""
"asset:assets/images/socialmedia/derived/dentist-1-640.jpg","asset","assets/images/socialmedia/derived/dentist-1-640.jpg","image","jpg","30579","47b8fa11a9b431a0554a7f6d3f287948d7c7e07eeed1ef384739d04f095e3d1d","generated-derivative","1","services/dentists.html","","","","refactor","repository evidence",""
"asset:assets/images/socialmedia/derived/dentist-1-640.webp","asset","assets/images/socialmedia/derived/dentist-1-640.webp","image","webp","19052","0c67d2709a02a91acf624500ec694add4adced1a800a0052af520e42bab17d73","generated-derivative","1","services/dentists.html","","","","refactor","repository evidence",""
"asset:assets/images/socialmedia/derived/dentist-1-960.avif","asset","assets/images/socialmedia/derived/dentist-1-960.avif","image","avif","19450","bbb2c1c5c6a43cbefacc7d7db90e4d8089fc1cd6e5a48f6d76cf41d802638d47","generated-derivative","1","services/dentists.html","","","","refactor","repository evidence",""
"asset:assets/images/socialmedia/derived/dentist-1-960.jpg","asset","assets/images/socialmedia/derived/dentist-1-960.jpg","image","jpg","55950","d7a41dfd2124885be590a48a1422c336df129145e03ed78d8b4a49dd569663f0","generated-derivative","1","services/dentists.html","","","","refactor","repository evidence",""
"asset:assets/images/socialmedia/derived/dentist-1-960.webp","asset","assets/images/socialmedia/derived/dentist-1-960.webp","image","webp","32204","4d4803b9d6d2f650c742ab8672f36a9be3eb4e28c01323efd8d60e524f92f8c8","generated-derivative","1","services/dentists.html","","","","refactor","repository evidence",""
"asset:assets/images/socialmedia/derived/dentist-1-mobile-480.avif","asset","assets/images/socialmedia/derived/dentist-1-mobile-480.avif","image","avif","11688","f77f7bafc12758af3af1015b08650d5e6609a0329b7ad151ad33192fd8384f6a","generated-derivative","1","services/dentists.html","","","","refactor","repository evidence",""
"asset:assets/images/socialmedia/derived/dentist-1-mobile-480.jpg","asset","assets/images/socialmedia/derived/dentist-1-mobile-480.jpg","image","jpg","32772","b398f16f971fbcaed07f1c326a221330d309b1babb35e6bbe2db48fc11565a2e","generated-derivative","1","services/dentists.html","","","","refactor","repository evidence",""
"asset:assets/images/socialmedia/derived/dentist-1-mobile-480.webp","asset","assets/images/socialmedia/derived/dentist-1-mobile-480.webp","image","webp","18448","840759317737da2f54bf3fa5f710020b6d5837b37fbe6d6ffa1c0d6f074a365b","generated-derivative","1","services/dentists.html","","","","refactor","repository evidence",""
"asset:assets/images/socialmedia/derived/dentist-1-mobile-768.avif","asset","assets/images/socialmedia/derived/dentist-1-mobile-768.avif","image","avif","20074","74b0bc6eae3afcbe6a6bf14adf377c070ede2f711c20c0ed0238698631d9c6d6","generated-derivative","1","services/dentists.html","","","","refactor","repository evidence",""
"asset:assets/images/socialmedia/derived/dentist-1-mobile-768.jpg","asset","assets/images/socialmedia/derived/dentist-1-mobile-768.jpg","image","jpg","66526","2067075b4898b62808410923728662aebabda1800e50e113bfca0daf0584c9b7","generated-derivative","1","services/dentists.html","","","","refactor","repository evidence",""
"asset:assets/images/socialmedia/derived/dentist-1-mobile-768.webp","asset","assets/images/socialmedia/derived/dentist-1-mobile-768.webp","image","webp","34358","135ca5fe626cabad1cf8d9bad1521e265fd69723bf82e4ca21a9c0a3d4bf682e","generated-derivative","1","services/dentists.html","","","","refactor","repository evidence",""
"asset:assets/images/socialmedia/derived/dentist-2-640.avif","asset","assets/images/socialmedia/derived/dentist-2-640.avif","image","avif","10193","b43b5bf63521d485a66aa387707af2a4550d6646e08ec503153a67481a8b77f6","generated-derivative","1","services/dentists.html","","","","refactor","repository evidence",""
"asset:assets/images/socialmedia/derived/dentist-2-640.jpg","asset","assets/images/socialmedia/derived/dentist-2-640.jpg","image","jpg","25590","f1409ffadb6e3bf8c774edc4cb12630fec86fa4147dfd648f1e6680a1ba3bd0b","generated-derivative","1","services/dentists.html","","","","refactor","repository evidence",""
"asset:assets/images/socialmedia/derived/dentist-2-640.webp","asset","assets/images/socialmedia/derived/dentist-2-640.webp","image","webp","15594","0549e1fcc6fda51ef8e61becdaa2c25914a9f49222f5955b8876097fa43c97ea","generated-derivative","1","services/dentists.html","","","","refactor","repository evidence",""
"asset:assets/images/socialmedia/derived/dentist-2-960.avif","asset","assets/images/socialmedia/derived/dentist-2-960.avif","image","avif","15381","e82834793f2c58666542b66f6d5f69e3df7729464bb8367ba05c6876da51267d","generated-derivative","1","services/dentists.html","","","","refactor","repository evidence",""
"asset:assets/images/socialmedia/derived/dentist-2-960.jpg","asset","assets/images/socialmedia/derived/dentist-2-960.jpg","image","jpg","46181","cf981372add6dd5357508f298e33f4cfc579ccadfd1a8ed2496d285a8c07720d","generated-derivative","1","services/dentists.html","","","","refactor","repository evidence",""
"asset:assets/images/socialmedia/derived/dentist-2-960.webp","asset","assets/images/socialmedia/derived/dentist-2-960.webp","image","webp","25800","3b9d5ea453e89df479810e96442e3569cdebc00f370ddb8ff58b1cdac916a104","generated-derivative","1","services/dentists.html","","","","refactor","repository evidence",""
"asset:assets/images/socialmedia/derived/dentist-2-mobile-480.avif","asset","assets/images/socialmedia/derived/dentist-2-mobile-480.avif","image","avif","13809","1e459cccaccf554dfedd100dc068482db6b2c1b5a86352bba736104eaefac84a","generated-derivative","1","services/dentists.html","","","","refactor","repository evidence",""
"asset:assets/images/socialmedia/derived/dentist-2-mobile-480.jpg","asset","assets/images/socialmedia/derived/dentist-2-mobile-480.jpg","image","jpg","34253","6528a3c76372aa82be318e0a644a655af5ad8beae04799bc06b41c908f550fc9","generated-derivative","1","services/dentists.html","","","","refactor","repository evidence",""
"asset:assets/images/socialmedia/derived/dentist-2-mobile-480.webp","asset","assets/images/socialmedia/derived/dentist-2-mobile-480.webp","image","webp","21334","f510e6d133f9552970065a72b2f768dda4007f6bd3d64ef2753269f5e3b420c2","generated-derivative","1","services/dentists.html","","","","refactor","repository evidence",""
"asset:assets/images/socialmedia/derived/dentist-2-mobile-768.avif","asset","assets/images/socialmedia/derived/dentist-2-mobile-768.avif","image","avif","24011","de13af8ef2aa8e5d034e754e689bbe64930bd3d129c028bd76ad7a39193cfabd","generated-derivative","1","services/dentists.html","","","","refactor","repository evidence",""
"asset:assets/images/socialmedia/derived/dentist-2-mobile-768.jpg","asset","assets/images/socialmedia/derived/dentist-2-mobile-768.jpg","image","jpg","69606","c4b9cf00d4c349133d30490119aa7e06e869b94049b4492a29d83ae6cbc13bb4","generated-derivative","1","services/dentists.html","","","","refactor","repository evidence",""
"asset:assets/images/socialmedia/derived/dentist-2-mobile-768.webp","asset","assets/images/socialmedia/derived/dentist-2-mobile-768.webp","image","webp","40396","410c03914cb5b0e0b77fdb77ff121c844910fa37b16b414fc488c072778cc61b","generated-derivative","1","services/dentists.html","","","","refactor","repository evidence",""
"asset:assets/images/socialmedia/derived/dentist-3-640.avif","asset","assets/images/socialmedia/derived/dentist-3-640.avif","image","avif","12243","191c69cd682697870362dce123ebd757036d254fdd44426ebda04e264b34e0f6","generated-derivative","1","services/dentists.html","","","","refactor","repository evidence",""
"asset:assets/images/socialmedia/derived/dentist-3-640.jpg","asset","assets/images/socialmedia/derived/dentist-3-640.jpg","image","jpg","29581","a99ce0b314c5251d33361a750b2865335197ba0b23a3a9ed710db3042911fad6","generated-derivative","1","services/dentists.html","","","","refactor","repository evidence",""
"asset:assets/images/socialmedia/derived/dentist-3-640.webp","asset","assets/images/socialmedia/derived/dentist-3-640.webp","image","webp","18758","1c5985bb353f0946b4902e33b96869364e510ff7abeb306132c6e3132851d163","generated-derivative","1","services/dentists.html","","","","refactor","repository evidence",""
"asset:assets/images/socialmedia/derived/dentist-3-960.avif","asset","assets/images/socialmedia/derived/dentist-3-960.avif","image","avif","18812","825959c44469ae03cc6030e56ade1a4e191df44f879013c372e6fb602266af64","generated-derivative","1","services/dentists.html","","","","refactor","repository evidence",""
"asset:assets/images/socialmedia/derived/dentist-3-960.jpg","asset","assets/images/socialmedia/derived/dentist-3-960.jpg","image","jpg","52786","2636a8c168cf617ae0788d10f935724733181f88df1b557b1dadb39fb394effd","generated-derivative","1","services/dentists.html","","","","refactor","repository evidence",""
"asset:assets/images/socialmedia/derived/dentist-3-960.webp","asset","assets/images/socialmedia/derived/dentist-3-960.webp","image","webp","31134","017e5c3fbf1b86f019ecc1b364412e4b6570cb6fd1ef09c08aa903a359f79726","generated-derivative","1","services/dentists.html","","","","refactor","repository evidence",""
"asset:assets/images/socialmedia/derived/dentist-3-mobile-480.avif","asset","assets/images/socialmedia/derived/dentist-3-mobile-480.avif","image","avif","14041","c58ffd89a1eff3c548e2ce63e90e0eb27ec4c87efb777bde937cb8064a0e6121","generated-derivative","1","services/dentists.html","","","","refactor","repository evidence",""
"asset:assets/images/socialmedia/derived/dentist-3-mobile-480.jpg","asset","assets/images/socialmedia/derived/dentist-3-mobile-480.jpg","image","jpg","34853","8897eed3e46832e8a88be0ec1eecd482c648c06cb3f88e3fb4140b5c5d02a915","generated-derivative","1","services/dentists.html","","","","refactor","repository evidence",""
"asset:assets/images/socialmedia/derived/dentist-3-mobile-480.webp","asset","assets/images/socialmedia/derived/dentist-3-mobile-480.webp","image","webp","21348","521854844c4603b374b37811813eced0dac6cdb873a9533976f911b01e3597d6","generated-derivative","1","services/dentists.html","","","","refactor","repository evidence",""
"asset:assets/images/socialmedia/derived/dentist-3-mobile-768.avif","asset","assets/images/socialmedia/derived/dentist-3-mobile-768.avif","image","avif","23734","55f383e9a3d7952f34bb921c60b90c89fbc3ed79f48c615757f9b9acab862dec","generated-derivative","1","services/dentists.html","","","","refactor","repository evidence",""
"asset:assets/images/socialmedia/derived/dentist-3-mobile-768.jpg","asset","assets/images/socialmedia/derived/dentist-3-mobile-768.jpg","image","jpg","68947","6709af2debafa2cc2d1dfc2f51694a2496b41e5efc126672f4345ff5c8dfb5ee","generated-derivative","1","services/dentists.html","","","","refactor","repository evidence",""
"asset:assets/images/socialmedia/derived/dentist-3-mobile-768.webp","asset","assets/images/socialmedia/derived/dentist-3-mobile-768.webp","image","webp","38240","d143adbd9413ee83804d882a82bbb411340c07ea29c236046f79f4667650ad19","generated-derivative","1","services/dentists.html","","","","refactor","repository evidence",""
"asset:assets/images/socialmedia/derived/eComm_1-640.avif","asset","assets/images/socialmedia/derived/eComm_1-640.avif","image","avif","14394","c9348aa191418e81270860e1ecec2ee861002510c9b940be4062363bcd1c8dcb","generated-derivative","2","codex/execplans/2026-03-20-lightbox-open-lag-fix.md | services/ecommerce.html","","","","refactor","repository evidence",""
"asset:assets/images/socialmedia/derived/eComm_1-640.jpg","asset","assets/images/socialmedia/derived/eComm_1-640.jpg","image","jpg","32890","6ddd78c89e7dd33121db8c619bfa973560e6ae25ad726cf0fe4d9071b7d6e55c","generated-derivative","1","services/ecommerce.html","","","","refactor","repository evidence",""
"asset:assets/images/socialmedia/derived/eComm_1-640.webp","asset","assets/images/socialmedia/derived/eComm_1-640.webp","image","webp","20824","ca3469f063a8015c54308c8b843c6cf4753e39ee0bc974dd92dcc3b6f38d21f8","generated-derivative","1","services/ecommerce.html","","","","refactor","repository evidence",""
"asset:assets/images/socialmedia/derived/eComm_1-960.avif","asset","assets/images/socialmedia/derived/eComm_1-960.avif","image","avif","21993","32792a0eb610e78a823d9edccb73b7dce29a70f585fe9adcc22ae487092720ce","generated-derivative","1","services/ecommerce.html","","","","refactor","repository evidence",""
"asset:assets/images/socialmedia/derived/eComm_1-960.jpg","asset","assets/images/socialmedia/derived/eComm_1-960.jpg","image","jpg","59508","46e54fb4956a9abc6edf3b87f18add51dea28ebf9844092d2db41ca8383c4750","generated-derivative","2","codex/execplans/2026-03-20-lightbox-open-lag-fix.md | services/ecommerce.html","","","","refactor","repository evidence",""
"asset:assets/images/socialmedia/derived/eComm_1-960.webp","asset","assets/images/socialmedia/derived/eComm_1-960.webp","image","webp","34438","adbb23a67d2fd725b2a35d3631ded833e84d566694e4a9ca9a7bdc608fd8f0c4","generated-derivative","1","services/ecommerce.html","","","","refactor","repository evidence",""
"asset:assets/images/socialmedia/derived/eComm_1_Mobile-480.avif","asset","assets/images/socialmedia/derived/eComm_1_Mobile-480.avif","image","avif","18756","7ffa50769947863cc0aa7fc1830ca6c9743eb410f7fcbf0b0b3956876c14146a","generated-derivative","1","services/ecommerce.html","","","","refactor","repository evidence",""
"asset:assets/images/socialmedia/derived/eComm_1_Mobile-480.jpg","asset","assets/images/socialmedia/derived/eComm_1_Mobile-480.jpg","image","jpg","42486","150aa322db6e0552c995eff9e1f6e9cb769a1cb643eaf0819c699af6dcf91e65","generated-derivative","1","services/ecommerce.html","","","","refactor","repository evidence",""
"asset:assets/images/socialmedia/derived/eComm_1_Mobile-480.webp","asset","assets/images/socialmedia/derived/eComm_1_Mobile-480.webp","image","webp","26804","def00a2a2da3f656ce43115ffefcf2cc6933a2ebe00a10be1f07750dc978bd77","generated-derivative","1","services/ecommerce.html","","","","refactor","repository evidence",""
"asset:assets/images/socialmedia/derived/eComm_1_Mobile-768.avif","asset","assets/images/socialmedia/derived/eComm_1_Mobile-768.avif","image","avif","30218","5e46a82aaa1e5d5a486c9732c2c7b76d35a3dc68fd263f5baaae546b12805ef7","generated-derivative","1","services/ecommerce.html","","","","refactor","repository evidence",""
"asset:assets/images/socialmedia/derived/eComm_1_Mobile-768.jpg","asset","assets/images/socialmedia/derived/eComm_1_Mobile-768.jpg","image","jpg","83409","d27ca3659ba3ded74e091efe663cf797c2c5ff10b902b30612294406613f34cf","generated-derivative","2","codex/execplans/2026-03-20-lightbox-open-lag-fix.md | services/ecommerce.html","","","","refactor","repository evidence",""
"asset:assets/images/socialmedia/derived/eComm_1_Mobile-768.webp","asset","assets/images/socialmedia/derived/eComm_1_Mobile-768.webp","image","webp","46830","1022c980af7dba32d82abca14ba34e00ee02dacd89f07f85463b814647dfa355","generated-derivative","1","services/ecommerce.html","","","","refactor","repository evidence",""
"asset:assets/images/socialmedia/derived/eComm_2-640.avif","asset","assets/images/socialmedia/derived/eComm_2-640.avif","image","avif","13639","5f6cadc78b8e8252fd958d7518d5acbf5f66c0e2e27024458da4241fbf49ee4d","generated-derivative","1","services/ecommerce.html","","","","refactor","repository evidence",""
"asset:assets/images/socialmedia/derived/eComm_2-640.jpg","asset","assets/images/socialmedia/derived/eComm_2-640.jpg","image","jpg","31590","5f576d69fdde913c8f1af1392e19750f4c5cc621e47a3f06d30d0952bbe18f53","generated-derivative","1","services/ecommerce.html","","","","refactor","repository evidence",""
"asset:assets/images/socialmedia/derived/eComm_2-640.webp","asset","assets/images/socialmedia/derived/eComm_2-640.webp","image","webp","18474","71edf67311adb01d1b53ba790f07a5efb1c1930c66bcb8fa77d874e574d1cc21","generated-derivative","1","services/ecommerce.html","","","","refactor","repository evidence",""
"asset:assets/images/socialmedia/derived/eComm_2-960.avif","asset","assets/images/socialmedia/derived/eComm_2-960.avif","image","avif","19942","ad34320a0b2894d96665d1f909826496385c98896cd6521ee1630037242a1bdc","generated-derivative","1","services/ecommerce.html","","","","refactor","repository evidence",""
"asset:assets/images/socialmedia/derived/eComm_2-960.jpg","asset","assets/images/socialmedia/derived/eComm_2-960.jpg","image","jpg","55529","a93c017c6336c03d46d65b432566ef19c555fbc12df018c5d21df27501e866f8","generated-derivative","1","services/ecommerce.html","","","","refactor","repository evidence",""
"asset:assets/images/socialmedia/derived/eComm_2-960.webp","asset","assets/images/socialmedia/derived/eComm_2-960.webp","image","webp","29470","5ba7d073a510fff182a4badf889d2f12f0cdab8bcfa925f2888589674942862a","generated-derivative","1","services/ecommerce.html","","","","refactor","repository evidence",""
"asset:assets/images/socialmedia/derived/eComm_2_Mobile-480.avif","asset","assets/images/socialmedia/derived/eComm_2_Mobile-480.avif","image","avif","10219","776924248ae3871eda1224c98ef32d7de576c5b42bce2f7d024c87f18daf5825","generated-derivative","1","services/ecommerce.html","","","","refactor","repository evidence",""
"asset:assets/images/socialmedia/derived/eComm_2_Mobile-480.jpg","asset","assets/images/socialmedia/derived/eComm_2_Mobile-480.jpg","image","jpg","27423","5e28b8e2e87c8f09cac3f2c10805e66c8808da25ad2ab7ab6e92e595df2d562c","generated-derivative","1","services/ecommerce.html","","","","refactor","repository evidence",""
"asset:assets/images/socialmedia/derived/eComm_2_Mobile-480.webp","asset","assets/images/socialmedia/derived/eComm_2_Mobile-480.webp","image","webp","14308","1a3930a82139c3560cfcfb44eea3de111044e5be033ffb1fee73796efb0bdca6","generated-derivative","1","services/ecommerce.html","","","","refactor","repository evidence",""
"asset:assets/images/socialmedia/derived/eComm_2_Mobile-768.avif","asset","assets/images/socialmedia/derived/eComm_2_Mobile-768.avif","image","avif","16068","4c622036f8078ea68b9f7d91a22fe0e10173f45929e1f9e7fcdd5d370ac3ba60","generated-derivative","1","services/ecommerce.html","","","","refactor","repository evidence",""
"asset:assets/images/socialmedia/derived/eComm_2_Mobile-768.jpg","asset","assets/images/socialmedia/derived/eComm_2_Mobile-768.jpg","image","jpg","54325","061f3b2a3588bd815e6bfc7cf899c49715b8df0b39a3b4b4d8b51ce00ab8e4e9","generated-derivative","1","services/ecommerce.html","","","","refactor","repository evidence",""
"asset:assets/images/socialmedia/derived/eComm_2_Mobile-768.webp","asset","assets/images/socialmedia/derived/eComm_2_Mobile-768.webp","image","webp","25366","efdbcc02d659ea7eb1c2f96bc7e4ccda4677d8e3aef3273318bfd82125fd3984","generated-derivative","1","services/ecommerce.html","","","","refactor","repository evidence",""
"asset:assets/images/socialmedia/derived/eComm_3-640.avif","asset","assets/images/socialmedia/derived/eComm_3-640.avif","image","avif","14760","6779711fda98e50b0020f2e8edcff8ce62ee44dd3cb45b6aaa0a7bf6d70eb104","generated-derivative","1","services/ecommerce.html","","","","refactor","repository evidence",""
"asset:assets/images/socialmedia/derived/eComm_3-640.jpg","asset","assets/images/socialmedia/derived/eComm_3-640.jpg","image","jpg","34441","213494c7e6fa31da7261f816c7087799686aacfeb46b9a9ee8930c806c8dfc2c","generated-derivative","1","services/ecommerce.html","","","","refactor","repository evidence",""
"asset:assets/images/socialmedia/derived/eComm_3-640.webp","asset","assets/images/socialmedia/derived/eComm_3-640.webp","image","webp","21346","e81c2e6a01f4674d601cec6a06a66d2b3e6cc571056ff66c56d48a77f53de4e6","generated-derivative","1","services/ecommerce.html","","","","refactor","repository evidence",""
"asset:assets/images/socialmedia/derived/eComm_3-960.avif","asset","assets/images/socialmedia/derived/eComm_3-960.avif","image","avif","22177","98001ed6f1a248421e4d0ee2fbee7e1ae2b83a5096a9c51ea3e8d5ef52817973","generated-derivative","1","services/ecommerce.html","","","","refactor","repository evidence",""
"asset:assets/images/socialmedia/derived/eComm_3-960.jpg","asset","assets/images/socialmedia/derived/eComm_3-960.jpg","image","jpg","62315","b6ec8fb6b4a76bb0242d294a29ab8cb074275b94ae98425faaf4ab3bb91cf1e1","generated-derivative","1","services/ecommerce.html","","","","refactor","repository evidence",""
"asset:assets/images/socialmedia/derived/eComm_3-960.webp","asset","assets/images/socialmedia/derived/eComm_3-960.webp","image","webp","35862","0c58370067ad668b0fa364a0f26bafd2bf618d00d043ab4b70618687353d1e75","generated-derivative","1","services/ecommerce.html","","","","refactor","repository evidence",""
"asset:assets/images/socialmedia/derived/eComm_3_Mobile-320.avif","asset","assets/images/socialmedia/derived/eComm_3_Mobile-320.avif","image","avif","9452","95466161c02fd5e26ae1c0abd70ebf0b6ee95cff71cc0ceff0d6f2e87bf67a34","generated-derivative","0","","","","","refactor","repository evidence",""
"asset:assets/images/socialmedia/derived/eComm_3_Mobile-320.jpg","asset","assets/images/socialmedia/derived/eComm_3_Mobile-320.jpg","image","jpg","18449","b85635fc0dd703becad0b03275d65733690f16feb014b6a7ec0e58303cf7a70e","generated-derivative","0","","","","","refactor","repository evidence",""
"asset:assets/images/socialmedia/derived/eComm_3_Mobile-320.webp","asset","assets/images/socialmedia/derived/eComm_3_Mobile-320.webp","image","webp","12132","5d4e93b119b1235f215560c79f8a8adeaa1b16e2bb3597815d42cf76159ba75c","generated-derivative","0","","","","","refactor","repository evidence",""
"asset:assets/images/socialmedia/derived/eComm_3_Mobile-480.avif","asset","assets/images/socialmedia/derived/eComm_3_Mobile-480.avif","image","avif","14730","f749e57b5beab24be15cf8799c3227f9b10ad59b1802526dbd138882a6108567","generated-derivative","1","services/ecommerce.html","","","","refactor","repository evidence",""
"asset:assets/images/socialmedia/derived/eComm_3_Mobile-480.jpg","asset","assets/images/socialmedia/derived/eComm_3_Mobile-480.jpg","image","jpg","33423","9119794b3d528afaac424fd2d7b7b2d48c2e5c4cc1989cd567016c4d413aa433","generated-derivative","1","services/ecommerce.html","","","","refactor","repository evidence",""
"asset:assets/images/socialmedia/derived/eComm_3_Mobile-480.webp","asset","assets/images/socialmedia/derived/eComm_3_Mobile-480.webp","image","webp","20346","0c45836d4458c6e3b99059492300b1257aff9518a436c8abd0d4a13642d7ea00","generated-derivative","1","services/ecommerce.html","","","","refactor","repository evidence",""
"asset:assets/images/socialmedia/derived/eComm_3_Mobile-640.avif","asset","assets/images/socialmedia/derived/eComm_3_Mobile-640.avif","image","avif","20420","93cd4a16299a000de56311b862e8377a6ff97906ea7769cdefac92a1c6d08f10","generated-derivative","0","","","","","refactor","repository evidence",""
"asset:assets/images/socialmedia/derived/eComm_3_Mobile-640.jpg","asset","assets/images/socialmedia/derived/eComm_3_Mobile-640.jpg","image","jpg","50572","24d7e3551c9d328eeefe987fa0540dcdc61ade8ab2a0b69500b8476d3c95be30","generated-derivative","0","","","","","refactor","repository evidence",""
"asset:assets/images/socialmedia/derived/eComm_3_Mobile-640.webp","asset","assets/images/socialmedia/derived/eComm_3_Mobile-640.webp","image","webp","29726","c7007453cdda5a0c601fbad793140cee3a3f38e9f8c2e779fbac790ee2bd81eb","generated-derivative","0","","","","","refactor","repository evidence",""
"asset:assets/images/socialmedia/derived/eComm_3_Mobile-768.avif","asset","assets/images/socialmedia/derived/eComm_3_Mobile-768.avif","image","avif","24886","f25992ac396122296c2e4e208219c8abc5390168552033fe87eecdf02de66f2f","generated-derivative","1","services/ecommerce.html","","","","refactor","repository evidence",""
"asset:assets/images/socialmedia/derived/eComm_3_Mobile-768.jpg","asset","assets/images/socialmedia/derived/eComm_3_Mobile-768.jpg","image","jpg","67499","3d70399a53ec6c06a62c83fc1449e35b7da8fa7919953105fd3e1badea5cf0c6","generated-derivative","1","services/ecommerce.html","","","","refactor","repository evidence",""
"asset:assets/images/socialmedia/derived/eComm_3_Mobile-768.webp","asset","assets/images/socialmedia/derived/eComm_3_Mobile-768.webp","image","webp","37700","d6acc58887726e93a31f47559af8f86701dd26532b923148cc52c313c2024d16","generated-derivative","1","services/ecommerce.html","","","","refactor","repository evidence",""
"asset:assets/images/socialmedia/derived/general-services-1-640.avif","asset","assets/images/socialmedia/derived/general-services-1-640.avif","image","avif","16368","1da8a2950f159de14044e49b13c27a6c3087f3024a125de44491c3677d147fe2","generated-derivative","3","codex/execplans/2026-03-20-socialmedia-image-refresh.md | codex/execplans/2026-03-23-lightbox-single-source-sizing.md | services.html","","","","refactor","repository evidence",""
"asset:assets/images/socialmedia/derived/general-services-1-640.jpg","asset","assets/images/socialmedia/derived/general-services-1-640.jpg","image","jpg","36369","8c0a58a3a228dca5b70778be3ffdfc4d66f8dd978bcf42b583406198b179ccb7","generated-derivative","1","services.html","","","","refactor","repository evidence",""
"asset:assets/images/socialmedia/derived/general-services-1-640.webp","asset","assets/images/socialmedia/derived/general-services-1-640.webp","image","webp","22850","563d0b10a1220c65b77da65291d80e3174ddacdf9575ef47ebaa6aba2677426d","generated-derivative","1","services.html","","","","refactor","repository evidence",""
"asset:assets/images/socialmedia/derived/general-services-1-960.avif","asset","assets/images/socialmedia/derived/general-services-1-960.avif","image","avif","26033","ede5e05780440790abf4dba2d168c11e18a60f85bf3554932e2ac98a5a1aae16","generated-derivative","1","services.html","","","","refactor","repository evidence",""
"asset:assets/images/socialmedia/derived/general-services-1-960.jpg","asset","assets/images/socialmedia/derived/general-services-1-960.jpg","image","jpg","66267","424e6c708005cd95e6538504d2e6daf2233bbd3fc73555f59d656241d20cfa1a","generated-derivative","1","services.html","","","","refactor","repository evidence",""
"asset:assets/images/socialmedia/derived/general-services-1-960.webp","asset","assets/images/socialmedia/derived/general-services-1-960.webp","image","webp","38802","9e8606e8b065f71173b510fb5446c82ff999e8dc3be424ac29efef607ab0d176","generated-derivative","1","services.html","","","","refactor","repository evidence",""
"asset:assets/images/socialmedia/derived/general-services-1-mobile-480.avif","asset","assets/images/socialmedia/derived/general-services-1-mobile-480.avif","image","avif","19070","a0c207d20205f69a5bef9c6c217f130bc43f6f001affa7f7aeadad869389c1a8","generated-derivative","2","codex/execplans/2026-03-20-socialmedia-image-refresh.md | services.html","","","","refactor","repository evidence",""
"asset:assets/images/socialmedia/derived/general-services-1-mobile-480.jpg","asset","assets/images/socialmedia/derived/general-services-1-mobile-480.jpg","image","jpg","43652","b2b146f36ecaeab3cf45c9f5a59f36d97a42a8b1528adb86f2b6b94d3aebe764","generated-derivative","1","services.html","","","","refactor","repository evidence",""
"asset:assets/images/socialmedia/derived/general-services-1-mobile-480.webp","asset","assets/images/socialmedia/derived/general-services-1-mobile-480.webp","image","webp","26924","dafd6dc083914e95e6a566ccc4a0b46b585309c99ab56c18f7281d7d622b3497","generated-derivative","1","services.html","","","","refactor","repository evidence",""
"asset:assets/images/socialmedia/derived/general-services-1-mobile-768.avif","asset","assets/images/socialmedia/derived/general-services-1-mobile-768.avif","image","avif","33206","df7179cab976e7fc1803e1636d10e9071e4920fb8276e9869ee023d85a75c00c","generated-derivative","1","services.html","","","","refactor","repository evidence",""
"asset:assets/images/socialmedia/derived/general-services-1-mobile-768.jpg","asset","assets/images/socialmedia/derived/general-services-1-mobile-768.jpg","image","jpg","88735","56bc998183dca954348be646c10c3145956ca1964ee6d2b76b7ffcc2b1e1e7b9","generated-derivative","1","services.html","","","","refactor","repository evidence",""
"asset:assets/images/socialmedia/derived/general-services-1-mobile-768.webp","asset","assets/images/socialmedia/derived/general-services-1-mobile-768.webp","image","webp","50062","36bacf19e21618fc06b7781605188233c37a27158883761809c0c82a73c0cc05","generated-derivative","1","services.html","","","","refactor","repository evidence",""
"asset:assets/images/socialmedia/derived/general-services-2a-640.avif","asset","assets/images/socialmedia/derived/general-services-2a-640.avif","image","avif","13683","c8fb7f8764a82b0b775c1f4a5860ef3f815169fc1d304b9a524bfe138e631bf7","generated-derivative","1","services.html","","","","refactor","repository evidence",""
"asset:assets/images/socialmedia/derived/general-services-2a-640.jpg","asset","assets/images/socialmedia/derived/general-services-2a-640.jpg","image","jpg","31411","7a99c9aaa3e626213b800ad84fa991d11634e22bb1ad0d14d6ca772581cc52d7","generated-derivative","1","services.html","","","","refactor","repository evidence",""
"asset:assets/images/socialmedia/derived/general-services-2a-640.webp","asset","assets/images/socialmedia/derived/general-services-2a-640.webp","image","webp","20150","359357f55e6ea768def1b06eb8ba04f003c5a27783f92f98128008fb904593fe","generated-derivative","1","services.html","","","","refactor","repository evidence",""
"asset:assets/images/socialmedia/derived/general-services-2a-960.avif","asset","assets/images/socialmedia/derived/general-services-2a-960.avif","image","avif","22275","2d4e2533b051d93e8eb970c938b8da844f7d94dae8589938f3a852760eb9c017","generated-derivative","1","services.html","","","","refactor","repository evidence",""
"asset:assets/images/socialmedia/derived/general-services-2a-960.jpg","asset","assets/images/socialmedia/derived/general-services-2a-960.jpg","image","jpg","57525","7ea4e3028d2cac3b364b2fc7a6dd2c487dfa5130d13146492832cf4e3d878e3a","generated-derivative","1","services.html","","","","refactor","repository evidence",""
"asset:assets/images/socialmedia/derived/general-services-2a-960.webp","asset","assets/images/socialmedia/derived/general-services-2a-960.webp","image","webp","35426","9a528e38560da2246f09d2112d6bb25a9d3624eb293c3a68f8fe6936751b5548","generated-derivative","1","services.html","","","","refactor","repository evidence",""
"asset:assets/images/socialmedia/derived/general-services-2a-mobile-480.avif","asset","assets/images/socialmedia/derived/general-services-2a-mobile-480.avif","image","avif","16386","ea8d78a4d45ff822078a4f224379ff225ab88acabe774898e2b683adfccfb599","generated-derivative","1","services.html","","","","refactor","repository evidence",""
"asset:assets/images/socialmedia/derived/general-services-2a-mobile-480.jpg","asset","assets/images/socialmedia/derived/general-services-2a-mobile-480.jpg","image","jpg","37021","026c0078cdfa7f39ec99e747cb4bee4d090d76ddc2dc592223c80b5e5e4286e0","generated-derivative","1","services.html","","","","refactor","repository evidence",""
"asset:assets/images/socialmedia/derived/general-services-2a-mobile-480.webp","asset","assets/images/socialmedia/derived/general-services-2a-mobile-480.webp","image","webp","24126","cdc98567e3c75b5f92392a2bcf7f5618ddc3d9ab0e343024721fb0ba48ede079","generated-derivative","1","services.html","","","","refactor","repository evidence",""
"asset:assets/images/socialmedia/derived/general-services-2a-mobile-768.avif","asset","assets/images/socialmedia/derived/general-services-2a-mobile-768.avif","image","avif","28601","a419e62f1b9aec4987d4d004417aeee8bfde0e549ecd0a19f954cabb8a4742f3","generated-derivative","1","services.html","","","","refactor","repository evidence",""
"asset:assets/images/socialmedia/derived/general-services-2a-mobile-768.jpg","asset","assets/images/socialmedia/derived/general-services-2a-mobile-768.jpg","image","jpg","74914","cb74dcc0a749d286e8f812fd65eeed709ea3cdc4809c61f526f0f3f9bafca0ab","generated-derivative","1","services.html","","","","refactor","repository evidence",""
"asset:assets/images/socialmedia/derived/general-services-2a-mobile-768.webp","asset","assets/images/socialmedia/derived/general-services-2a-mobile-768.webp","image","webp","44530","66b752ff472878dd3e844c0d8dac21be0c6a5e43c6607d26d7568978b856029e","generated-derivative","1","services.html","","","","refactor","repository evidence",""
"asset:assets/images/socialmedia/derived/general-services-2b-640.avif","asset","assets/images/socialmedia/derived/general-services-2b-640.avif","image","avif","15661","9498f6d78a13732494fdfbbf026d6c5a9c2d79879f57d754c92ce6db5fbc56c4","generated-derivative","1","services.html","","","","refactor","repository evidence",""
"asset:assets/images/socialmedia/derived/general-services-2b-640.jpg","asset","assets/images/socialmedia/derived/general-services-2b-640.jpg","image","jpg","35433","9b4fa32f017994f96e9bae7c078a91185696b831700fd5a4ace5df85cf75ad0c","generated-derivative","1","services.html","","","","refactor","repository evidence",""
"asset:assets/images/socialmedia/derived/general-services-2b-640.webp","asset","assets/images/socialmedia/derived/general-services-2b-640.webp","image","webp","22354","600878922974e54d3b51af432acbf31f56a75751970c3b701042edb0c8c38b13","generated-derivative","1","services.html","","","","refactor","repository evidence",""
"asset:assets/images/socialmedia/derived/general-services-2b-960.avif","asset","assets/images/socialmedia/derived/general-services-2b-960.avif","image","avif","24528","d1f5661d5a10084d4b71827431dbf1577a75293614c197b89b254c08d90cf00c","generated-derivative","1","services.html","","","","refactor","repository evidence",""
"asset:assets/images/socialmedia/derived/general-services-2b-960.jpg","asset","assets/images/socialmedia/derived/general-services-2b-960.jpg","image","jpg","64606","f6f27e2c42bb213bc19cad06b2e23aa1a0549b018c06f0b189183b129ff91f74","generated-derivative","1","services.html","","","","refactor","repository evidence",""
"asset:assets/images/socialmedia/derived/general-services-2b-960.webp","asset","assets/images/socialmedia/derived/general-services-2b-960.webp","image","webp","37990","32284658a4c8ab0c83c766fef0feb70c92099459fcab9639444167c5d9afdad0","generated-derivative","1","services.html","","","","refactor","repository evidence",""
"asset:assets/images/socialmedia/derived/general-services-2b-mobile-480.avif","asset","assets/images/socialmedia/derived/general-services-2b-mobile-480.avif","image","avif","15195","7861a10d1b60b468b99e2cf69cc137468935a1d64850ed39928391a5b57c0223","generated-derivative","1","services.html","","","","refactor","repository evidence",""
"asset:assets/images/socialmedia/derived/general-services-2b-mobile-480.jpg","asset","assets/images/socialmedia/derived/general-services-2b-mobile-480.jpg","image","jpg","37102","90c869e403e40421db5b1d62922de2648803fb80a3d4c5af936b6b1888a929ae","generated-derivative","1","services.html","","","","refactor","repository evidence",""
"asset:assets/images/socialmedia/derived/general-services-2b-mobile-480.webp","asset","assets/images/socialmedia/derived/general-services-2b-mobile-480.webp","image","webp","22404","8ac81ccf5305bf0bbef50c096faab6e369989c14923e0d96d5abcff5141e6dfe","generated-derivative","1","services.html","","","","refactor","repository evidence",""
"asset:assets/images/socialmedia/derived/general-services-2b-mobile-768.avif","asset","assets/images/socialmedia/derived/general-services-2b-mobile-768.avif","image","avif","26561","4a365f9c69de41f651acb3b3f5bf6728147c91042f3067baa2da8a95ce5e424c","generated-derivative","1","services.html","","","","refactor","repository evidence",""
"asset:assets/images/socialmedia/derived/general-services-2b-mobile-768.jpg","asset","assets/images/socialmedia/derived/general-services-2b-mobile-768.jpg","image","jpg","76976","7655e6a889f64137fa6c2331670052469e736d78eeeae66d8a2c13075dc722d9","generated-derivative","1","services.html","","","","refactor","repository evidence",""
"asset:assets/images/socialmedia/derived/general-services-2b-mobile-768.webp","asset","assets/images/socialmedia/derived/general-services-2b-mobile-768.webp","image","webp","41920","5f5ee449f48d195aa160b96cef2e75453f577589018c921d6394f180eaf4da7b","generated-derivative","1","services.html","","","","refactor","repository evidence",""
"asset:assets/images/socialmedia/derived/general-services-3-640.avif","asset","assets/images/socialmedia/derived/general-services-3-640.avif","image","avif","12777","f0ac2f8bece3f87fbfc7376c04fbe10881dac1f48d9ab7ce85525266e7aedce0","generated-derivative","1","services.html","","","","refactor","repository evidence",""
"asset:assets/images/socialmedia/derived/general-services-3-640.jpg","asset","assets/images/socialmedia/derived/general-services-3-640.jpg","image","jpg","30029","673f5f7dd6278a9765e6b9b6884411d140827d45d33f35126019e9e111369fa2","generated-derivative","1","services.html","","","","refactor","repository evidence",""
"asset:assets/images/socialmedia/derived/general-services-3-640.webp","asset","assets/images/socialmedia/derived/general-services-3-640.webp","image","webp","18708","1bd7a632b794bbd09f637509cb7fe64f9284bab09da4e465c80e30c20c07232c","generated-derivative","1","services.html","","","","refactor","repository evidence",""
"asset:assets/images/socialmedia/derived/general-services-3-960.avif","asset","assets/images/socialmedia/derived/general-services-3-960.avif","image","avif","20448","057d7ec2fdf19cec31cee0bf69d2554dadfb60028dfc812c068edd06c3a1b3b6","generated-derivative","1","services.html","","","","refactor","repository evidence",""
"asset:assets/images/socialmedia/derived/general-services-3-960.jpg","asset","assets/images/socialmedia/derived/general-services-3-960.jpg","image","jpg","55891","20d1d3d8870e4fd8db246bb2975763744369ed3c2c9b4f46f6b56452881562bc","generated-derivative","1","services.html","","","","refactor","repository evidence",""
"asset:assets/images/socialmedia/derived/general-services-3-960.webp","asset","assets/images/socialmedia/derived/general-services-3-960.webp","image","webp","32116","9f1de844786fff0fe1efa7a0fbec9917a2008c83b53ead0c5b012595a05b52f6","generated-derivative","1","services.html","","","","refactor","repository evidence",""
"asset:assets/images/socialmedia/derived/general-services-3-mobile-480.avif","asset","assets/images/socialmedia/derived/general-services-3-mobile-480.avif","image","avif","12630","475c87ea584e6ddbb672d7babc3f4ea5912ce2f521f25fa203ef56663dadf028","generated-derivative","1","services.html","","","","refactor","repository evidence",""
"asset:assets/images/socialmedia/derived/general-services-3-mobile-480.jpg","asset","assets/images/socialmedia/derived/general-services-3-mobile-480.jpg","image","jpg","31976","367c1a2d1e82f79848a4686f6c1c01ebb08a124a1646536372d3b0581e5fbdaf","generated-derivative","1","services.html","","","","refactor","repository evidence",""
"asset:assets/images/socialmedia/derived/general-services-3-mobile-480.webp","asset","assets/images/socialmedia/derived/general-services-3-mobile-480.webp","image","webp","19598","5d21d99ce7228978adc37d70124a533cc23cfa51d4295ce895dd106a80f3e5fc","generated-derivative","1","services.html","","","","refactor","repository evidence",""
"asset:assets/images/socialmedia/derived/general-services-3-mobile-768.avif","asset","assets/images/socialmedia/derived/general-services-3-mobile-768.avif","image","avif","22988","becc677cc259e77ae87ae4bc39bcdd384bc10a404209a4ab3a226d0506bc4808","generated-derivative","1","services.html","","","","refactor","repository evidence",""
"asset:assets/images/socialmedia/derived/general-services-3-mobile-768.jpg","asset","assets/images/socialmedia/derived/general-services-3-mobile-768.jpg","image","jpg","68480","68ab90a33929d4476cdba27cf4fe0adfdbfaada3c15ad1f19fb456323a146d65","generated-derivative","1","services.html","","","","refactor","repository evidence",""
"asset:assets/images/socialmedia/derived/general-services-3-mobile-768.webp","asset","assets/images/socialmedia/derived/general-services-3-mobile-768.webp","image","webp","37692","00325e32ecc5d299ede7bf45703b02dcec7ebc7a161154a1003cfd245e52102c","generated-derivative","1","services.html","","","","refactor","repository evidence",""
"asset:assets/images/socialmedia/derived/gyms-1-640.avif","asset","assets/images/socialmedia/derived/gyms-1-640.avif","image","avif","9486","d8cfaf04fc9733419843e64126e9bfe5083cd75002722cc29be00d8111cbd297","generated-derivative","1","services/gyms-fitness-studios.html","","","","refactor","repository evidence",""
"asset:assets/images/socialmedia/derived/gyms-1-640.jpg","asset","assets/images/socialmedia/derived/gyms-1-640.jpg","image","jpg","25629","0e84b3faca2ad671ca7d457b5c023432519405e0812aff1e25f167aedb9e8a76","generated-derivative","1","services/gyms-fitness-studios.html","","","","refactor","repository evidence",""
"asset:assets/images/socialmedia/derived/gyms-1-640.webp","asset","assets/images/socialmedia/derived/gyms-1-640.webp","image","webp","13246","bb708c17b5959f9a472e06cf75ec11af28cb39f0d36b4cfff6e2efef7f48d459","generated-derivative","1","services/gyms-fitness-studios.html","","","","refactor","repository evidence",""
"asset:assets/images/socialmedia/derived/gyms-1-960.avif","asset","assets/images/socialmedia/derived/gyms-1-960.avif","image","avif","14345","706ae67bfbbcfd6f2267bcdb9f514f2b912bd6d739eaed2515f25cd5165ebc11","generated-derivative","1","services/gyms-fitness-studios.html","","","","refactor","repository evidence",""
"asset:assets/images/socialmedia/derived/gyms-1-960.jpg","asset","assets/images/socialmedia/derived/gyms-1-960.jpg","image","jpg","46126","e9e55514266e432d839ed91f07715bcc6461abc05f2a2156826f7b0642bf3d4d","generated-derivative","1","services/gyms-fitness-studios.html","","","","refactor","repository evidence",""
"asset:assets/images/socialmedia/derived/gyms-1-960.webp","asset","assets/images/socialmedia/derived/gyms-1-960.webp","image","webp","21586","7a4aea9f241112e72c0843dc60c2421df8773ac03d35c4f6a78c57a375eaae10","generated-derivative","1","services/gyms-fitness-studios.html","","","","refactor","repository evidence",""
"asset:assets/images/socialmedia/derived/gyms-1-mobile-480.avif","asset","assets/images/socialmedia/derived/gyms-1-mobile-480.avif","image","avif","9574","7b17bde99b92ad002885c7f071f59bb8d59194f98b02f407844e0ca818840c66","generated-derivative","1","services/gyms-fitness-studios.html","","","","refactor","repository evidence",""
"asset:assets/images/socialmedia/derived/gyms-1-mobile-480.jpg","asset","assets/images/socialmedia/derived/gyms-1-mobile-480.jpg","image","jpg","28442","c29eb7b55847c57db25a209c4f88b33f86118f8fe25ea03c7192aebb15e4c620","generated-derivative","1","services/gyms-fitness-studios.html","","","","refactor","repository evidence",""
"asset:assets/images/socialmedia/derived/gyms-1-mobile-480.webp","asset","assets/images/socialmedia/derived/gyms-1-mobile-480.webp","image","webp","13764","a3bc3023a742f527ca0747e537054d001b842dd12840ace6b7d9b0f7a1267f9c","generated-derivative","1","services/gyms-fitness-studios.html","","","","refactor","repository evidence",""
"asset:assets/images/socialmedia/derived/gyms-1-mobile-768.avif","asset","assets/images/socialmedia/derived/gyms-1-mobile-768.avif","image","avif","15842","1cdee86b6336e3ee7241443b920a2f035133f099480a939a7e7f4827b84b5597","generated-derivative","1","services/gyms-fitness-studios.html","","","","refactor","repository evidence",""
"asset:assets/images/socialmedia/derived/gyms-1-mobile-768.jpg","asset","assets/images/socialmedia/derived/gyms-1-mobile-768.jpg","image","jpg","54544","ca46bc04ec170002e0182ae3825e90f2838bdf1c746ce21719d7023c82f51c21","generated-derivative","1","services/gyms-fitness-studios.html","","","","refactor","repository evidence",""
"asset:assets/images/socialmedia/derived/gyms-1-mobile-768.webp","asset","assets/images/socialmedia/derived/gyms-1-mobile-768.webp","image","webp","24496","80581c75f1ecfd032d01152e7c831a6bee9e38e6c22a94d8c1f0e0a5bc68ebcf","generated-derivative","1","services/gyms-fitness-studios.html","","","","refactor","repository evidence",""
"asset:assets/images/socialmedia/derived/gyms-2-640.avif","asset","assets/images/socialmedia/derived/gyms-2-640.avif","image","avif","13591","c6e8b2f45619f1356aa2a83030e8ceb331d860443f06df7e19693ac60c263237","generated-derivative","1","services/gyms-fitness-studios.html","","","","refactor","repository evidence",""
"asset:assets/images/socialmedia/derived/gyms-2-640.jpg","asset","assets/images/socialmedia/derived/gyms-2-640.jpg","image","jpg","31605","8928bdc2de121f3ef279a5411f7e3b9a1963e7f6afef84db62eb2b32dc6d0940","generated-derivative","1","services/gyms-fitness-studios.html","","","","refactor","repository evidence",""
"asset:assets/images/socialmedia/derived/gyms-2-640.webp","asset","assets/images/socialmedia/derived/gyms-2-640.webp","image","webp","20394","2525ee24de8d032a511aeeb4a18dd143f7c6d5e53af073a34350fded5ced3211","generated-derivative","1","services/gyms-fitness-studios.html","","","","refactor","repository evidence",""
"asset:assets/images/socialmedia/derived/gyms-2-960.avif","asset","assets/images/socialmedia/derived/gyms-2-960.avif","image","avif","20718","57faf494db540dc3db8d29906c51bed92c6e2e72da9aa0e45ce87f8a64bce070","generated-derivative","1","services/gyms-fitness-studios.html","","","","refactor","repository evidence",""
"asset:assets/images/socialmedia/derived/gyms-2-960.jpg","asset","assets/images/socialmedia/derived/gyms-2-960.jpg","image","jpg","57210","f000b757b479edeb055126682d56e097e6c2df700b74f172a46ab065951a2631","generated-derivative","1","services/gyms-fitness-studios.html","","","","refactor","repository evidence",""
"asset:assets/images/socialmedia/derived/gyms-2-960.webp","asset","assets/images/socialmedia/derived/gyms-2-960.webp","image","webp","32942","310c57cc2e5819c48d37cde45e54401ba88b5c3726f456b6488703f1e037e73d","generated-derivative","1","services/gyms-fitness-studios.html","","","","refactor","repository evidence",""
"asset:assets/images/socialmedia/derived/gyms-2-mobile-480.avif","asset","assets/images/socialmedia/derived/gyms-2-mobile-480.avif","image","avif","12658","76ad85abc0255490f3695db06134fc1fda8f1d3bd643cd02ac8dbcedfff96a0e","generated-derivative","1","services/gyms-fitness-studios.html","","","","refactor","repository evidence",""
"asset:assets/images/socialmedia/derived/gyms-2-mobile-480.jpg","asset","assets/images/socialmedia/derived/gyms-2-mobile-480.jpg","image","jpg","32250","3441e5ea783c46fe86ec4394c0e0c635a956059a0288b572e1b8bff76987c627","generated-derivative","1","services/gyms-fitness-studios.html","","","","refactor","repository evidence",""
"asset:assets/images/socialmedia/derived/gyms-2-mobile-480.webp","asset","assets/images/socialmedia/derived/gyms-2-mobile-480.webp","image","webp","19152","b98d01b310049a13687d440034da9deb3781208aab6ac7159acef18ea76ec292","generated-derivative","1","services/gyms-fitness-studios.html","","","","refactor","repository evidence",""
"asset:assets/images/socialmedia/derived/gyms-2-mobile-768.avif","asset","assets/images/socialmedia/derived/gyms-2-mobile-768.avif","image","avif","21557","48cb75bf7db53c2c73d593c89439e33d55fff73782b35ade8705db06ab96fe8f","generated-derivative","1","services/gyms-fitness-studios.html","","","","refactor","repository evidence",""
"asset:assets/images/socialmedia/derived/gyms-2-mobile-768.jpg","asset","assets/images/socialmedia/derived/gyms-2-mobile-768.jpg","image","jpg","64687","89160f83a001d3fc14a39d1953f37d9096955529325026f1aad05e111638df2c","generated-derivative","1","services/gyms-fitness-studios.html","","","","refactor","repository evidence",""
"asset:assets/images/socialmedia/derived/gyms-2-mobile-768.webp","asset","assets/images/socialmedia/derived/gyms-2-mobile-768.webp","image","webp","35044","74ff05abb412aea9bf96f951f835f53cd9f72ac6789ea29e3a3f533df9d82f62","generated-derivative","1","services/gyms-fitness-studios.html","","","","refactor","repository evidence",""
"asset:assets/images/socialmedia/derived/gyms-3-640.avif","asset","assets/images/socialmedia/derived/gyms-3-640.avif","image","avif","11781","0a55acbfaf034e00f4b419f96ade6d4bafbd66b1c17b835a72994f004b0bfb1e","generated-derivative","1","services/gyms-fitness-studios.html","","","","refactor","repository evidence",""
"asset:assets/images/socialmedia/derived/gyms-3-640.jpg","asset","assets/images/socialmedia/derived/gyms-3-640.jpg","image","jpg","29080","5d1f741483b1f9a0e24435f1099298b785ba4b7c493b2365a56f7199b7e6a713","generated-derivative","1","services/gyms-fitness-studios.html","","","","refactor","repository evidence",""
"asset:assets/images/socialmedia/derived/gyms-3-640.webp","asset","assets/images/socialmedia/derived/gyms-3-640.webp","image","webp","17604","ee9867399c3ec8be067dcf9864252c1f5af0af2f639bb2e6ae600ef0f732ac8a","generated-derivative","1","services/gyms-fitness-studios.html","","","","refactor","repository evidence",""
"asset:assets/images/socialmedia/derived/gyms-3-960.avif","asset","assets/images/socialmedia/derived/gyms-3-960.avif","image","avif","18040","3b67a33cab3ffc7fb2eacf36721db27e1156998ca4b7ccc617d5d6d20f488e93","generated-derivative","1","services/gyms-fitness-studios.html","","","","refactor","repository evidence",""
"asset:assets/images/socialmedia/derived/gyms-3-960.jpg","asset","assets/images/socialmedia/derived/gyms-3-960.jpg","image","jpg","50570","d67ce0caf854bf1fc6f4740bbf3126422c9828618ed919e8ad1b24d3a70762a5","generated-derivative","1","services/gyms-fitness-studios.html","","","","refactor","repository evidence",""
"asset:assets/images/socialmedia/derived/gyms-3-960.webp","asset","assets/images/socialmedia/derived/gyms-3-960.webp","image","webp","28752","44766d61272351cc799ba446580bd2721509ae5198a05a9a3b0fe57d2e078bcb","generated-derivative","1","services/gyms-fitness-studios.html","","","","refactor","repository evidence",""
"asset:assets/images/socialmedia/derived/gyms-3-mobile-480.avif","asset","assets/images/socialmedia/derived/gyms-3-mobile-480.avif","image","avif","13000","723b03c76591cfb892d1694f66ff0df98a0b4e5e2c755c4b8911667a13d7cab7","generated-derivative","1","services/gyms-fitness-studios.html","","","","refactor","repository evidence",""
"asset:assets/images/socialmedia/derived/gyms-3-mobile-480.jpg","asset","assets/images/socialmedia/derived/gyms-3-mobile-480.jpg","image","jpg","32328","2c4fe7f22060a9e79ba8b4bc8e8f38b52a907a4035a63985da6cda5d9234bd3c","generated-derivative","1","services/gyms-fitness-studios.html","","","","refactor","repository evidence",""
"asset:assets/images/socialmedia/derived/gyms-3-mobile-480.webp","asset","assets/images/socialmedia/derived/gyms-3-mobile-480.webp","image","webp","19712","ed5bd2efa3a43d4310c460171184858b395ebcf1f61983c3cc72304d34a3ee1e","generated-derivative","1","services/gyms-fitness-studios.html","","","","refactor","repository evidence",""
"asset:assets/images/socialmedia/derived/gyms-3-mobile-768.avif","asset","assets/images/socialmedia/derived/gyms-3-mobile-768.avif","image","avif","21856","f115de8db3d9986bb70b235ad482408c8b97ecb36cb293813fb5f230f8d2c53e","generated-derivative","1","services/gyms-fitness-studios.html","","","","refactor","repository evidence",""
"asset:assets/images/socialmedia/derived/gyms-3-mobile-768.jpg","asset","assets/images/socialmedia/derived/gyms-3-mobile-768.jpg","image","jpg","66299","9d70c13955e39961674398d605d732c44a516563538890a341571e3ced642d32","generated-derivative","1","services/gyms-fitness-studios.html","","","","refactor","repository evidence",""
"asset:assets/images/socialmedia/derived/gyms-3-mobile-768.webp","asset","assets/images/socialmedia/derived/gyms-3-mobile-768.webp","image","webp","35400","93007869844e910927cb65ca45e3f3fccd4a1e000f69f2ef7f89e8e43d1c6d69","generated-derivative","1","services/gyms-fitness-studios.html","","","","refactor","repository evidence",""
"asset:assets/images/socialmedia/derived/onlinecoach-1-640.avif","asset","assets/images/socialmedia/derived/onlinecoach-1-640.avif","image","avif","13397","d964cebff06b73d15fa606a89e44f16cd70a5d1c6e41edb71352cf5c07a8d2fe","generated-derivative","1","services/fitness-coaches.html","","","","refactor","repository evidence",""
"asset:assets/images/socialmedia/derived/onlinecoach-1-640.jpg","asset","assets/images/socialmedia/derived/onlinecoach-1-640.jpg","image","jpg","31707","c6d992c7b451a4d1ec07b73dd3803c88c690460bc5e659357606c06d9487511e","generated-derivative","1","services/fitness-coaches.html","","","","refactor","repository evidence",""
"asset:assets/images/socialmedia/derived/onlinecoach-1-640.webp","asset","assets/images/socialmedia/derived/onlinecoach-1-640.webp","image","webp","18638","8afd5346c63554f73addafeed9e07dd417517b1c375dcc16a4f76fd5218a2be6","generated-derivative","1","services/fitness-coaches.html","","","","refactor","repository evidence",""
"asset:assets/images/socialmedia/derived/onlinecoach-1-960.avif","asset","assets/images/socialmedia/derived/onlinecoach-1-960.avif","image","avif","20353","29394a34234cecdc2d9d5319fd70f5927ad4867dff4b18f7fdbaaabf64ae788a","generated-derivative","1","services/fitness-coaches.html","","","","refactor","repository evidence",""
"asset:assets/images/socialmedia/derived/onlinecoach-1-960.jpg","asset","assets/images/socialmedia/derived/onlinecoach-1-960.jpg","image","jpg","57236","779f5ee33f464dde79d0007a86a002be3fbb4167c88cd75ccbe2a34ad92110ab","generated-derivative","1","services/fitness-coaches.html","","","","refactor","repository evidence",""
"asset:assets/images/socialmedia/derived/onlinecoach-1-960.webp","asset","assets/images/socialmedia/derived/onlinecoach-1-960.webp","image","webp","31212","500e6b935f417868e3c1758aa028d4c2d3d3c0564109e834781e22de77ed8444","generated-derivative","1","services/fitness-coaches.html","","","","refactor","repository evidence",""
"asset:assets/images/socialmedia/derived/onlinecoach-1-mobile-480.avif","asset","assets/images/socialmedia/derived/onlinecoach-1-mobile-480.avif","image","avif","13005","7dea10410d1b33163a7da6a742d7f6d23ac2f58c5a35c4c3e0b095230f875970","generated-derivative","1","services/fitness-coaches.html","","","","refactor","repository evidence",""
"asset:assets/images/socialmedia/derived/onlinecoach-1-mobile-480.jpg","asset","assets/images/socialmedia/derived/onlinecoach-1-mobile-480.jpg","image","jpg","35133","f071ac8a926bb3b685aa7a408b3c4667828adeb703d9c1c6e817cf17906feb17","generated-derivative","1","services/fitness-coaches.html","","","","refactor","repository evidence",""
"asset:assets/images/socialmedia/derived/onlinecoach-1-mobile-480.webp","asset","assets/images/socialmedia/derived/onlinecoach-1-mobile-480.webp","image","webp","19292","600653766497edca5f88f0ec3fe33c454b79120a30828588b39e9a80545e31fc","generated-derivative","1","services/fitness-coaches.html","","","","refactor","repository evidence",""
"asset:assets/images/socialmedia/derived/onlinecoach-1-mobile-768.avif","asset","assets/images/socialmedia/derived/onlinecoach-1-mobile-768.avif","image","avif","21907","f8ef9c170abccf878cb72503010c95b8d3ad9c2afd2d43f1ff2bcb4b58909c85","generated-derivative","1","services/fitness-coaches.html","","","","refactor","repository evidence",""
"asset:assets/images/socialmedia/derived/onlinecoach-1-mobile-768.jpg","asset","assets/images/socialmedia/derived/onlinecoach-1-mobile-768.jpg","image","jpg","69947","c8c750e5feb313234c00f0c3f2b30e2de0fabc28e55337f31f7e74552348f915","generated-derivative","1","services/fitness-coaches.html","","","","refactor","repository evidence",""
"asset:assets/images/socialmedia/derived/onlinecoach-1-mobile-768.webp","asset","assets/images/socialmedia/derived/onlinecoach-1-mobile-768.webp","image","webp","34696","7ce1378af2ba034c61c1cf8044cafc8b5b6b45d99a247ddf4d9e03da7d81a7fb","generated-derivative","1","services/fitness-coaches.html","","","","refactor","repository evidence",""
"asset:assets/images/socialmedia/derived/onlinecoach-2-640.avif","asset","assets/images/socialmedia/derived/onlinecoach-2-640.avif","image","avif","15987","302a3b4f66250f556889cba892d7b6813c9094988e7577bea34698e3d237ce6a","generated-derivative","1","services/fitness-coaches.html","","","","refactor","repository evidence",""
"asset:assets/images/socialmedia/derived/onlinecoach-2-640.jpg","asset","assets/images/socialmedia/derived/onlinecoach-2-640.jpg","image","jpg","37021","6d1bc8391eebce8ef936aaf641f66341b2ba8d2e6d23ef33c57188356b8fe8c9","generated-derivative","1","services/fitness-coaches.html","","","","refactor","repository evidence",""
"asset:assets/images/socialmedia/derived/onlinecoach-2-640.webp","asset","assets/images/socialmedia/derived/onlinecoach-2-640.webp","image","webp","22804","2a93745d33449033d5cd7b389b6e29b2aec63f63569e255fe278ab440afcd377","generated-derivative","1","services/fitness-coaches.html","","","","refactor","repository evidence",""
"asset:assets/images/socialmedia/derived/onlinecoach-2-960.avif","asset","assets/images/socialmedia/derived/onlinecoach-2-960.avif","image","avif","24313","28b7a3a0ad9d13b339589cdcfecf89be66df9420d2873c5dd8e7e8036e2bf2e1","generated-derivative","1","services/fitness-coaches.html","","","","refactor","repository evidence",""
"asset:assets/images/socialmedia/derived/onlinecoach-2-960.jpg","asset","assets/images/socialmedia/derived/onlinecoach-2-960.jpg","image","jpg","67262","d1ffaa129ea6dffae540922931a3bae3fb5a5ccfd67b732cca1d9a573286fb76","generated-derivative","1","services/fitness-coaches.html","","","","refactor","repository evidence",""
"asset:assets/images/socialmedia/derived/onlinecoach-2-960.webp","asset","assets/images/socialmedia/derived/onlinecoach-2-960.webp","image","webp","38028","913d69953a1ae38d759ae14ccbcf2eec680bd7243d7f305bdcac1fa600c06833","generated-derivative","1","services/fitness-coaches.html","","","","refactor","repository evidence",""
"asset:assets/images/socialmedia/derived/onlinecoach-2-mobile-480.avif","asset","assets/images/socialmedia/derived/onlinecoach-2-mobile-480.avif","image","avif","16551","051d89e7e36e8cc1cd2ce775ec9c2dfc480b87425b4bdc60d8149cacca71a059","generated-derivative","1","services/fitness-coaches.html","","","","refactor","repository evidence",""
"asset:assets/images/socialmedia/derived/onlinecoach-2-mobile-480.jpg","asset","assets/images/socialmedia/derived/onlinecoach-2-mobile-480.jpg","image","jpg","41846","60aed82cfb40c04d8bfc913cfe93f860015c04bfb52d864b8de76dd1b5eed1cd","generated-derivative","1","services/fitness-coaches.html","","","","refactor","repository evidence",""
"asset:assets/images/socialmedia/derived/onlinecoach-2-mobile-480.webp","asset","assets/images/socialmedia/derived/onlinecoach-2-mobile-480.webp","image","webp","25020","f561b312a4d95480ac59d136aa23fa9b875ef533970dae88bde5e5a36a69f376","generated-derivative","1","services/fitness-coaches.html","","","","refactor","repository evidence",""
"asset:assets/images/socialmedia/derived/onlinecoach-2-mobile-768.avif","asset","assets/images/socialmedia/derived/onlinecoach-2-mobile-768.avif","image","avif","27068","36a86a02b3fc8cf6fb4cdefc55bdf6cab48fdb80c1194650036f5f1c8a01f5d2","generated-derivative","1","services/fitness-coaches.html","","","","refactor","repository evidence",""
"asset:assets/images/socialmedia/derived/onlinecoach-2-mobile-768.jpg","asset","assets/images/socialmedia/derived/onlinecoach-2-mobile-768.jpg","image","jpg","82047","a6be4938dc4fa160725266ac52800737195043b18a0c4dee1e1775b4b8571311","generated-derivative","1","services/fitness-coaches.html","","","","refactor","repository evidence",""
"asset:assets/images/socialmedia/derived/onlinecoach-2-mobile-768.webp","asset","assets/images/socialmedia/derived/onlinecoach-2-mobile-768.webp","image","webp","44708","44485cd446a127d815cb85cd26f7c3943bf1bbbcc373a9c419faa90c38cf5ae4","generated-derivative","1","services/fitness-coaches.html","","","","refactor","repository evidence",""
"asset:assets/images/socialmedia/derived/onlinecoach-3-640.avif","asset","assets/images/socialmedia/derived/onlinecoach-3-640.avif","image","avif","20257","c54bb14aab48aed5d5ddd4f1cd03c786871260483c4a65297d986b0dda6a2bf2","generated-derivative","1","services/fitness-coaches.html","","","","refactor","repository evidence",""
"asset:assets/images/socialmedia/derived/onlinecoach-3-640.jpg","asset","assets/images/socialmedia/derived/onlinecoach-3-640.jpg","image","jpg","41971","a7579e586d4f809bf054b98a57481a4f5268f0e1a0653dfadea188e69c736388","generated-derivative","1","services/fitness-coaches.html","","","","refactor","repository evidence",""
"asset:assets/images/socialmedia/derived/onlinecoach-3-640.webp","asset","assets/images/socialmedia/derived/onlinecoach-3-640.webp","image","webp","27782","53232d46d37d8a1334c63bccdb9bd6b580eda962dda5d25c5aa365bb0bfb582e","generated-derivative","1","services/fitness-coaches.html","","","","refactor","repository evidence",""
"asset:assets/images/socialmedia/derived/onlinecoach-3-960.avif","asset","assets/images/socialmedia/derived/onlinecoach-3-960.avif","image","avif","32140","b2bcf9af3c6cb1fa6b2e08411a686197a813128cf0114eeb1dea14356e2ea8bd","generated-derivative","1","services/fitness-coaches.html","","","","refactor","repository evidence",""
"asset:assets/images/socialmedia/derived/onlinecoach-3-960.jpg","asset","assets/images/socialmedia/derived/onlinecoach-3-960.jpg","image","jpg","78113","0c83b80a38ef454847f1cffb91f49b0e93199d34eb5f3131dddd9bff174168d0","generated-derivative","1","services/fitness-coaches.html","","","","refactor","repository evidence",""
"asset:assets/images/socialmedia/derived/onlinecoach-3-960.webp","asset","assets/images/socialmedia/derived/onlinecoach-3-960.webp","image","webp","47134","71a6a27888499614841f347265b824ab2413551d3603165bc1afca30258cbd12","generated-derivative","1","services/fitness-coaches.html","","","","refactor","repository evidence",""
"asset:assets/images/socialmedia/derived/onlinecoach-3-mobile-480.avif","asset","assets/images/socialmedia/derived/onlinecoach-3-mobile-480.avif","image","avif","21031","4b6f8575425412d05a757e8fde421ec17edd7870e14200bbf6224e769266e0d8","generated-derivative","1","services/fitness-coaches.html","","","","refactor","repository evidence",""
"asset:assets/images/socialmedia/derived/onlinecoach-3-mobile-480.jpg","asset","assets/images/socialmedia/derived/onlinecoach-3-mobile-480.jpg","image","jpg","46919","7648f6b488f948ac0d47ba95747db6474d9e0aee26592acf8967ccbf31ac76a0","generated-derivative","1","services/fitness-coaches.html","","","","refactor","repository evidence",""
"asset:assets/images/socialmedia/derived/onlinecoach-3-mobile-480.webp","asset","assets/images/socialmedia/derived/onlinecoach-3-mobile-480.webp","image","webp","29608","1482d2506ce3f427d4da6d0e90de6bebb1f7a17af5257fbd59e92bc3f5feca2d","generated-derivative","1","services/fitness-coaches.html","","","","refactor","repository evidence",""
"asset:assets/images/socialmedia/derived/onlinecoach-3-mobile-768.avif","asset","assets/images/socialmedia/derived/onlinecoach-3-mobile-768.avif","image","avif","36613","758901986e349c51acffbb6a639d5dbe41b70ec641ff832b914277bd04ba2a7c","generated-derivative","1","services/fitness-coaches.html","","","","refactor","repository evidence",""
"asset:assets/images/socialmedia/derived/onlinecoach-3-mobile-768.jpg","asset","assets/images/socialmedia/derived/onlinecoach-3-mobile-768.jpg","image","jpg","95899","880e0e5b2282d0f14545afa471347ad1e9aca8f8a4ba7e52370e8dbf19d05b27","generated-derivative","1","services/fitness-coaches.html","","","","refactor","repository evidence",""
"asset:assets/images/socialmedia/derived/onlinecoach-3-mobile-768.webp","asset","assets/images/socialmedia/derived/onlinecoach-3-mobile-768.webp","image","webp","54100","fa9c867f1d6402cede9a12e6d41d86259fd58d23e2f719bcc346877125742b06","generated-derivative","2","codex/execplans/2026-03-20-socialmedia-image-refresh.md | services/fitness-coaches.html","","","","refactor","repository evidence",""
"asset:assets/images/socialmedia/derived/physio-1-640.avif","asset","assets/images/socialmedia/derived/physio-1-640.avif","image","avif","11014","7b59ef1df290084bf3bea2627bbc20bc7e525b9c0fcad1b0751e2838d7a3bfd5","generated-derivative","1","services/physios-chiropractors.html","","","","refactor","repository evidence",""
"asset:assets/images/socialmedia/derived/physio-1-640.jpg","asset","assets/images/socialmedia/derived/physio-1-640.jpg","image","jpg","26161","a257b547ea19cd2ba5d1579fc95f1e5fa035116ff2bb023859397cecead0d0cf","generated-derivative","1","services/physios-chiropractors.html","","","","refactor","repository evidence",""
"asset:assets/images/socialmedia/derived/physio-1-640.webp","asset","assets/images/socialmedia/derived/physio-1-640.webp","image","webp","16448","c37cad35dda916683e2cda45e76fa45dbe041dc16f10485e8b209468ecf7900d","generated-derivative","1","services/physios-chiropractors.html","","","","refactor","repository evidence",""
"asset:assets/images/socialmedia/derived/physio-1-960.avif","asset","assets/images/socialmedia/derived/physio-1-960.avif","image","avif","17143","e4ad1108fcae49dea0ba42167901d0a1d1ff950f7d51d7787b9bef80a4dab737","generated-derivative","1","services/physios-chiropractors.html","","","","refactor","repository evidence",""
"asset:assets/images/socialmedia/derived/physio-1-960.jpg","asset","assets/images/socialmedia/derived/physio-1-960.jpg","image","jpg","46431","3cf5210e756b6f7feab669036c319189f1b7e5b3bbc400a89e03b638b3e59048","generated-derivative","1","services/physios-chiropractors.html","","","","refactor","repository evidence",""
"asset:assets/images/socialmedia/derived/physio-1-960.webp","asset","assets/images/socialmedia/derived/physio-1-960.webp","image","webp","27534","233d6f3d2322db4d1b967b7ab7a50150146711ed596d53d6b81c66ad68bd09ce","generated-derivative","1","services/physios-chiropractors.html","","","","refactor","repository evidence",""
"asset:assets/images/socialmedia/derived/physio-1-mobile-480.avif","asset","assets/images/socialmedia/derived/physio-1-mobile-480.avif","image","avif","13253","46b84354952e0e8ae15ec322a3f1db97b69b5392c3445257395afb3e912eee3c","generated-derivative","1","services/physios-chiropractors.html","","","","refactor","repository evidence",""
"asset:assets/images/socialmedia/derived/physio-1-mobile-480.jpg","asset","assets/images/socialmedia/derived/physio-1-mobile-480.jpg","image","jpg","33009","97a57094f86811a2e5ce155d03a25e5b8ab82fcbffd40cec70fdb86732d81bd1","generated-derivative","1","services/physios-chiropractors.html","","","","refactor","repository evidence",""
"asset:assets/images/socialmedia/derived/physio-1-mobile-480.webp","asset","assets/images/socialmedia/derived/physio-1-mobile-480.webp","image","webp","20380","1775fb4ec624ea14a532266058db73792593f8a943060c96f02197d70254c04a","generated-derivative","1","services/physios-chiropractors.html","","","","refactor","repository evidence",""
"asset:assets/images/socialmedia/derived/physio-1-mobile-768.avif","asset","assets/images/socialmedia/derived/physio-1-mobile-768.avif","image","avif","22433","dd2354602e0b516a903dca5afc687377e13cd01da58e4c5117e135a3c6b420e8","generated-derivative","1","services/physios-chiropractors.html","","","","refactor","repository evidence",""
"asset:assets/images/socialmedia/derived/physio-1-mobile-768.jpg","asset","assets/images/socialmedia/derived/physio-1-mobile-768.jpg","image","jpg","66432","056994c1ab2a20eb16db51c252689bfe3d1dc1c7a8388f677229228f0d5c52cb","generated-derivative","1","services/physios-chiropractors.html","","","","refactor","repository evidence",""
"asset:assets/images/socialmedia/derived/physio-1-mobile-768.webp","asset","assets/images/socialmedia/derived/physio-1-mobile-768.webp","image","webp","37956","e410ee8a8b89de485c9951eb6ef530a2ff2d38a12ee707d848a69ab62d252722","generated-derivative","1","services/physios-chiropractors.html","","","","refactor","repository evidence",""
"asset:assets/images/socialmedia/derived/physio-3-640.avif","asset","assets/images/socialmedia/derived/physio-3-640.avif","image","avif","11603","32f7562ed02b66a2fce0e48b32ea90f0ef6b2f16ce7d7f01debec56a210a3c68","generated-derivative","1","services/physios-chiropractors.html","","","","refactor","repository evidence",""
"asset:assets/images/socialmedia/derived/physio-3-640.jpg","asset","assets/images/socialmedia/derived/physio-3-640.jpg","image","jpg","29940","236189f961955518d9cf05c48168bce27c97e4d0038666e088597ac92db2f486","generated-derivative","1","services/physios-chiropractors.html","","","","refactor","repository evidence",""
"asset:assets/images/socialmedia/derived/physio-3-640.webp","asset","assets/images/socialmedia/derived/physio-3-640.webp","image","webp","17854","4f261e2481751c0f39b803cdb721a8426797aa2b9396a8da3b3cd2513c79909b","generated-derivative","1","services/physios-chiropractors.html","","","","refactor","repository evidence",""
"asset:assets/images/socialmedia/derived/physio-3-960.avif","asset","assets/images/socialmedia/derived/physio-3-960.avif","image","avif","18426","a57e7f8a3503aca27ce0710a82c4d08b51ba6a43641f9afc2483a5ac973b0374","generated-derivative","1","services/physios-chiropractors.html","","","","refactor","repository evidence",""
"asset:assets/images/socialmedia/derived/physio-3-960.jpg","asset","assets/images/socialmedia/derived/physio-3-960.jpg","image","jpg","54785","c65938d101d3a4496c89e979f8d37a2830b68f35dd5d3b9b1a0ff2e95318fd54","generated-derivative","1","services/physios-chiropractors.html","","","","refactor","repository evidence",""
"asset:assets/images/socialmedia/derived/physio-3-960.webp","asset","assets/images/socialmedia/derived/physio-3-960.webp","image","webp","29992","4cbe414d5cf3c8c79ca69e1d5ec278b02d5ee6c3df7d09dbf3a17fa7420898d0","generated-derivative","1","services/physios-chiropractors.html","","","","refactor","repository evidence",""
"asset:assets/images/socialmedia/derived/physio-3-mobile-480.avif","asset","assets/images/socialmedia/derived/physio-3-mobile-480.avif","image","avif","11306","f29481f9a662a5d63141a363d7458fca90daa69a5ab36dfa05d8a54ae44b445a","generated-derivative","1","services/physios-chiropractors.html","","","","refactor","repository evidence",""
"asset:assets/images/socialmedia/derived/physio-3-mobile-480.jpg","asset","assets/images/socialmedia/derived/physio-3-mobile-480.jpg","image","jpg","31920","18ebd44e38e1fb8044eb67ceb9c13cce1c520011c108fe74a805e3dd906a9860","generated-derivative","1","services/physios-chiropractors.html","","","","refactor","repository evidence",""
"asset:assets/images/socialmedia/derived/physio-3-mobile-480.webp","asset","assets/images/socialmedia/derived/physio-3-mobile-480.webp","image","webp","17604","0175027488a15e08562c8c9c371fbd46c5848c779065aae3fcbb388a7453d7c3","generated-derivative","1","services/physios-chiropractors.html","","","","refactor","repository evidence",""
"asset:assets/images/socialmedia/derived/physio-3-mobile-768.avif","asset","assets/images/socialmedia/derived/physio-3-mobile-768.avif","image","avif","19214","5f192d4db67175e0638e1d1d0674141c8468c1dd228b004cd6c97e4361abd2bc","generated-derivative","1","services/physios-chiropractors.html","","","","refactor","repository evidence",""
"asset:assets/images/socialmedia/derived/physio-3-mobile-768.jpg","asset","assets/images/socialmedia/derived/physio-3-mobile-768.jpg","image","jpg","64411","8cc3b317f9e0c9bd646a44fef69d62236f2a473dddec9afa9e9f2b7d32a4a8d3","generated-derivative","1","services/physios-chiropractors.html","","","","refactor","repository evidence",""
"asset:assets/images/socialmedia/derived/physio-3-mobile-768.webp","asset","assets/images/socialmedia/derived/physio-3-mobile-768.webp","image","webp","32858","56032ca7c79cda1f157a2eb0dfb87483caec2cdc35a254eec3ed95ad9bee5b77","generated-derivative","1","services/physios-chiropractors.html","","","","refactor","repository evidence",""
"asset:assets/images/socialmedia/derived/salon-2-640.avif","asset","assets/images/socialmedia/derived/salon-2-640.avif","image","avif","22215","0a3fd700e113413888103bb5c39c8c52ff8ff275e1c5622b2c9ca72f53714b6b","generated-derivative","1","services/salons-barbers.html","","","","refactor","repository evidence",""
"asset:assets/images/socialmedia/derived/salon-2-640.jpg","asset","assets/images/socialmedia/derived/salon-2-640.jpg","image","jpg","45367","24a13f0501404388a1b8e19d836e121a2d4fc8f82cc3db583330dbfae5fa88dc","generated-derivative","1","services/salons-barbers.html","","","","refactor","repository evidence",""
"asset:assets/images/socialmedia/derived/salon-2-640.webp","asset","assets/images/socialmedia/derived/salon-2-640.webp","image","webp","32150","d04dd506a89d2874a8c411dfe371263ce739da145b0d95eb2ee5ad0737cd88fc","generated-derivative","1","services/salons-barbers.html","","","","refactor","repository evidence",""
"asset:assets/images/socialmedia/derived/salon-2-960.avif","asset","assets/images/socialmedia/derived/salon-2-960.avif","image","avif","37521","3453fd0cb4b17c197c585eacaa83a8d35e36d6c1c84eeb88430481998213324e","generated-derivative","1","services/salons-barbers.html","","","","refactor","repository evidence",""
"asset:assets/images/socialmedia/derived/salon-2-960.jpg","asset","assets/images/socialmedia/derived/salon-2-960.jpg","image","jpg","86496","ff05e6ed0272fe114515fd6f2601af9b5e9c47f04c9a0fd931ce7d384aa188ff","generated-derivative","1","services/salons-barbers.html","","","","refactor","repository evidence",""
"asset:assets/images/socialmedia/derived/salon-2-960.webp","asset","assets/images/socialmedia/derived/salon-2-960.webp","image","webp","58014","ac19500ca204ef895137f18044bd70d47e0f93498ba0c57eb32d55554dd5266b","generated-derivative","1","services/salons-barbers.html","","","","refactor","repository evidence",""
"asset:assets/images/socialmedia/derived/salon-2-mobile-480.avif","asset","assets/images/socialmedia/derived/salon-2-mobile-480.avif","image","avif","19674","94bb09ff96ab3220ce144cb921ac6dc1063464573cb5d9ed19658c56a4fa302e","generated-derivative","1","services/salons-barbers.html","","","","refactor","repository evidence",""
"asset:assets/images/socialmedia/derived/salon-2-mobile-480.jpg","asset","assets/images/socialmedia/derived/salon-2-mobile-480.jpg","image","jpg","47263","70a38c29f94396e56055776542e858b8caa948ca0f5d638dbe2ab1be4517a37e","generated-derivative","1","services/salons-barbers.html","","","","refactor","repository evidence",""
"asset:assets/images/socialmedia/derived/salon-2-mobile-480.webp","asset","assets/images/socialmedia/derived/salon-2-mobile-480.webp","image","webp","30066","ebd5e34e08f486687b0f52502e8a1b44035638c04a16b7077b45a98e83e4b72c","generated-derivative","1","services/salons-barbers.html","","","","refactor","repository evidence",""
"asset:assets/images/socialmedia/derived/salon-2-mobile-768.avif","asset","assets/images/socialmedia/derived/salon-2-mobile-768.avif","image","avif","36531","ce7bbe6d6d5d1835920f5fc0cc3f584ee3ca761ad518604feb7bcd89247e9dfd","generated-derivative","1","services/salons-barbers.html","","","","refactor","repository evidence",""
"asset:assets/images/socialmedia/derived/salon-2-mobile-768.jpg","asset","assets/images/socialmedia/derived/salon-2-mobile-768.jpg","image","jpg","100034","50cc305ed86ffc8c1995d0592e4a4e8e86c63bf921c49c0fb12a31a6130945ae","generated-derivative","1","services/salons-barbers.html","","","","refactor","repository evidence",""
"asset:assets/images/socialmedia/derived/salon-2-mobile-768.webp","asset","assets/images/socialmedia/derived/salon-2-mobile-768.webp","image","webp","59472","f86589cd2d68ff8bd3f72a56ca9b5cd64f90e40f2e9fbc9a4556b2acb1291501","generated-derivative","1","services/salons-barbers.html","","","","refactor","repository evidence",""
"asset:assets/images/socialmedia/derived/salon-3-640.avif","asset","assets/images/socialmedia/derived/salon-3-640.avif","image","avif","13726","227d94b0c11bc3ef6356c1a53634223f6d027e3890248db78b91a726aa5042fb","generated-derivative","1","services/salons-barbers.html","","","","refactor","repository evidence",""
"asset:assets/images/socialmedia/derived/salon-3-640.jpg","asset","assets/images/socialmedia/derived/salon-3-640.jpg","image","jpg","34190","2c62545d15a2164ef21013d216d3b87e1f81000e784e6998d7cc8003cce8a786","generated-derivative","1","services/salons-barbers.html","","","","refactor","repository evidence",""
"asset:assets/images/socialmedia/derived/salon-3-640.webp","asset","assets/images/socialmedia/derived/salon-3-640.webp","image","webp","20680","476d3de3ba6e0e188be16ec829944e098518ad82f172f75053fb04995be3091c","generated-derivative","1","services/salons-barbers.html","","","","refactor","repository evidence",""
"asset:assets/images/socialmedia/derived/salon-3-960.avif","asset","assets/images/socialmedia/derived/salon-3-960.avif","image","avif","21691","f07138f9cd37b8eae38d09189b2cab7d7fdd505aafdc24559f51b6d7989721c1","generated-derivative","1","services/salons-barbers.html","","","","refactor","repository evidence",""
"asset:assets/images/socialmedia/derived/salon-3-960.jpg","asset","assets/images/socialmedia/derived/salon-3-960.jpg","image","jpg","63387","b46680812897c8b6d0073f7f942bfeb0d3b3bfabacd3eefcdcc1aa2d270ba364","generated-derivative","1","services/salons-barbers.html","","","","refactor","repository evidence",""
"asset:assets/images/socialmedia/derived/salon-3-960.webp","asset","assets/images/socialmedia/derived/salon-3-960.webp","image","webp","33988","2abe6ed6a5d7b039857b58f096fb848659a5e3e33a76349917202767fd5190b4","generated-derivative","1","services/salons-barbers.html","","","","refactor","repository evidence",""
"asset:assets/images/socialmedia/derived/salon-3-mobile-480.avif","asset","assets/images/socialmedia/derived/salon-3-mobile-480.avif","image","avif","14739","0a9c1b1d05b7d4a46945b6a252c5cc306aebef295f8db01a16e96643cd51d5bb","generated-derivative","1","services/salons-barbers.html","","","","refactor","repository evidence",""
"asset:assets/images/socialmedia/derived/salon-3-mobile-480.jpg","asset","assets/images/socialmedia/derived/salon-3-mobile-480.jpg","image","jpg","38851","da7c9c88534b28deb3d99e5b924e8465201ecce899ede416ed388442cf2ac9d5","generated-derivative","1","services/salons-barbers.html","","","","refactor","repository evidence",""
"asset:assets/images/socialmedia/derived/salon-3-mobile-480.webp","asset","assets/images/socialmedia/derived/salon-3-mobile-480.webp","image","webp","21992","09cda5b38053d172b4ab0b5cb4339f3e896c3d0b5e294c2f16c17ffd0445af63","generated-derivative","1","services/salons-barbers.html","","","","refactor","repository evidence",""
"asset:assets/images/socialmedia/derived/salon-3-mobile-768.avif","asset","assets/images/socialmedia/derived/salon-3-mobile-768.avif","image","avif","24514","4356610f3d43cfff2f2a6d55d57167d165d979663216dfc98b28d3707b4310d6","generated-derivative","1","services/salons-barbers.html","","","","refactor","repository evidence",""
"asset:assets/images/socialmedia/derived/salon-3-mobile-768.jpg","asset","assets/images/socialmedia/derived/salon-3-mobile-768.jpg","image","jpg","76827","7c03e04d4781f01e8822ed2953c141cab061f3df97e29e72b08fc615a4bbea1b","generated-derivative","1","services/salons-barbers.html","","","","refactor","repository evidence",""
"asset:assets/images/socialmedia/derived/salon-3-mobile-768.webp","asset","assets/images/socialmedia/derived/salon-3-mobile-768.webp","image","webp","39016","1715197c596167c4d2f4e1b475c009f10c94f9198eafe6ee6f0a3da7c67afff4","generated-derivative","1","services/salons-barbers.html","","","","refactor","repository evidence",""
"asset:assets/images/socialmedia/derived/services_consulting-640.avif","asset","assets/images/socialmedia/derived/services_consulting-640.avif","image","avif","16176","14ae93df52a04c17ec1ab6df938e58dcd16fea657d3fd534f38085fa54f3ab72","generated-derivative","1","index.html","","","","refactor","repository evidence",""
"asset:assets/images/socialmedia/derived/services_consulting-640.jpg","asset","assets/images/socialmedia/derived/services_consulting-640.jpg","image","jpg","37256","67e2345cd4c7fa5edd9218cc9eb43c5b7379dca4f896e4d98218655ebce216a5","generated-derivative","1","index.html","","","","refactor","repository evidence",""
"asset:assets/images/socialmedia/derived/services_consulting-640.webp","asset","assets/images/socialmedia/derived/services_consulting-640.webp","image","webp","21800","8c6e0e40e82f6a623ed70f90e15d552616121016dc1d2dba78a541102c1eed9e","generated-derivative","1","index.html","","","","refactor","repository evidence",""
"asset:assets/images/socialmedia/derived/services_consulting-960.avif","asset","assets/images/socialmedia/derived/services_consulting-960.avif","image","avif","25455","34408786a96f294de29267fea690e965ef0a92ba32598368a59d62f668fb05ff","generated-derivative","1","index.html","","","","refactor","repository evidence",""
"asset:assets/images/socialmedia/derived/services_consulting-960.jpg","asset","assets/images/socialmedia/derived/services_consulting-960.jpg","image","jpg","68898","03fd0e6da9e27500160822008536c2bc52bae92db162357c11bc965ebf19a641","generated-derivative","1","index.html","","","","refactor","repository evidence",""
"asset:assets/images/socialmedia/derived/services_consulting-960.webp","asset","assets/images/socialmedia/derived/services_consulting-960.webp","image","webp","36750","21ad77795d72c961e6e8485dc1de731041fc2688ab1f7818cfe490b6bcb9e1a4","generated-derivative","1","index.html","","","","refactor","repository evidence",""
"asset:assets/images/socialmedia/derived/services_consulting_mobile-320.avif","asset","assets/images/socialmedia/derived/services_consulting_mobile-320.avif","image","avif","8536","196ab426222f65e8f3890112fc42131ab62627646df318bd454694a51d78e5ac","generated-derivative","1","index.html","","","","refactor","repository evidence",""
"asset:assets/images/socialmedia/derived/services_consulting_mobile-320.jpg","asset","assets/images/socialmedia/derived/services_consulting_mobile-320.jpg","image","jpg","16582","7d105442422369ea99679aadc51484a77222a0491c5584be24a31ed2e04effd6","generated-derivative","1","index.html","","","","refactor","repository evidence",""
"asset:assets/images/socialmedia/derived/services_consulting_mobile-320.webp","asset","assets/images/socialmedia/derived/services_consulting_mobile-320.webp","image","webp","10532","31cf5c95eb1a06a9e5f07e8cf4b75e4b81d444a5a65ddfb997ebfd907a132b00","generated-derivative","1","index.html","","","","refactor","repository evidence",""
"asset:assets/images/socialmedia/derived/services_consulting_mobile-480.avif","asset","assets/images/socialmedia/derived/services_consulting_mobile-480.avif","image","avif","13935","d1d817a53ed4aa6a8e558997b1166f11b5859df0f6d095eb48441e2d648f740e","generated-derivative","1","index.html","","","","refactor","repository evidence",""
"asset:assets/images/socialmedia/derived/services_consulting_mobile-480.jpg","asset","assets/images/socialmedia/derived/services_consulting_mobile-480.jpg","image","jpg","31059","caeea991aee6a1a89639a8c2b4a4432e3fccfbdbafdd4ab9e522337beefc193e","generated-derivative","1","index.html","","","","refactor","repository evidence",""
"asset:assets/images/socialmedia/derived/services_consulting_mobile-480.webp","asset","assets/images/socialmedia/derived/services_consulting_mobile-480.webp","image","webp","18092","6499dc5b1ba9041ef5057b0339d405f60922aa22eee70f2ec0f96ab1efec2ff0","generated-derivative","1","index.html","","","","refactor","repository evidence",""
"asset:assets/images/socialmedia/derived/services_consulting_mobile-640.avif","asset","assets/images/socialmedia/derived/services_consulting_mobile-640.avif","image","avif","19401","7db459d9ddc5ef5f77a6c24c86f31bd305704dea0796c9906170660899ce17e6","generated-derivative","1","index.html","","","","refactor","repository evidence",""
"asset:assets/images/socialmedia/derived/services_consulting_mobile-640.jpg","asset","assets/images/socialmedia/derived/services_consulting_mobile-640.jpg","image","jpg","47811","cc4982d136fcd8934eac7a086625fbe93aba02432bdcb6edfacc07b292fc698f","generated-derivative","1","index.html","","","","refactor","repository evidence",""
"asset:assets/images/socialmedia/derived/services_consulting_mobile-640.webp","asset","assets/images/socialmedia/derived/services_consulting_mobile-640.webp","image","webp","26698","a98e9534d8633a5ce7897776e154d72fa71e8622f4efcc29550915f8563353f3","generated-derivative","1","index.html","","","","refactor","repository evidence",""
"asset:assets/images/socialmedia/derived/services_data_integration-640.avif","asset","assets/images/socialmedia/derived/services_data_integration-640.avif","image","avif","11454","aed89a4fc9f57a4aefd2a4ce0206a490849c98752987f12b58ac181295a3f9c7","generated-derivative","1","index.html","","","","refactor","repository evidence",""
"asset:assets/images/socialmedia/derived/services_data_integration-640.jpg","asset","assets/images/socialmedia/derived/services_data_integration-640.jpg","image","jpg","28522","a057ba0f832bc9941893f722579f6fe947d3051d071dca31ac45a50209869029","generated-derivative","1","index.html","","","","refactor","repository evidence",""
"asset:assets/images/socialmedia/derived/services_data_integration-640.webp","asset","assets/images/socialmedia/derived/services_data_integration-640.webp","image","webp","16690","5d1d44dfeb7188d88e39ffba7a727c778635b05c024e887bd1cd877812f64fb3","generated-derivative","1","index.html","","","","refactor","repository evidence",""
"asset:assets/images/socialmedia/derived/services_data_integration-960.avif","asset","assets/images/socialmedia/derived/services_data_integration-960.avif","image","avif","18365","c2a562cdfe2cced22812fb87374dfcb7b903a7ead20a1b68396df7a22f8e2721","generated-derivative","1","index.html","","","","refactor","repository evidence",""
"asset:assets/images/socialmedia/derived/services_data_integration-960.jpg","asset","assets/images/socialmedia/derived/services_data_integration-960.jpg","image","jpg","53100","eb573eb11130251e61c4c374678d030cc8ba17318343bd46f17561d5d1113cad","generated-derivative","1","index.html","","","","refactor","repository evidence",""
"asset:assets/images/socialmedia/derived/services_data_integration-960.webp","asset","assets/images/socialmedia/derived/services_data_integration-960.webp","image","webp","28480","0d8017453b49422e6f86eadb14d8fe5b834a61fd15b7dd040f4dbd5c3888e683","generated-derivative","1","index.html","","","","refactor","repository evidence",""
"asset:assets/images/socialmedia/derived/services_data_integration_mobile-320.avif","asset","assets/images/socialmedia/derived/services_data_integration_mobile-320.avif","image","avif","7025","29a70b8bcdebe360685e6caca79ee933298c5fc36c59ea55e9ff2c12ce10c3d6","generated-derivative","1","index.html","","","","refactor","repository evidence",""
"asset:assets/images/socialmedia/derived/services_data_integration_mobile-320.jpg","asset","assets/images/socialmedia/derived/services_data_integration_mobile-320.jpg","image","jpg","14117","b8bd7db37165472d762995a270e5433334c050c1852dc10d32d1df0c1ee93311","generated-derivative","1","index.html","","","","refactor","repository evidence",""
"asset:assets/images/socialmedia/derived/services_data_integration_mobile-320.webp","asset","assets/images/socialmedia/derived/services_data_integration_mobile-320.webp","image","webp","9234","eb17562c8660bd0a1be4628e2f0ed698fa646bcb3dd7dbd995bb3cec8f0e376c","generated-derivative","1","index.html","","","","refactor","repository evidence",""
"asset:assets/images/socialmedia/derived/services_data_integration_mobile-480.avif","asset","assets/images/socialmedia/derived/services_data_integration_mobile-480.avif","image","avif","11521","bfdb10f7fa880f2ee93cf47c6e07086f1fb6af3b03653da335901cc3980f33b8","generated-derivative","1","index.html","","","","refactor","repository evidence",""
"asset:assets/images/socialmedia/derived/services_data_integration_mobile-480.jpg","asset","assets/images/socialmedia/derived/services_data_integration_mobile-480.jpg","image","jpg","27174","7fb7cf41beebd3976ec044a0bc7849e0ddb4c874b09c05d7b6e2fa92b76991ec","generated-derivative","1","index.html","","","","refactor","repository evidence",""
"asset:assets/images/socialmedia/derived/services_data_integration_mobile-480.webp","asset","assets/images/socialmedia/derived/services_data_integration_mobile-480.webp","image","webp","16286","3ea4e10e4d6f064f1b8ee38142dfb916375abb05efc1fcd14ddd8942c3377bc2","generated-derivative","1","index.html","","","","refactor","repository evidence",""
"asset:assets/images/socialmedia/derived/services_data_integration_mobile-640.avif","asset","assets/images/socialmedia/derived/services_data_integration_mobile-640.avif","image","avif","16257","ff228a3d533782cfd624636b418faf47448296a649e2a93c3cc0b90dfde91bb0","generated-derivative","1","index.html","","","","refactor","repository evidence",""
"asset:assets/images/socialmedia/derived/services_data_integration_mobile-640.jpg","asset","assets/images/socialmedia/derived/services_data_integration_mobile-640.jpg","image","jpg","42522","22709ba41657b5bb47a2933d0aefcfa74554f5e11d1131b52735c5172ede0b75","generated-derivative","1","index.html","","","","refactor","repository evidence",""
"asset:assets/images/socialmedia/derived/services_data_integration_mobile-640.webp","asset","assets/images/socialmedia/derived/services_data_integration_mobile-640.webp","image","webp","23282","6abdd166d2f110437437bf04f5df727fa8d0b0d87e60d62ce9d6b86413c7b082","generated-derivative","1","index.html","","","","refactor","repository evidence",""
"asset:assets/images/socialmedia/derived/services_lead_followup-640.avif","asset","assets/images/socialmedia/derived/services_lead_followup-640.avif","image","avif","13464","d6d1373b7eeeadaf90bd07b181e70730094ff284f1e70066c1f43cbc4bbfc526","generated-derivative","1","index.html","","","","refactor","repository evidence",""
"asset:assets/images/socialmedia/derived/services_lead_followup-640.jpg","asset","assets/images/socialmedia/derived/services_lead_followup-640.jpg","image","jpg","31924","ab6704258ec4c3ee732642e2c151e12db98143cbb7a2ab0e9cd0f0f01ae0d98f","generated-derivative","1","index.html","","","","refactor","repository evidence",""
"asset:assets/images/socialmedia/derived/services_lead_followup-640.webp","asset","assets/images/socialmedia/derived/services_lead_followup-640.webp","image","webp","17628","bac8ec2775403d5dc69684216c00ddc1ef08a79a7097c281550974d085eb63a7","generated-derivative","1","index.html","","","","refactor","repository evidence",""
"asset:assets/images/socialmedia/derived/services_lead_followup-960.avif","asset","assets/images/socialmedia/derived/services_lead_followup-960.avif","image","avif","22470","a51e9aa4b487617149413654ae982c43710722385d1e6b6b6c7b79ace13c0fc1","generated-derivative","1","index.html","","","","refactor","repository evidence",""
"asset:assets/images/socialmedia/derived/services_lead_followup-960.jpg","asset","assets/images/socialmedia/derived/services_lead_followup-960.jpg","image","jpg","60186","5a0187912bdd4a24e47e8bdeccee2a56f9e1f0e56c488d7f4e49e76846e9b3c4","generated-derivative","1","index.html","","","","refactor","repository evidence",""
"asset:assets/images/socialmedia/derived/services_lead_followup-960.webp","asset","assets/images/socialmedia/derived/services_lead_followup-960.webp","image","webp","30448","24c00b1fe98802c873d13e00ae33f417898ad8493178161450d14bb61deea488","generated-derivative","1","index.html","","","","refactor","repository evidence",""
"asset:assets/images/socialmedia/derived/services_lead_followup_mobile-320.avif","asset","assets/images/socialmedia/derived/services_lead_followup_mobile-320.avif","image","avif","6071","19f4466e855dc1c95d516e2d569e7944842f97528b71e417cb4e6dc881b6c764","generated-derivative","1","index.html","","","","refactor","repository evidence",""
"asset:assets/images/socialmedia/derived/services_lead_followup_mobile-320.jpg","asset","assets/images/socialmedia/derived/services_lead_followup_mobile-320.jpg","image","jpg","13162","c39863ba6e22940bcb37b468f2b83babd919c34bb13d77b0af74922cc4f716e4","generated-derivative","1","index.html","","","","refactor","repository evidence",""
"asset:assets/images/socialmedia/derived/services_lead_followup_mobile-320.webp","asset","assets/images/socialmedia/derived/services_lead_followup_mobile-320.webp","image","webp","7504","821c763456dcf7136dd5caad2042ebca348bc0cc5cfa0ccd7a3a5f2ac7ba7333","generated-derivative","1","index.html","","","","refactor","repository evidence",""
"asset:assets/images/socialmedia/derived/services_lead_followup_mobile-480.avif","asset","assets/images/socialmedia/derived/services_lead_followup_mobile-480.avif","image","avif","10051","1d821f3d82be9333a9fce32b208679b542c0b0deea571782c1e0029ac7aaf715","generated-derivative","1","index.html","","","","refactor","repository evidence",""
"asset:assets/images/socialmedia/derived/services_lead_followup_mobile-480.jpg","asset","assets/images/socialmedia/derived/services_lead_followup_mobile-480.jpg","image","jpg","24655","aa3be2bd0e0804660f8976628ade1554b55c3732760c7366024f615ec5b3337d","generated-derivative","1","index.html","","","","refactor","repository evidence",""
"asset:assets/images/socialmedia/derived/services_lead_followup_mobile-480.webp","asset","assets/images/socialmedia/derived/services_lead_followup_mobile-480.webp","image","webp","13168","7da48aadf6c4a321f0525d133a2b5e2ce2e28f5e630a075138443102601b6386","generated-derivative","1","index.html","","","","refactor","repository evidence",""
"asset:assets/images/socialmedia/derived/services_lead_followup_mobile-640.avif","asset","assets/images/socialmedia/derived/services_lead_followup_mobile-640.avif","image","avif","14800","567e2604864a74afa8edc48ef56c41a2cf743fe0766c30b1e7577b9561769b81","generated-derivative","1","index.html","","","","refactor","repository evidence",""
"asset:assets/images/socialmedia/derived/services_lead_followup_mobile-640.jpg","asset","assets/images/socialmedia/derived/services_lead_followup_mobile-640.jpg","image","jpg","38802","aa584fdaea1cd5c0ccbe0662c7a6ce57d75d2032b34038a3f86766c8ba01de19","generated-derivative","1","index.html","","","","refactor","repository evidence",""
"asset:assets/images/socialmedia/derived/services_lead_followup_mobile-640.webp","asset","assets/images/socialmedia/derived/services_lead_followup_mobile-640.webp","image","webp","19994","528539bff0cb680149c60f36025a481a073bc9c9b9acb6c8385b2c8d4802b83f","generated-derivative","1","index.html","","","","refactor","repository evidence",""
"asset:assets/images/socialmedia/derived/services_workflow_automation-640.avif","asset","assets/images/socialmedia/derived/services_workflow_automation-640.avif","image","avif","16058","4db33eea719edb83db2eab4f0b289e433a9a874dbc7590eb2dd90350b1e00007","generated-derivative","1","index.html","","","","refactor","repository evidence",""
"asset:assets/images/socialmedia/derived/services_workflow_automation-640.jpg","asset","assets/images/socialmedia/derived/services_workflow_automation-640.jpg","image","jpg","35232","f56bc81e23d522130ac93249d87a28748c889966911b3c7e26da58f418827f7c","generated-derivative","1","index.html","","","","refactor","repository evidence",""
"asset:assets/images/socialmedia/derived/services_workflow_automation-640.webp","asset","assets/images/socialmedia/derived/services_workflow_automation-640.webp","image","webp","20866","113e79ffa85c99b66d00865e9b853788fc7e6336bf9e74d02e7a9954f55c289b","generated-derivative","1","index.html","","","","refactor","repository evidence",""
"asset:assets/images/socialmedia/derived/services_workflow_automation-960.avif","asset","assets/images/socialmedia/derived/services_workflow_automation-960.avif","image","avif","25916","af6679117bad87ff2b76b16d2849abe9f3f8f0fdade3255b93c59bd0f2e9a03a","generated-derivative","1","index.html","","","","refactor","repository evidence",""
"asset:assets/images/socialmedia/derived/services_workflow_automation-960.jpg","asset","assets/images/socialmedia/derived/services_workflow_automation-960.jpg","image","jpg","65739","666e5be002f5691443ee39c37a5e5e116268857aaae06d0b1eb1315e8e97987d","generated-derivative","1","index.html","","","","refactor","repository evidence",""
"asset:assets/images/socialmedia/derived/services_workflow_automation-960.webp","asset","assets/images/socialmedia/derived/services_workflow_automation-960.webp","image","webp","35866","11b12c6045e8d944466fcd9f62dd2a3c1a76b6000b25388b950739155ff0f299","generated-derivative","1","index.html","","","","refactor","repository evidence",""
"asset:assets/images/socialmedia/derived/services_workflow_automation_mobile-320.avif","asset","assets/images/socialmedia/derived/services_workflow_automation_mobile-320.avif","image","avif","8909","96b76a80ad96303bbe649b17c0766efff2cf42797d833bf2ac072352159a261d","generated-derivative","1","index.html","","","","refactor","repository evidence",""
"asset:assets/images/socialmedia/derived/services_workflow_automation_mobile-320.jpg","asset","assets/images/socialmedia/derived/services_workflow_automation_mobile-320.jpg","image","jpg","16075","a4bd451bf183fd5d5f5633ebf83d42f99ef789238b8173f595a684beb091f9f5","generated-derivative","1","index.html","","","","refactor","repository evidence",""
"asset:assets/images/socialmedia/derived/services_workflow_automation_mobile-320.webp","asset","assets/images/socialmedia/derived/services_workflow_automation_mobile-320.webp","image","webp","10442","4f63a2aceeebbec3b950ac1d192af4bc0551beff26e9e67f8b65aba70da5204a","generated-derivative","1","index.html","","","","refactor","repository evidence",""
"asset:assets/images/socialmedia/derived/services_workflow_automation_mobile-480.avif","asset","assets/images/socialmedia/derived/services_workflow_automation_mobile-480.avif","image","avif","15201","58d0130fc43aa297b087428057de1a05c7c550f67b7fc93cf022202db4d5e681","generated-derivative","1","index.html","","","","refactor","repository evidence",""
"asset:assets/images/socialmedia/derived/services_workflow_automation_mobile-480.jpg","asset","assets/images/socialmedia/derived/services_workflow_automation_mobile-480.jpg","image","jpg","31595","59beea411eecc58fabce9de25bc44646ffb73d797dca82ed3ce15c8973d66038","generated-derivative","1","index.html","","","","refactor","repository evidence",""
"asset:assets/images/socialmedia/derived/services_workflow_automation_mobile-480.webp","asset","assets/images/socialmedia/derived/services_workflow_automation_mobile-480.webp","image","webp","18758","912bde2300011a3b83276dd889572d94bde39bff759a74df78a3e37e9a9a8034","generated-derivative","1","index.html","","","","refactor","repository evidence",""
"asset:assets/images/socialmedia/derived/services_workflow_automation_mobile-640.avif","asset","assets/images/socialmedia/derived/services_workflow_automation_mobile-640.avif","image","avif","21373","3ff74cc54b8c11597217068ea02d33e573cc7c44c85079998796777622b86607","generated-derivative","1","index.html","","","","refactor","repository evidence",""
"asset:assets/images/socialmedia/derived/services_workflow_automation_mobile-640.jpg","asset","assets/images/socialmedia/derived/services_workflow_automation_mobile-640.jpg","image","jpg","49122","d7705e9cbd08dfb291b2a447b696fe75e643a4d8347df0fcab1c12decdb8f612","generated-derivative","1","index.html","","","","refactor","repository evidence",""
"asset:assets/images/socialmedia/derived/services_workflow_automation_mobile-640.webp","asset","assets/images/socialmedia/derived/services_workflow_automation_mobile-640.webp","image","webp","27640","6838c3f83b8999018e9e0784c43569e37ca4056f57d0d0badecff072ea0cec8f","generated-derivative","1","index.html","","","","refactor","repository evidence",""
"asset:assets/images/socialmedia/eComm_1.jpeg","asset","assets/images/socialmedia/eComm_1.jpeg","image","jpeg","6960780","35b883cbe02990eebec7b342f8a7b312983e020ed5d5510954fa6c74c05bbd2a","authored-public-asset","2","codex/execplans/2026-03-20-lightbox-open-lag-fix.md | services/ecommerce.html","","","","retain","repository evidence",""
"asset:assets/images/socialmedia/eComm_1.webp","asset","assets/images/socialmedia/eComm_1.webp","image","webp","145808","4b650f1592314c044f8d8dea4fb278ba1bca6bc524caa3306cf169307f351e8b","authored-public-asset","2","assets/js/app.js | src/js/marquee.js","","","","retain","repository evidence",""
"asset:assets/images/socialmedia/eComm_1_Mobile.jpeg","asset","assets/images/socialmedia/eComm_1_Mobile.jpeg","image","jpeg","6907375","f1e3011d1ff53d98e39cbee2df762783aedaff95de56fd9e3e05d752c132ea59","authored-public-asset","2","codex/execplans/2026-03-20-lightbox-open-lag-fix.md | services/ecommerce.html","","","","retain","repository evidence",""
"asset:assets/images/socialmedia/eComm_1_Mobile.webp","asset","assets/images/socialmedia/eComm_1_Mobile.webp","image","webp","147156","debd2a2789e8298b2d66c55e87e8fc9b25bae210e725a0db809f55711a8fa590","unreferenced","0","","","","","unresolved","repository evidence","unreferenced by scanned public pages/source; ownership unresolved"
"asset:assets/images/socialmedia/eComm_2.jpeg","asset","assets/images/socialmedia/eComm_2.jpeg","image","jpeg","6734548","d03e6b8bf443cc0bedffb21974fe9c42fff1a9b08e9d9d001f73397e41b203e2","authored-public-asset","2","codex/execplans/2026-03-20-lightbox-open-lag-fix.md | services/ecommerce.html","","","","retain","repository evidence",""
"asset:assets/images/socialmedia/eComm_2.webp","asset","assets/images/socialmedia/eComm_2.webp","image","webp","124344","c479c2d8c1849a4765f9e353b34e09da3f3b48b9556c1650225126b2699df4ac","authored-public-asset","2","assets/js/app.js | src/js/marquee.js","","","","retain","repository evidence",""
"asset:assets/images/socialmedia/eComm_2_Mobile.jpeg","asset","assets/images/socialmedia/eComm_2_Mobile.jpeg","image","jpeg","6741977","d9ef2b83e75eeaa6f141b8084c1afeffd44eb7b02f22989048aafd6001ea4b75","authored-public-asset","1","services/ecommerce.html","","","","retain","repository evidence",""
"asset:assets/images/socialmedia/eComm_2_Mobile.webp","asset","assets/images/socialmedia/eComm_2_Mobile.webp","image","webp","88594","2d18eeb8073adca9398cd8eea611381e68d9a21fa3063ed3fbccb5da709265c8","unreferenced","0","","","","","unresolved","repository evidence","unreferenced by scanned public pages/source; ownership unresolved"
"asset:assets/images/socialmedia/eComm_3.jpeg","asset","assets/images/socialmedia/eComm_3.jpeg","image","jpeg","7097173","bb053efce65b679a5fa82f98194cc6e143ec52ff8564f140b16c4d3ad8d38c12","authored-public-asset","1","services/ecommerce.html","","","","retain","repository evidence",""
"asset:assets/images/socialmedia/eComm_3.webp","asset","assets/images/socialmedia/eComm_3.webp","image","webp","142172","278efef3be02ae4660b2111f1b8e642b120a1ed163b9840e3a154e441f2ae6ae","authored-public-asset","2","assets/js/app.js | src/js/marquee.js","","","","retain","repository evidence",""
"asset:assets/images/socialmedia/eComm_3_Mobile.jpeg","asset","assets/images/socialmedia/eComm_3_Mobile.jpeg","image","jpeg","7011560","05819af6ac0c39efe2bf0c0e0d2501f35a0b18e139859a96a94cdfd75b3b0d02","authored-public-asset","2","scripts/optimize-images.js | services/ecommerce.html","","","","retain","repository evidence",""
"asset:assets/images/socialmedia/eComm_3_Mobile.webp","asset","assets/images/socialmedia/eComm_3_Mobile.webp","image","webp","126970","6f0f047eddc8ff4b2ac48d594845eeab49a0022cf3fdf9ad6880178fa8485757","unreferenced","0","","","","","unresolved","repository evidence","unreferenced by scanned public pages/source; ownership unresolved"
"asset:assets/images/socialmedia/general-services-1-mobile.png","asset","assets/images/socialmedia/general-services-1-mobile.png","image","png","6060446","0f2550ee274fc065156c9a3094e43b9387f7d7e24ef7df2a9d9042ebbf2d4941","authored-public-asset","1","services.html","","","","retain","repository evidence",""
"asset:assets/images/socialmedia/general-services-1.png","asset","assets/images/socialmedia/general-services-1.png","image","png","5972032","41a6f716a6cd65f966548648d9cbf25a73f4e3fa8f1eb588f60a59163e2b7980","authored-public-asset","2","codex/execplans/2026-03-23-lightbox-single-source-sizing.md | services.html","","","","retain","repository evidence",""
"asset:assets/images/socialmedia/general-services-2a-mobile.png","asset","assets/images/socialmedia/general-services-2a-mobile.png","image","png","6299412","0fe388ebfcec1512bc5f10a46746eb7d5c6894d818feebd49ffc1b90d44343d3","authored-public-asset","1","services.html","","","","retain","repository evidence",""
"asset:assets/images/socialmedia/general-services-2a.png","asset","assets/images/socialmedia/general-services-2a.png","image","png","5804727","0592c62abcb79706b7b85838492960ed8b7dda4f16707eb2a4b6c2bf29631206","authored-public-asset","1","services.html","","","","retain","repository evidence",""
"asset:assets/images/socialmedia/general-services-2b-mobile.png","asset","assets/images/socialmedia/general-services-2b-mobile.png","image","png","5876100","aa08d97fc302b8402e291394590d35b589d476950177f506ef1521b39b78b301","authored-public-asset","1","services.html","","","","retain","repository evidence",""
"asset:assets/images/socialmedia/general-services-2b.png","asset","assets/images/socialmedia/general-services-2b.png","image","png","5879759","a6c0100b746c2e418441041c639b6fe3842076c01d5a714dd587604ff9c70c84","authored-public-asset","1","services.html","","","","retain","repository evidence",""
"asset:assets/images/socialmedia/general-services-3-mobile.png","asset","assets/images/socialmedia/general-services-3-mobile.png","image","png","5628605","bd3e6e8ad71de9146d8ea85146c69815c9518824227bd0d29e10ffdf0fd5b694","authored-public-asset","1","services.html","","","","retain","repository evidence",""
"asset:assets/images/socialmedia/general-services-3.png","asset","assets/images/socialmedia/general-services-3.png","image","png","5685436","84bed38a3d6ebf09d08f1bba29a41647b3d291cce0d14327cec44863116224a3","authored-public-asset","1","services.html","","","","retain","repository evidence",""
"asset:assets/images/socialmedia/gyms-1-mobile.png","asset","assets/images/socialmedia/gyms-1-mobile.png","image","png","5366065","78eae6bf4dd878ffc4a970accaa9674daf9787cbd191c10ec89d13e64bdbe3bc","authored-public-asset","1","services/gyms-fitness-studios.html","","","","retain","repository evidence",""
"asset:assets/images/socialmedia/gyms-1.png","asset","assets/images/socialmedia/gyms-1.png","image","png","5747613","e4006c77b5bad4da699e39c04f14d28acc8e1a02a752f750e2fa1d8de83cb7b5","authored-public-asset","1","services/gyms-fitness-studios.html","","","","retain","repository evidence",""
"asset:assets/images/socialmedia/gyms-2-mobile.png","asset","assets/images/socialmedia/gyms-2-mobile.png","image","png","5699386","77a028c04a2da8da15894343dacd8f959c691420ddfc0bbb290a19fbfa616575","authored-public-asset","1","services/gyms-fitness-studios.html","","","","retain","repository evidence",""
"asset:assets/images/socialmedia/gyms-2.png","asset","assets/images/socialmedia/gyms-2.png","image","png","5712458","c1b1a96f14346b11f5eb41ba5d521a3e1579ceb0a4b8aa26deb64d6a4168d69c","authored-public-asset","1","services/gyms-fitness-studios.html","","","","retain","repository evidence",""
"asset:assets/images/socialmedia/gyms-3-mobile.png","asset","assets/images/socialmedia/gyms-3-mobile.png","image","png","5808950","551b00870d3902dcd58d8d5799dc2c4f851d3df438d4ec4e72154985eb6b715b","authored-public-asset","1","services/gyms-fitness-studios.html","","","","retain","repository evidence",""
"asset:assets/images/socialmedia/gyms-3.png","asset","assets/images/socialmedia/gyms-3.png","image","png","6218718","54b4612865e261ae70e033b71ba95f8f4ad1d060bc9964b22e1c24f0e8f250a8","authored-public-asset","1","services/gyms-fitness-studios.html","","","","retain","repository evidence",""
"asset:assets/images/socialmedia/onlinecoach-1-mobile.png","asset","assets/images/socialmedia/onlinecoach-1-mobile.png","image","png","5596992","b48e62ab9baaf87331afd2693747663a6a6ea2433ebd99049b764be3fa298ea9","authored-public-asset","1","services/fitness-coaches.html","","","","retain","repository evidence",""
"asset:assets/images/socialmedia/onlinecoach-1.png","asset","assets/images/socialmedia/onlinecoach-1.png","image","png","5636648","71f53096909adbdfb865412c2c6422922b445d6d088e5ed34733aab9011f104e","authored-public-asset","1","services/fitness-coaches.html","","","","retain","repository evidence",""
"asset:assets/images/socialmedia/onlinecoach-2-mobile.png","asset","assets/images/socialmedia/onlinecoach-2-mobile.png","image","png","5628509","1714593afcaa449bb160cf4e8f1659990cde9b510085af67c754d444f5154dcd","authored-public-asset","1","services/fitness-coaches.html","","","","retain","repository evidence",""
"asset:assets/images/socialmedia/onlinecoach-2.png","asset","assets/images/socialmedia/onlinecoach-2.png","image","png","5753227","ecbf3c4c12ec92d9e7ba9f5935af660dbeb7b6e41e1733d11a27ee2eb0979e8e","authored-public-asset","1","services/fitness-coaches.html","","","","retain","repository evidence",""
"asset:assets/images/socialmedia/onlinecoach-3-mobile.png","asset","assets/images/socialmedia/onlinecoach-3-mobile.png","image","png","5892645","8a39a87fa78aca88c47bb55c627c5ab81771a7865c1b67a7180f2f8be1bafafb","authored-public-asset","1","services/fitness-coaches.html","","","","retain","repository evidence",""
"asset:assets/images/socialmedia/onlinecoach-3.png","asset","assets/images/socialmedia/onlinecoach-3.png","image","png","5793957","f5785dd3ed08260db2358c966b7cd195dc9dc2fe4aaf21dcf268173f035b4819","authored-public-asset","1","services/fitness-coaches.html","","","","retain","repository evidence",""
"asset:assets/images/socialmedia/physio-1-mobile.png","asset","assets/images/socialmedia/physio-1-mobile.png","image","png","5640475","4debe09c428aa13be981fbad6099c5843b7982f978a9334c0c10ef6dad42d34c","authored-public-asset","1","services/physios-chiropractors.html","","","","retain","repository evidence",""
"asset:assets/images/socialmedia/physio-1.png","asset","assets/images/socialmedia/physio-1.png","image","png","5394523","5b6b7243cefd3821b51588d14f4582f33d31359fecb143ba04e0be53f432ef51","authored-public-asset","1","services/physios-chiropractors.html","","","","retain","repository evidence",""
"asset:assets/images/socialmedia/physio-3-mobile.png","asset","assets/images/socialmedia/physio-3-mobile.png","image","png","5509226","14fcacc1c1c0a7234da54b84784e62c7c30e8ca1db26a3b9e098c47f8c65cf07","authored-public-asset","1","services/physios-chiropractors.html","","","","retain","repository evidence",""
"asset:assets/images/socialmedia/physio-3.png","asset","assets/images/socialmedia/physio-3.png","image","png","5479326","6735681a923ff751f8f77fc7c5b57a16a6bc14e6bacbb56353cdc2e6d39f6f80","authored-public-asset","1","services/physios-chiropractors.html","","","","retain","repository evidence",""
"asset:assets/images/socialmedia/salon-2-mobile.png","asset","assets/images/socialmedia/salon-2-mobile.png","image","png","6410109","0bcc9585d4b88462695872568a67b70a8e4bb465f79571c4ab14f6c8a6394738","authored-public-asset","1","services/salons-barbers.html","","","","retain","repository evidence",""
"asset:assets/images/socialmedia/salon-2.png","asset","assets/images/socialmedia/salon-2.png","image","png","6362752","c3acce90d949317d246911074e6b4a687b34e2ffbf69bf302145ba819bd698bc","authored-public-asset","1","services/salons-barbers.html","","","","retain","repository evidence",""
"asset:assets/images/socialmedia/salon-3-mobile.png","asset","assets/images/socialmedia/salon-3-mobile.png","image","png","5923407","88a8bd9d4f3038741e42ac482268d6ccabf1fb3f1a09dae246f4fc3857ec6ff4","authored-public-asset","1","services/salons-barbers.html","","","","retain","repository evidence",""
"asset:assets/images/socialmedia/salon-3.png","asset","assets/images/socialmedia/salon-3.png","image","png","5845575","01c42436781ac264cea6e53b779dab9f7a12db2a6e2e247a2f33a8ebaacea17b","authored-public-asset","1","services/salons-barbers.html","","","","retain","repository evidence",""
"asset:assets/images/socialmedia/services_consulting.jpg","asset","assets/images/socialmedia/services_consulting.jpg","image","jpg","1049829","9196102b1bdcfd763cdbf94d643b1a0ee1997e88b31ff1221bbaa903e78dbd42","authored-public-asset","1","scripts/optimize-images.js","","","","retain","repository evidence",""
"asset:assets/images/socialmedia/services_consulting_mobile.jpg","asset","assets/images/socialmedia/services_consulting_mobile.jpg","image","jpg","6622931","7703e6d94d52d7eef25f47fab70ad56d18bb15f782462525ac2fc48f9f730a51","authored-public-asset","1","scripts/optimize-images.js","","","","retain","repository evidence",""
"asset:assets/images/socialmedia/services_data_integration.jpg","asset","assets/images/socialmedia/services_data_integration.jpg","image","jpg","946529","0f9b90f6b06c0ce687d589cd0beb308cf5aa9ab2ed2460edffb5f478e91bd4ce","authored-public-asset","1","scripts/optimize-images.js","","","","retain","repository evidence",""
"asset:assets/images/socialmedia/services_data_integration_mobile.jpg","asset","assets/images/socialmedia/services_data_integration_mobile.jpg","image","jpg","6496832","85fe13591cbef05522718a334533e2b1c5711c585f700a9a7b0d90e374a3bdd7","authored-public-asset","1","scripts/optimize-images.js","","","","retain","repository evidence",""
"asset:assets/images/socialmedia/services_lead_followup.jpg","asset","assets/images/socialmedia/services_lead_followup.jpg","image","jpg","1035557","0cd091165d0fd796f886bb9be19c7cf97716551f4dcd4c2560bea46d3cda0ef4","authored-public-asset","1","scripts/optimize-images.js","","","","retain","repository evidence",""
"asset:assets/images/socialmedia/services_lead_followup_mobile.jpg","asset","assets/images/socialmedia/services_lead_followup_mobile.jpg","image","jpg","6632939","8dded216c5c688f349c01f61d7c15390ef92d5c86854a3c0cd93d2513ffb976f","authored-public-asset","1","scripts/optimize-images.js","","","","retain","repository evidence",""
"asset:assets/images/socialmedia/services_workflow_automation.jpg","asset","assets/images/socialmedia/services_workflow_automation.jpg","image","jpg","1168679","7a0b29e4afebe08322af99a7b688571b744ab4f4e77d97e0402acf683725958a","authored-public-asset","1","scripts/optimize-images.js","","","","retain","repository evidence",""
"asset:assets/images/socialmedia/services_workflow_automation_mobile.jpg","asset","assets/images/socialmedia/services_workflow_automation_mobile.jpg","image","jpg","6844068","d14c751000ee843ebb775aed2f3d10cb6b92bf8fa5ff43ab63bd9ad8d86ef3f8","authored-public-asset","1","scripts/optimize-images.js","","","","retain","repository evidence",""
"asset:assets/images/socialmedia/silverstone_ whatsapp_qrcode.jpeg","asset","assets/images/socialmedia/silverstone_ whatsapp_qrcode.jpeg","image","jpeg","421524","e91956c609cbf447731c46b8e17659713082de9e0cbca99387bc79db586314bf","unreferenced","0","","","","","unresolved","repository evidence","unreferenced by scanned public pages/source; ownership unresolved"
"asset:assets/images/zip/.DS_Store","asset","assets/images/zip/.DS_Store","image","","6148","af70488780865ee54a930d74e1df25d788dd972e962a593505712a3526f72fe0","unreferenced","0","","","","","unresolved","repository evidence","unreferenced by scanned public pages/source; ownership unresolved"
"asset:assets/images/zip/ChatGPT_Image_Jun_19_2026_08_03_46_PM_1500x500.jpg","asset","assets/images/zip/ChatGPT_Image_Jun_19_2026_08_03_46_PM_1500x500.jpg","image","jpg","204404","d80989bce4dc82d7de8b0fcb9454a77f895c7487f97d3ebca69b06b1b22eb320","unreferenced","0","","","","","unresolved","repository evidence","unreferenced by scanned public pages/source; ownership unresolved"
"asset:assets/images/zip/Silverstone_04.jpg","asset","assets/images/zip/Silverstone_04.jpg","image","jpg","332139","483721a25d02b5cee965533a5a417ac9cf51791852724f4272f4f8d6036ec182","authored-public-asset","1","scripts/optimize-images.js","","","","retain","repository evidence",""
"asset:assets/images/zip/Silverstone_04.webp","asset","assets/images/zip/Silverstone_04.webp","image","webp","97708","686b067774fb76e78d3b7f5acd4cb5be7a55d14619785ae7b02f976d794a5bb2","unreferenced","0","","","","","unresolved","repository evidence","unreferenced by scanned public pages/source; ownership unresolved"
"asset:assets/images/zip/Silverstone_06.jpg","asset","assets/images/zip/Silverstone_06.jpg","image","jpg","529380","1fa7bd86afbb70d82ff2c8a7bb6b7a7bb964355a80b0025a150031b012afc256","authored-public-asset","1","scripts/optimize-images.js","","","","retain","repository evidence",""
"asset:assets/images/zip/Silverstone_06.webp","asset","assets/images/zip/Silverstone_06.webp","image","webp","190870","2ed4134244e4d3d721d56fa104348bddf609c3d1233c4f3695410068665659de","unreferenced","0","","","","","unresolved","repository evidence","unreferenced by scanned public pages/source; ownership unresolved"
"asset:assets/images/zip/Silverstone_22.jpg","asset","assets/images/zip/Silverstone_22.jpg","image","jpg","1073251","cd3458c200ec767ef217e984418aa8e155ba9742fdf2c694f3ac529b7e723fe1","authored-public-asset","1","scripts/optimize-images.js","","","","retain","repository evidence",""
"asset:assets/images/zip/Silverstone_27.jpg","asset","assets/images/zip/Silverstone_27.jpg","image","jpg","328789","466fe4843f5d55da5b4b7139b5899c483feff250e780e428c6ba69b22ecdd830","authored-public-asset","1","scripts/optimize-images.js","","","","retain","repository evidence",""
"asset:assets/images/zip/Silverstone_27.webp","asset","assets/images/zip/Silverstone_27.webp","image","webp","93822","a57272da93bbe5f58530757a00e3b7cf001bb01b151b46b4110f26b0acb6e8ed","unreferenced","0","","","","","unresolved","repository evidence","unreferenced by scanned public pages/source; ownership unresolved"
"asset:assets/images/zip/Silverstone_28.jpg","asset","assets/images/zip/Silverstone_28.jpg","image","jpg","1170695","78cc82b3a46f10b21fd2b71ece4242316f59c50298e685e3ac62b9a37b296e0e","authored-public-asset","1","scripts/optimize-images.js","","","","retain","repository evidence","byte-identical group (assets/images/email/Silverstone_28.jpeg | assets/images/zip/Silverstone_28.jpg); 1170695 bytes each"
"asset:assets/images/zip/derived/Silverstone_04-640.avif","asset","assets/images/zip/derived/Silverstone_04-640.avif","image","avif","16770","2b035d5dc12f2cea9456d879936e973bdb6880e5f6d88151b52c8298911abfbe","generated-derivative","1","about.html","","","","refactor","repository evidence",""
"asset:assets/images/zip/derived/Silverstone_04-640.jpg","asset","assets/images/zip/derived/Silverstone_04-640.jpg","image","jpg","27935","018d138135da485399f3882e6d84dd693da7a77ff12efa0663f7d916de672c9d","generated-derivative","1","about.html","","","","refactor","repository evidence",""
"asset:assets/images/zip/derived/Silverstone_04-640.webp","asset","assets/images/zip/derived/Silverstone_04-640.webp","image","webp","18218","97dbdb977a0cfb24991225020da0502bfc08d6e5eb70755e4d87d8afc97b3e84","generated-derivative","1","about.html","","","","refactor","repository evidence",""
"asset:assets/images/zip/derived/Silverstone_04-960.avif","asset","assets/images/zip/derived/Silverstone_04-960.avif","image","avif","29814","57d13fe2f75f5b85688cb75421858c06b063aca6962ba26460b995e83e0076b5","generated-derivative","1","about.html","","","","refactor","repository evidence",""
"asset:assets/images/zip/derived/Silverstone_04-960.jpg","asset","assets/images/zip/derived/Silverstone_04-960.jpg","image","jpg","54787","4ef2a8cd8127e5b845103c3414740c81dbe3573bb944af97dcf0c88215f755af","generated-derivative","1","about.html","","","","refactor","repository evidence",""
"asset:assets/images/zip/derived/Silverstone_04-960.webp","asset","assets/images/zip/derived/Silverstone_04-960.webp","image","webp","35594","8ae04de0cd7dc81a2cffe63e2d44af066f316362247d1114f24ad67cb16536f0","generated-derivative","1","about.html","","","","refactor","repository evidence",""
"asset:assets/images/zip/derived/Silverstone_06-640.avif","asset","assets/images/zip/derived/Silverstone_06-640.avif","image","avif","32473","082bca053011af81c02a72700adce1216c47714bc792d09020302ebf493747e5","generated-derivative","1","about.html","","","","refactor","repository evidence",""
"asset:assets/images/zip/derived/Silverstone_06-640.jpg","asset","assets/images/zip/derived/Silverstone_06-640.jpg","image","jpg","55152","0dba4e0e407e52b7d34501862821903f911ab5b67dc60e0061f4ef7a03ef14ee","generated-derivative","1","about.html","","","","refactor","repository evidence",""
"asset:assets/images/zip/derived/Silverstone_06-640.webp","asset","assets/images/zip/derived/Silverstone_06-640.webp","image","webp","38974","64e357a5350634a6a0537cfe55077525c2d7506d783799e31acf06fcafa7e3ba","generated-derivative","1","about.html","","","","refactor","repository evidence",""
"asset:assets/images/zip/derived/Silverstone_06-960.avif","asset","assets/images/zip/derived/Silverstone_06-960.avif","image","avif","55056","361bf608b0efacf835ae5b86800fafebb519f311795c542efe593774db439ea7","generated-derivative","1","about.html","","","","refactor","repository evidence",""
"asset:assets/images/zip/derived/Silverstone_06-960.jpg","asset","assets/images/zip/derived/Silverstone_06-960.jpg","image","jpg","107345","5969fb8f7a7a20f4fc1af87459a752c6e8759fdb378c9a0b80708c0f7663f03e","generated-derivative","1","about.html","","","","refactor","repository evidence",""
"asset:assets/images/zip/derived/Silverstone_06-960.webp","asset","assets/images/zip/derived/Silverstone_06-960.webp","image","webp","73040","49e1d09191a383f638a051b3a733ce9fc5a8563de54f77a89615d3b1be821677","generated-derivative","1","about.html","","","","refactor","repository evidence",""
"asset:assets/images/zip/derived/Silverstone_22-640.avif","asset","assets/images/zip/derived/Silverstone_22-640.avif","image","avif","12315","a702a1793e77a671e089e6ed1e595ba42091471e6b83fbc2fc76532832b832cf","generated-derivative","1","about.html","","","","refactor","repository evidence",""
"asset:assets/images/zip/derived/Silverstone_22-640.jpg","asset","assets/images/zip/derived/Silverstone_22-640.jpg","image","jpg","30573","e06332858fd3e53070b15e3aa6ec5bde3afa6e6296a116303feda5d2900335e4","generated-derivative","1","about.html","","","","refactor","repository evidence",""
"asset:assets/images/zip/derived/Silverstone_22-640.webp","asset","assets/images/zip/derived/Silverstone_22-640.webp","image","webp","16992","1462bce0617473e39eff0489036f94f86e3a0a2ecdab317c044e78eb9ae9d0a6","generated-derivative","1","about.html","","","","refactor","repository evidence",""
"asset:assets/images/zip/derived/Silverstone_22-960.avif","asset","assets/images/zip/derived/Silverstone_22-960.avif","image","avif","20239","f8816272549cf6dab1db703e635a94cf93a90fff3725a652f64522f9177cdd52","generated-derivative","1","about.html","","","","refactor","repository evidence",""
"asset:assets/images/zip/derived/Silverstone_22-960.jpg","asset","assets/images/zip/derived/Silverstone_22-960.jpg","image","jpg","57246","6bf53b32ce5b032c618c1212a73c36399d3dfc56de4d86e5d6af3c1802bb2e03","generated-derivative","1","about.html","","","","refactor","repository evidence",""
"asset:assets/images/zip/derived/Silverstone_22-960.webp","asset","assets/images/zip/derived/Silverstone_22-960.webp","image","webp","29426","f2ed46e45d1018b5782dd451c471ceb8f2f400214c543512d5cead688591d77a","generated-derivative","1","about.html","","","","refactor","repository evidence",""
"asset:assets/images/zip/derived/Silverstone_27-640.avif","asset","assets/images/zip/derived/Silverstone_27-640.avif","image","avif","18108","82d445ccc001535e4e88d2e2f94ced28bd75a75de0f9205dd465fb1ec2f93c44","generated-derivative","1","about.html","","","","refactor","repository evidence",""
"asset:assets/images/zip/derived/Silverstone_27-640.jpg","asset","assets/images/zip/derived/Silverstone_27-640.jpg","image","jpg","37786","0936ba1f0ed363990092565d55de7f2310eea411cf48dffc248264a20076d723","generated-derivative","1","about.html","","","","refactor","repository evidence",""
"asset:assets/images/zip/derived/Silverstone_27-640.webp","asset","assets/images/zip/derived/Silverstone_27-640.webp","image","webp","23664","8d9d477c30fe36c24a56bba5567ac857fed61df7f76a215e08ebcec0ab76259e","generated-derivative","1","about.html","","","","refactor","repository evidence",""
"asset:assets/images/zip/derived/Silverstone_27-960.avif","asset","assets/images/zip/derived/Silverstone_27-960.avif","image","avif","28847","c0fa64943a7d1b0851b557bc7436a8a5b3433528db1a2ba17035e01e66f18d47","generated-derivative","1","about.html","","","","refactor","repository evidence",""
"asset:assets/images/zip/derived/Silverstone_27-960.jpg","asset","assets/images/zip/derived/Silverstone_27-960.jpg","image","jpg","70240","389f1a177d1dca1a65692bc15e28ead9064d54db8de93a1a727f7d54417ad7d5","generated-derivative","1","about.html","","","","refactor","repository evidence",""
"asset:assets/images/zip/derived/Silverstone_27-960.webp","asset","assets/images/zip/derived/Silverstone_27-960.webp","image","webp","41404","222b7ebd90359969a3d63780cd0210cb5f4a5e1df4cc5dad9eb54f3a09501f74","generated-derivative","1","about.html","","","","refactor","repository evidence",""
"asset:assets/images/zip/derived/Silverstone_28-640.avif","asset","assets/images/zip/derived/Silverstone_28-640.avif","image","avif","17961","3a0a7e221f762204a31c8ce824bb0818d45a022354393adff97a1f16b5c8bf3f","generated-derivative","1","about.html","","","","refactor","repository evidence",""
"asset:assets/images/zip/derived/Silverstone_28-640.jpg","asset","assets/images/zip/derived/Silverstone_28-640.jpg","image","jpg","40977","6275b1f50152faabc89dc0f1f9b480e76af35539893553eb9135b30419c20374","generated-derivative","1","about.html","","","","refactor","repository evidence",""
"asset:assets/images/zip/derived/Silverstone_28-640.webp","asset","assets/images/zip/derived/Silverstone_28-640.webp","image","webp","25686","c16e665b99b863a9681a2e9a3752437d33d262bb5ef4a00e2ee593771334e4d2","generated-derivative","1","about.html","","","","refactor","repository evidence",""
"asset:assets/images/zip/derived/Silverstone_28-960.avif","asset","assets/images/zip/derived/Silverstone_28-960.avif","image","avif","29330","7b5c7f2ce481d6fdfbe6578b77cacc5ef1954c2a24d4c5002192c654ef20aba4","generated-derivative","1","about.html","","","","refactor","repository evidence",""
"asset:assets/images/zip/derived/Silverstone_28-960.jpg","asset","assets/images/zip/derived/Silverstone_28-960.jpg","image","jpg","76392","d607cfb189c09622956d47016b511488c8c0a4490de9d0e979472bcf3e3bc859","generated-derivative","1","about.html","","","","refactor","repository evidence",""
"asset:assets/images/zip/derived/Silverstone_28-960.webp","asset","assets/images/zip/derived/Silverstone_28-960.webp","image","webp","44750","da69e39ca4fced0d6af5bce05b9cdbfbfbea4c6d581767efb1ff46bbc1550056","generated-derivative","1","about.html","","","","refactor","repository evidence",""
"asset:assets/js/app.js","asset","assets/js/app.js","script","js","116348","4fae9dbe2eaf05c204f9c9419a56f1edc004f912808ee0f36a1c06c0c3ba0e8f","generated-bundle","58","about.html | blog/ai-appointment-reminders-uk-2026.html | blog/ai-automation-failures-uk-smes-2026.html | blog/ai-automation-uk-gdpr-2026-sme-guide.html | blog/ai-automations-physio-chiro-clinics-uk.html | blog/ai-booking-automation-uk-hospitality-2026.html | blog/ai-call-answering-trades-uk.html | blog/ai-document-automation-uk-smes-2026.html | blog/ai-etas-smart-scheduling-uk-trades-2026.html | blog/ai-guest-concierge-hotels-bbs-uk.html | blog/ai-lead-capture-trades-uk-2026.html | blog/ai-lead-capture-uk-trades-2026.html | blog/ai-lead-qualification-estate-agents-2026.html | blog/ai-lead-scoring-fitness-coaches-uk.html | blog/ai-missed-call-recovery-dentists-uk.html | blog/ai-no-show-reduction-uk-salons-barbers.html | blog/ai-quote-follow-up-trades.html | blog/ai-rebooking-journeys-salons-uk.html | blog/ai-receptionist-small-business-2026.html | blog/ai-receptionist-uk-costs-roi-2026.html | blog/ai-returns-triage-ecommerce-uk.html | blog/ai-viewing-feedback-estate-agents-uk.html | blog/ai-voice-agents-uk-smes-2026.html | blog/ai-website-tools-uk-small-businesses-2026.html | blog/ai-win-back-journeys-gyms-uk.html | blog/clinic-rebooking-physio-chiro-uk.html | blog/dental-intake-e-consent-automation-uk.html | blog/dental-recall-automation-uk-2026.html | blog/dm-to-client-automation-uk-fitness-coaches-2026.html | blog/estate-agent-viewing-confirmations-uk.html | blog/gym-booking-automation-uk-gyms-studios-2026.html | blog/post-purchase-automation-uk-ecommerce-repeat-customers.html | blog/quote-chase-automation-uk-trades-accepted-jobs-2026.html | blog/quote-follow-up-automation-uk-trades-2026.html | blog.html | book.html | codex/execplans/2026-03-13-mobile-ios-toolbar-parallax-fix.md | codex/execplans/2026-03-13-mobile-urlbar-overlay-removal.md | codex/execplans/2026-03-13-service-image-loading-elimination.md | codex/execplans/2026-03-16-pricing-widget-restoration.md | codex/execplans/2026-03-20-lightbox-open-lag-fix.md | codex/execplans/2026-03-23-desktop-body-background-marquee-timing.md | codex/execplans/2026-03-23-lightbox-single-source-sizing.md | contact.html | index.html | pricing.html | privacy-policy.html | scripts/build-js.js | services/dentists.html | services/ecommerce.html | services/estate-agents.html | services/fitness-coaches.html | services/gyms-fitness-studios.html | services/hospitality.html | services/physios-chiropractors.html | services/salons-barbers.html | services/trades.html | services.html","","","","discard","repository evidence","discard only generated output after replacement build is proven"
"asset:assets/js/pricing-widget.js","asset","assets/js/pricing-widget.js","script","js","316099","3d631089700aef2b5c09a541fd381ed67297c86dcfb85075dcaa286f07d96c6a","generated-bundle","12","codex/execplans/2026-03-16-pricing-widget-restoration.md | pricing-widget/rollup.config.js | pricing.html | services/dentists.html | services/ecommerce.html | services/estate-agents.html | services/fitness-coaches.html | services/gyms-fitness-studios.html | services/hospitality.html | services/physios-chiropractors.html | services/salons-barbers.html | services/trades.html","","","","discard","repository evidence","discard only generated output after replacement build is proven"
"asset:assets/logo/.DS_Store","asset","assets/logo/.DS_Store","public-asset","","6148","d65165279105ca6773180500688df4bdc69a2c7b771752f0a46ef120b7fd8ec3","unreferenced","0","","","","","unresolved","repository evidence","byte-identical group (assets/images/blog/.DS_Store | assets/logo/.DS_Store); 6148 bytes each; unreferenced by scanned public pages/source; ownership unresolved"
"asset:assets/logo/silverstone-logo-cropped-whitebg-v2.png","asset","assets/logo/silverstone-logo-cropped-whitebg-v2.png","public-asset","png","79366","709c5b9b1bbd74ff3e4797d9cf52475ab4070abd8d1b3ac77820ee3173324591","authored-public-asset","1","codex/execplans/2026-04-01-favicon-logo-migration.md","","","","retain","repository evidence","byte-identical group (assets/logo/silverstone-logo-cropped-whitebg-v2.png | assets/logo/silverstone-logo-cropped-whitebg-v2@2x.png); 79366 bytes each"
"asset:assets/logo/silverstone-logo-cropped-whitebg-v2@2x.png","asset","assets/logo/silverstone-logo-cropped-whitebg-v2@2x.png","public-asset","png","79366","709c5b9b1bbd74ff3e4797d9cf52475ab4070abd8d1b3ac77820ee3173324591","authored-public-asset","1","codex/execplans/2026-04-01-favicon-logo-migration.md","","","","retain","repository evidence","byte-identical group (assets/logo/silverstone-logo-cropped-whitebg-v2.png | assets/logo/silverstone-logo-cropped-whitebg-v2@2x.png); 79366 bytes each"
"asset:assets/logo/silverstone-logo-new.png","asset","assets/logo/silverstone-logo-new.png","public-asset","png","73576","b1323641f5b526b8dd1fc33fb2e1b08e34a8a60628b285270cdafc7212db1e8c","authored-public-asset","51","about.html | blog/ai-appointment-reminders-uk-2026.html | blog/ai-automation-failures-uk-smes-2026.html | blog/ai-automation-uk-gdpr-2026-sme-guide.html | blog/ai-automations-physio-chiro-clinics-uk.html | blog/ai-booking-automation-uk-hospitality-2026.html | blog/ai-call-answering-trades-uk.html | blog/ai-document-automation-uk-smes-2026.html | blog/ai-etas-smart-scheduling-uk-trades-2026.html | blog/ai-guest-concierge-hotels-bbs-uk.html | blog/ai-lead-capture-trades-uk-2026.html | blog/ai-lead-capture-uk-trades-2026.html | blog/ai-lead-qualification-estate-agents-2026.html | blog/ai-lead-scoring-fitness-coaches-uk.html | blog/ai-missed-call-recovery-dentists-uk.html | blog/ai-no-show-reduction-uk-salons-barbers.html | blog/ai-quote-follow-up-trades.html | blog/ai-rebooking-journeys-salons-uk.html | blog/ai-receptionist-small-business-2026.html | blog/ai-receptionist-uk-costs-roi-2026.html | blog/ai-returns-triage-ecommerce-uk.html | blog/ai-viewing-feedback-estate-agents-uk.html | blog/ai-voice-agents-uk-smes-2026.html | blog/ai-website-tools-uk-small-businesses-2026.html | blog/ai-win-back-journeys-gyms-uk.html | blog/clinic-rebooking-physio-chiro-uk.html | blog/dental-intake-e-consent-automation-uk.html | blog/dental-recall-automation-uk-2026.html | blog/dm-to-client-automation-uk-fitness-coaches-2026.html | blog/estate-agent-viewing-confirmations-uk.html | blog/gym-booking-automation-uk-gyms-studios-2026.html | blog/post-purchase-automation-uk-ecommerce-repeat-customers.html | blog/quote-chase-automation-uk-trades-accepted-jobs-2026.html | blog/quote-follow-up-automation-uk-trades-2026.html | blog.html | book.html | codex/execplans/2026-04-01-favicon-logo-migration.md | contact.html | index.html | pricing.html | privacy-policy.html | services/dentists.html | services/ecommerce.html | services/estate-agents.html | services/fitness-coaches.html | services/gyms-fitness-studios.html | services/hospitality.html | services/physios-chiropractors.html | services/salons-barbers.html | services/trades.html | services.html","","","","retain","repository evidence",""
"asset:assets/logo/silverstone-logo-new@2x.png","asset","assets/logo/silverstone-logo-new@2x.png","public-asset","png","262673","c9cd17c402c0d0f87efb8e508b9d45d02bd720e000ed0b3321e6435de768959b","authored-public-asset","51","about.html | blog/ai-appointment-reminders-uk-2026.html | blog/ai-automation-failures-uk-smes-2026.html | blog/ai-automation-uk-gdpr-2026-sme-guide.html | blog/ai-automations-physio-chiro-clinics-uk.html | blog/ai-booking-automation-uk-hospitality-2026.html | blog/ai-call-answering-trades-uk.html | blog/ai-document-automation-uk-smes-2026.html | blog/ai-etas-smart-scheduling-uk-trades-2026.html | blog/ai-guest-concierge-hotels-bbs-uk.html | blog/ai-lead-capture-trades-uk-2026.html | blog/ai-lead-capture-uk-trades-2026.html | blog/ai-lead-qualification-estate-agents-2026.html | blog/ai-lead-scoring-fitness-coaches-uk.html | blog/ai-missed-call-recovery-dentists-uk.html | blog/ai-no-show-reduction-uk-salons-barbers.html | blog/ai-quote-follow-up-trades.html | blog/ai-rebooking-journeys-salons-uk.html | blog/ai-receptionist-small-business-2026.html | blog/ai-receptionist-uk-costs-roi-2026.html | blog/ai-returns-triage-ecommerce-uk.html | blog/ai-viewing-feedback-estate-agents-uk.html | blog/ai-voice-agents-uk-smes-2026.html | blog/ai-website-tools-uk-small-businesses-2026.html | blog/ai-win-back-journeys-gyms-uk.html | blog/clinic-rebooking-physio-chiro-uk.html | blog/dental-intake-e-consent-automation-uk.html | blog/dental-recall-automation-uk-2026.html | blog/dm-to-client-automation-uk-fitness-coaches-2026.html | blog/estate-agent-viewing-confirmations-uk.html | blog/gym-booking-automation-uk-gyms-studios-2026.html | blog/post-purchase-automation-uk-ecommerce-repeat-customers.html | blog/quote-chase-automation-uk-trades-accepted-jobs-2026.html | blog/quote-follow-up-automation-uk-trades-2026.html | blog.html | book.html | codex/execplans/2026-04-01-favicon-logo-migration.md | contact.html | index.html | pricing.html | privacy-policy.html | services/dentists.html | services/ecommerce.html | services/estate-agents.html | services/fitness-coaches.html | services/gyms-fitness-studios.html | services/hospitality.html | services/physios-chiropractors.html | services/salons-barbers.html | services/trades.html | services.html","","","","retain","repository evidence",""
"asset:assets/logo/social-media-logo.jpeg","asset","assets/logo/social-media-logo.jpeg","public-asset","jpeg","33394","9c6dc9033940b55aa6d10e68c0ce9c4490e357b701902f9921010dcbad007b00","unreferenced","0","","","","","unresolved","repository evidence","unreferenced by scanned public pages/source; ownership unresolved"
"asset:assets/signature.png","asset","assets/signature.png","public-asset","png","110288","2ccd77a9e4621f52481086002885aaa342aba29fdef2874aef9a76a71ff18dfb","unreferenced","0","","","","","unresolved","repository evidence","unreferenced by scanned public pages/source; ownership unresolved"
"asset:assets/webfonts/fa-brands-400.ttf","asset","assets/webfonts/fa-brands-400.ttf","font","ttf","210792","808443ae6c8204395add8543da8a90a60b9376fb0f87ed8e8ea37d109596d805","copied-vendor","0","","","","","refactor","repository evidence",""
"asset:assets/webfonts/fa-brands-400.woff2","asset","assets/webfonts/fa-brands-400.woff2","font","woff2","110088","70c632ba73c7ad942141bb2f56994b8eddf0a284c01aab9f21e0cd10021530c4","copied-vendor","1","scripts/sync-fontawesome.js","","","","refactor","repository evidence",""
"asset:assets/webfonts/fa-regular-400.ttf","asset","assets/webfonts/fa-regular-400.ttf","font","ttf","68064","54cf6086f7bb21f9d072ad494a19b4681fa516dd0a14cee52da01d3651a913a3","copied-vendor","0","","","","","refactor","repository evidence",""
"asset:assets/webfonts/fa-regular-400.woff2","asset","assets/webfonts/fa-regular-400.woff2","font","woff2","18924","81aaa8342d90df0a3c0b87655e2c31a71941f0dd351fb9fb1ca5d692e744f6d0","copied-vendor","1","scripts/sync-fontawesome.js","","","","refactor","repository evidence",""
"asset:assets/webfonts/fa-solid-900.ttf","asset","assets/webfonts/fa-solid-900.ttf","font","ttf","426112","d2f0593540b0e33ba6de255a54f272d466e31144806956bea8cfdbf7edffc9bd","copied-vendor","0","","","","","refactor","repository evidence",""
"asset:assets/webfonts/fa-solid-900.woff2","asset","assets/webfonts/fa-solid-900.woff2","font","woff2","114740","ff58a6b0a01dbce082458f6e5a58719df4e80e0c2b50f744bb5871e21eca6878","copied-vendor","2","index.html | scripts/sync-fontawesome.js","","","","refactor","repository evidence",""
"asset:assets/webfonts/fa-v4compatibility.ttf","asset","assets/webfonts/fa-v4compatibility.ttf","font","ttf","10836","30f6abf6baa425825828793d6dfad1fb63765d0e5abaa7af6feafb9bfcece5a0","copied-vendor","0","","","","","refactor","repository evidence",""
"asset:assets/webfonts/fa-v4compatibility.woff2","asset","assets/webfonts/fa-v4compatibility.woff2","font","woff2","4032","4bad0278281153ad5354855ccfbc0674279ec47eff29b3d262c213478311cc52","copied-vendor","1","scripts/sync-fontawesome.js","","","","refactor","repository evidence",""
"asset:be41def3cc62428d99800b885d2d7a0f.txt","asset","be41def3cc62428d99800b885d2d7a0f.txt","public-asset","txt","33","d6bb9da3de05ba7f47eddbbb2908d043c93277ec59fdea840e62566f3a036fd4","unreferenced","0","","","","","unresolved","repository evidence","unreferenced by scanned public pages/source; ownership unresolved"
"asset:favicon-16x16.png","asset","favicon-16x16.png","public-asset","png","930","9ba63072ffefe7c767aa9df10e419228c5805a2b100b4f12f8bd408001b3f023","authored-public-asset","52","about.html | blog/ai-appointment-reminders-uk-2026.html | blog/ai-automation-failures-uk-smes-2026.html | blog/ai-automation-uk-gdpr-2026-sme-guide.html | blog/ai-automations-physio-chiro-clinics-uk.html | blog/ai-booking-automation-uk-hospitality-2026.html | blog/ai-call-answering-trades-uk.html | blog/ai-document-automation-uk-smes-2026.html | blog/ai-etas-smart-scheduling-uk-trades-2026.html | blog/ai-guest-concierge-hotels-bbs-uk.html | blog/ai-lead-capture-trades-uk-2026.html | blog/ai-lead-capture-uk-trades-2026.html | blog/ai-lead-qualification-estate-agents-2026.html | blog/ai-lead-scoring-fitness-coaches-uk.html | blog/ai-missed-call-recovery-dentists-uk.html | blog/ai-no-show-reduction-uk-salons-barbers.html | blog/ai-quote-follow-up-trades.html | blog/ai-rebooking-journeys-salons-uk.html | blog/ai-receptionist-small-business-2026.html | blog/ai-receptionist-uk-costs-roi-2026.html | blog/ai-returns-triage-ecommerce-uk.html | blog/ai-viewing-feedback-estate-agents-uk.html | blog/ai-voice-agents-uk-smes-2026.html | blog/ai-website-tools-uk-small-businesses-2026.html | blog/ai-win-back-journeys-gyms-uk.html | blog/clinic-rebooking-physio-chiro-uk.html | blog/dental-intake-e-consent-automation-uk.html | blog/dental-recall-automation-uk-2026.html | blog/dm-to-client-automation-uk-fitness-coaches-2026.html | blog/estate-agent-viewing-confirmations-uk.html | blog/gym-booking-automation-uk-gyms-studios-2026.html | blog/post-purchase-automation-uk-ecommerce-repeat-customers.html | blog/quote-chase-automation-uk-trades-accepted-jobs-2026.html | blog/quote-follow-up-automation-uk-trades-2026.html | blog.html | book.html | codex/execplans/2026-04-01-favicon-logo-migration.md | contact.html | index.html | pricing.html | privacy-policy.html | scripts/seo-audit.js | services/dentists.html | services/ecommerce.html | services/estate-agents.html | services/fitness-coaches.html | services/gyms-fitness-studios.html | services/hospitality.html | services/physios-chiropractors.html | services/salons-barbers.html | services/trades.html | services.html","","","","retain","repository evidence",""
"asset:favicon-32x32.png","asset","favicon-32x32.png","public-asset","png","2987","dafa3eb02d07b1b4623a19b080d40071537b25a10d94addf63f290e09fb83b5b","authored-public-asset","52","about.html | blog/ai-appointment-reminders-uk-2026.html | blog/ai-automation-failures-uk-smes-2026.html | blog/ai-automation-uk-gdpr-2026-sme-guide.html | blog/ai-automations-physio-chiro-clinics-uk.html | blog/ai-booking-automation-uk-hospitality-2026.html | blog/ai-call-answering-trades-uk.html | blog/ai-document-automation-uk-smes-2026.html | blog/ai-etas-smart-scheduling-uk-trades-2026.html | blog/ai-guest-concierge-hotels-bbs-uk.html | blog/ai-lead-capture-trades-uk-2026.html | blog/ai-lead-capture-uk-trades-2026.html | blog/ai-lead-qualification-estate-agents-2026.html | blog/ai-lead-scoring-fitness-coaches-uk.html | blog/ai-missed-call-recovery-dentists-uk.html | blog/ai-no-show-reduction-uk-salons-barbers.html | blog/ai-quote-follow-up-trades.html | blog/ai-rebooking-journeys-salons-uk.html | blog/ai-receptionist-small-business-2026.html | blog/ai-receptionist-uk-costs-roi-2026.html | blog/ai-returns-triage-ecommerce-uk.html | blog/ai-viewing-feedback-estate-agents-uk.html | blog/ai-voice-agents-uk-smes-2026.html | blog/ai-website-tools-uk-small-businesses-2026.html | blog/ai-win-back-journeys-gyms-uk.html | blog/clinic-rebooking-physio-chiro-uk.html | blog/dental-intake-e-consent-automation-uk.html | blog/dental-recall-automation-uk-2026.html | blog/dm-to-client-automation-uk-fitness-coaches-2026.html | blog/estate-agent-viewing-confirmations-uk.html | blog/gym-booking-automation-uk-gyms-studios-2026.html | blog/post-purchase-automation-uk-ecommerce-repeat-customers.html | blog/quote-chase-automation-uk-trades-accepted-jobs-2026.html | blog/quote-follow-up-automation-uk-trades-2026.html | blog.html | book.html | codex/execplans/2026-04-01-favicon-logo-migration.md | contact.html | index.html | pricing.html | privacy-policy.html | scripts/seo-audit.js | services/dentists.html | services/ecommerce.html | services/estate-agents.html | services/fitness-coaches.html | services/gyms-fitness-studios.html | services/hospitality.html | services/physios-chiropractors.html | services/salons-barbers.html | services/trades.html | services.html","","","","retain","repository evidence",""
"asset:favicon.ico","asset","favicon.ico","public-asset","ico","34494","59efce1a186684ce1f5738f449fd178e8fe588edf929d944a9f35385fed60663","authored-public-asset","52","about.html | blog/ai-appointment-reminders-uk-2026.html | blog/ai-automation-failures-uk-smes-2026.html | blog/ai-automation-uk-gdpr-2026-sme-guide.html | blog/ai-automations-physio-chiro-clinics-uk.html | blog/ai-booking-automation-uk-hospitality-2026.html | blog/ai-call-answering-trades-uk.html | blog/ai-document-automation-uk-smes-2026.html | blog/ai-etas-smart-scheduling-uk-trades-2026.html | blog/ai-guest-concierge-hotels-bbs-uk.html | blog/ai-lead-capture-trades-uk-2026.html | blog/ai-lead-capture-uk-trades-2026.html | blog/ai-lead-qualification-estate-agents-2026.html | blog/ai-lead-scoring-fitness-coaches-uk.html | blog/ai-missed-call-recovery-dentists-uk.html | blog/ai-no-show-reduction-uk-salons-barbers.html | blog/ai-quote-follow-up-trades.html | blog/ai-rebooking-journeys-salons-uk.html | blog/ai-receptionist-small-business-2026.html | blog/ai-receptionist-uk-costs-roi-2026.html | blog/ai-returns-triage-ecommerce-uk.html | blog/ai-viewing-feedback-estate-agents-uk.html | blog/ai-voice-agents-uk-smes-2026.html | blog/ai-website-tools-uk-small-businesses-2026.html | blog/ai-win-back-journeys-gyms-uk.html | blog/clinic-rebooking-physio-chiro-uk.html | blog/dental-intake-e-consent-automation-uk.html | blog/dental-recall-automation-uk-2026.html | blog/dm-to-client-automation-uk-fitness-coaches-2026.html | blog/estate-agent-viewing-confirmations-uk.html | blog/gym-booking-automation-uk-gyms-studios-2026.html | blog/post-purchase-automation-uk-ecommerce-repeat-customers.html | blog/quote-chase-automation-uk-trades-accepted-jobs-2026.html | blog/quote-follow-up-automation-uk-trades-2026.html | blog.html | book.html | codex/execplans/2026-04-01-favicon-logo-migration.md | contact.html | index.html | pricing.html | privacy-policy.html | scripts/seo-audit.js | services/dentists.html | services/ecommerce.html | services/estate-agents.html | services/fitness-coaches.html | services/gyms-fitness-studios.html | services/hospitality.html | services/physios-chiropractors.html | services/salons-barbers.html | services/trades.html | services.html","","","","retain","repository evidence",""
"asset:silverstone_whatsapp_qrcode.webp","asset","silverstone_whatsapp_qrcode.webp","public-asset","webp","244350","19e99236c613abd78f1d70deb916fa71f47a67672b8e2637d9f91e138ddc44b6","unreferenced","0","","","","","unresolved","repository evidence","unreferenced by scanned public pages/source; ownership unresolved"
"asset:site.webmanifest","asset","site.webmanifest","manifest","webmanifest","388","79ea5536d480e5df276506de6dd67259bbc5b0fc05045240cd2a072a57474f2b","authored-public-asset","53","about.html | blog/ai-appointment-reminders-uk-2026.html | blog/ai-automation-failures-uk-smes-2026.html | blog/ai-automation-uk-gdpr-2026-sme-guide.html | blog/ai-automations-physio-chiro-clinics-uk.html | blog/ai-booking-automation-uk-hospitality-2026.html | blog/ai-call-answering-trades-uk.html | blog/ai-document-automation-uk-smes-2026.html | blog/ai-etas-smart-scheduling-uk-trades-2026.html | blog/ai-guest-concierge-hotels-bbs-uk.html | blog/ai-lead-capture-trades-uk-2026.html | blog/ai-lead-capture-uk-trades-2026.html | blog/ai-lead-qualification-estate-agents-2026.html | blog/ai-lead-scoring-fitness-coaches-uk.html | blog/ai-missed-call-recovery-dentists-uk.html | blog/ai-no-show-reduction-uk-salons-barbers.html | blog/ai-quote-follow-up-trades.html | blog/ai-rebooking-journeys-salons-uk.html | blog/ai-receptionist-small-business-2026.html | blog/ai-receptionist-uk-costs-roi-2026.html | blog/ai-returns-triage-ecommerce-uk.html | blog/ai-viewing-feedback-estate-agents-uk.html | blog/ai-voice-agents-uk-smes-2026.html | blog/ai-website-tools-uk-small-businesses-2026.html | blog/ai-win-back-journeys-gyms-uk.html | blog/clinic-rebooking-physio-chiro-uk.html | blog/dental-intake-e-consent-automation-uk.html | blog/dental-recall-automation-uk-2026.html | blog/dm-to-client-automation-uk-fitness-coaches-2026.html | blog/estate-agent-viewing-confirmations-uk.html | blog/gym-booking-automation-uk-gyms-studios-2026.html | blog/post-purchase-automation-uk-ecommerce-repeat-customers.html | blog/quote-chase-automation-uk-trades-accepted-jobs-2026.html | blog/quote-follow-up-automation-uk-trades-2026.html | blog.html | book.html | codex/execplans/2026-03-20-page-title-metadata-refresh.md | codex/execplans/2026-04-01-favicon-logo-migration.md | contact.html | index.html | pricing.html | privacy-policy.html | scripts/seo-audit.js | services/dentists.html | services/ecommerce.html | services/estate-agents.html | services/fitness-coaches.html | services/gyms-fitness-studios.html | services/hospitality.html | services/physios-chiropractors.html | services/salons-barbers.html | services/trades.html | services.html","","","","retain","repository evidence",""
"integration:resend-contact-email","integration","resend-contact-email","serverless-email","","","","integration-contract","3","contact.html | src/js/contact-form.js | netlify/functions/send-email.js","POST JSON {name,email,message} to /.netlify/functions/send-email; Resend API; CONTACT_TO/CONTACT_FROM defaults; Reply-To visitor","RESEND_API_KEY; optional CONTACT_TO; optional CONTACT_FROM","sends email","rewrite","repository evidence",""
"integration:calendly-30min","integration","calendly-30min","booking","","","","integration-contract","1","book.html","Inline widget https://calendly.com/silverstone-ai/30min with hidden landing/event details and #00FF9D primary colour","","booking only after visitor interaction","refactor","repository evidence + live browser",""
"integration:google-analytics","integration","google-analytics","analytics","","","","integration-contract","48","index.html | about.html | services.html | pricing.html | blog.html | book.html | contact.html | privacy-policy.html | services/dentists.html | services/ecommerce.html | services/estate-agents.html | services/fitness-coaches.html | services/gyms-fitness-studios.html | services/hospitality.html | services/physios-chiropractors.html | services/salons-barbers.html | services/trades.html | blog/ai-appointment-reminders-uk-2026.html | blog/ai-automation-failures-uk-smes-2026.html | blog/ai-automation-uk-gdpr-2026-sme-guide.html | blog/ai-automations-physio-chiro-clinics-uk.html | blog/ai-booking-automation-uk-hospitality-2026.html | blog/ai-call-answering-trades-uk.html | blog/ai-document-automation-uk-smes-2026.html | blog/ai-etas-smart-scheduling-uk-trades-2026.html | blog/ai-guest-concierge-hotels-bbs-uk.html | blog/ai-lead-capture-uk-trades-2026.html | blog/ai-lead-qualification-estate-agents-2026.html | blog/ai-lead-scoring-fitness-coaches-uk.html | blog/ai-missed-call-recovery-dentists-uk.html | blog/ai-no-show-reduction-uk-salons-barbers.html | blog/ai-rebooking-journeys-salons-uk.html | blog/ai-receptionist-small-business-2026.html | blog/ai-receptionist-uk-costs-roi-2026.html | blog/ai-returns-triage-ecommerce-uk.html | blog/ai-viewing-feedback-estate-agents-uk.html | blog/ai-voice-agents-uk-smes-2026.html | blog/ai-website-tools-uk-small-businesses-2026.html | blog/ai-win-back-journeys-gyms-uk.html | blog/clinic-rebooking-physio-chiro-uk.html | blog/dental-intake-e-consent-automation-uk.html | blog/dental-recall-automation-uk-2026.html | blog/dm-to-client-automation-uk-fitness-coaches-2026.html | blog/estate-agent-viewing-confirmations-uk.html | blog/gym-booking-automation-uk-gyms-studios-2026.html | blog/post-purchase-automation-uk-ecommerce-repeat-customers.html | blog/quote-chase-automation-uk-trades-accepted-jobs-2026.html | blog/quote-follow-up-automation-uk-trades-2026.html","gtag.js measurement ID G-7GT6DQKTT5 loaded in page head","","analytics beacon on page load","rewrite","repository evidence",""
"integration:cookie-consent","integration","cookie-consent","consent","","","","integration-contract","2","src/js/cookie-consent.js | src/css/components/cookie-banner.css","Stores accepted/declined in localStorage and cookie; currently does not gate analytics loading","","writes browser storage/cookie","rewrite","repository evidence",""
"integration:google-maps","integration","google-maps","map","","","","integration-contract","1","contact.html","Embedded iframe for 4 Deacon Street, London SE17 1GE","","third-party iframe request","refactor","repository evidence",""
"integration:indexnow","integration","indexnow","search-indexing","","","","integration-contract","4","scripts/indexnow-submit.js | plugins/netlify-plugin-indexnow/index.js | netlify.toml | be41def3cc62428d99800b885d2d7a0f.txt","Production Netlify onSuccess plugin submits changed canonical URLs; root key file","","production IndexNow submission after successful deploy","refactor","repository evidence",""
"integration:netlify-static-functions","integration","netlify-static-functions","hosting","","","","integration-contract","2","netlify.toml | netlify/functions/send-email.js","Publish repository root after build and sitemap generation; functions directory netlify/functions","deployment-side environment variables","deployment/runtime hosting","rewrite","repository evidence",""
"integration:pricing-react-widget","integration","pricing-react-widget","embedded-react","","","","integration-contract","5","pricing-widget/src/PricingWidget.jsx | pricing-widget/src/embed.jsx | pricing-widget/src/pricing-copy-map.json | assets/js/pricing-widget.js | assets/css/pricing-widget.css","React 18 widget auto-mounts into .ss-pricing nodes using data-ss-pricing-page and data-ss-pricing-section","","client rendering only","refactor","repository evidence",""
"integration:parallax-runtime","integration","parallax-runtime","visual-runtime","","","","integration-contract","3","src/js/mobile-parallax.js | src/js/hero-parallax.js | src/css/sections/parallax.css","Fixed background parallax on desktop; staged background layers on mobile; reduced-motion support","","scroll and resize listeners; DOM layers","retain","repository evidence","must remain functional on mobile and desktop"
"integration:hero-shader","integration","hero-shader","visual-runtime","","","","integration-contract","2","src/js/hero-shader.js | src/css/sections/hero.css","WebGL/canvas shader rendered on 17 routes with static presentation fallback","","GPU/canvas rendering","retain","repository evidence","preserve observable visual behavior during transformation"
"integration:image-pipeline","integration","image-pipeline","build","","","","integration-contract","2","scripts/optimize-images.js | assets/images","Sharp generates JPG/WebP/AVIF derivatives at configured widths from source images","","writes generated image derivatives during build","rewrite","repository evidence","24 expected derivatives absent; 12 blog_39 outputs differ; blog_1 sources share an output basename"
"integration:seo-sitemap-pipeline","integration","seo-sitemap-pipeline","seo-build","","","","integration-contract","5","scripts/seo-inventory.js | scripts/generate-sitemaps.js | scripts/seo-audit.js | sitemap.xml | robots.txt","50 canonical indexable pages feed sitemap generation and audit; Git dates feed lastmod","","writes sitemap.xml during build","refactor","repository evidence","committed sitemap has correct URL set but all 50 lastmod values are stale"
