"claim_id","route_path","source_file","block_order","categories","claim_text","evidence_status","source_evidence","recommended_action"
"claim-c269ec0b9b118162","/","index.html","4","pricing","Start with the page that matches what you need: background, services, pricing, guides, booking, or direct contact.","proof-required","legacy source only","Retain as source copy; verify, qualify or remove during editorial review."
"claim-c1d2acbe6c4e86f6","/","index.html","7","pricing","03 Pricing Compare flagship packs, industry bundles, and smaller fixes before you book.","proof-required","legacy source only","Retain as source copy; verify, qualify or remove during editorial review."
"claim-387a258c8ee722ae","/","index.html","9","ranking","05 Book Book a free automation audit when you want the fastest route to a first win.","proof-required","legacy source only","Retain as source copy; verify, qualify or remove during editorial review."
"claim-1159cad89f6ef281","/","index.html","42","metric","Many small businesses reclaim 8–15 hours per week once key processes are automated.","proof-required","legacy source only","Retain as source copy; verify, qualify or remove during editorial review."
"claim-9184e079a606ce4c","/","index.html","49","guarantee-or-absolute","Compare every automation pack before you book.","proof-required","legacy source only","Retain as source copy; verify, qualify or remove during editorial review."
"claim-da3d5a5d622b5ce0","/","index.html","51","pricing","View Full Pricing","proof-required","legacy source only","Retain as source copy; verify, qualify or remove during editorial review."
"claim-bb3249d9a73637f0","/","index.html","58","pricing","Most projects start with a one-time setup fee plus monthly support. You can now review representative pricing across flagship packs, industry bundles, and smaller modules on our pricing page, then book an audit for a scoped recommendation.","proof-required","legacy source only","Retain as source copy; verify, qualify or remove during editorial review."
"claim-2b7dd5b2d900ac66","/","index.html","67","ranking","Book a short audit to see what to fix first and where the fastest ROI sits.","proof-required","legacy source only","Retain as source copy; verify, qualify or remove during editorial review."
"claim-049d35bacfa824c5","/about","about.html","3","guarantee-or-absolute","Silverstone AI helps UK small businesses run with the clarity, consistency, and commercial control of a much larger team. We design practical automation around the way your people already work, so every workflow feels measured, brand-safe, and immediately useful rather than bolted on for the sake of novelty.","proof-required","legacy source only","Retain as source copy; verify, qualify or remove during editorial review."
"claim-e9fe32f3d80b575e","/about","about.html","6","guarantee-or-absolute","The principles that guide every project and partnership.","proof-required","legacy source only","Retain as source copy; verify, qualify or remove during editorial review."
"claim-fe4abb12def519fc","/about","about.html","17","guarantee-or-absolute","Today, we partner closely with clients across industries - from professional services and manufacturing to retail and healthcare - to identify bottlenecks, remove friction and implement smart systems that work seamlessly together. Our bespoke approach ensures that every solution fits your business like a glove, delivering measurable results and empowering your people.","proof-required","legacy source only","Retain as source copy; verify, qualify or remove during editorial review."
"claim-5c75d4019fa872d8","/services","services.html","1","pricing","Open your industry page, compare the relevant pack, then move into pricing when you want exact numbers.","proof-required","legacy source only","Retain as source copy; verify, qualify or remove during editorial review."
"claim-7224772e4ef8e47c","/services","services.html","4","pricing","Move from the overview into the right industry page, then into pricing.","proof-required","legacy source only","Retain as source copy; verify, qualify or remove during editorial review."
"claim-6d3fc9a4abaa8fe6","/services","services.html","8","pricing","03 Pricing Compare the exact module and bundle options in the atlas.","proof-required","legacy source only","Retain as source copy; verify, qualify or remove during editorial review."
"claim-2782c1ce5221049f","/services","services.html","11","ranking","Each page gives you the most relevant pack, supporting guides, and a short explanation of where automation pays back fastest.","proof-required","legacy source only","Retain as source copy; verify, qualify or remove during editorial review."
"claim-3837876f9121a8ab","/services","services.html","27","ranking","Choose an industry pack or start with a general automation block. Everything is designed to sit on top of your existing tools - not replace them.","proof-required","legacy source only","Retain as source copy; verify, qualify or remove during editorial review."
"claim-704872d5ceb23915","/services","services.html","30","guarantee-or-absolute","What every pack includes","proof-required","legacy source only","Retain as source copy; verify, qualify or remove during editorial review."
"claim-b2fc0d44a834878e","/services","services.html","31","guarantee-or-absolute","Always-on enquiry capture across web, messaging, and phone where relevant.","proof-required","legacy source only","Retain as source copy; verify, qualify or remove during editorial review."
"claim-47386bf21e6de410","/services","services.html","43","ranking","We start with the fastest win, then expand only when it is working.","proof-required","legacy source only","Retain as source copy; verify, qualify or remove during editorial review."
"claim-0cf847ec068ac389","/services","services.html","61","timeline","We capture only what is needed and work within sensible data-protection practices.","proof-required","legacy source only","Retain as source copy; verify, qualify or remove during editorial review."
"claim-8210a0210b01f7fb","/services","services.html","62","guarantee-or-absolute","See every Silverstone AI pack, module, and industry price on one page.","proof-required","legacy source only","Retain as source copy; verify, qualify or remove during editorial review."
"claim-700f13c46ba5ce6c","/services","services.html","63","pricing","Compare flagship systems, smaller fixes, and industry-specific bundles before you book, so pricing intent moves cleanly into the right solution.","proof-required","legacy source only","Retain as source copy; verify, qualify or remove during editorial review."
"claim-4dc01faa8316730e","/services","services.html","64","pricing","View Full Pricing","proof-required","legacy source only","Retain as source copy; verify, qualify or remove during editorial review."
"claim-e5f76690758c9b49","/services","services.html","67","pricing | guarantee-or-absolute","Start with the highlighted guides below, then open the full blog library for every industry article, pricing question, and rollout guide.","proof-required","legacy source only","Retain as source copy; verify, qualify or remove during editorial review."
"claim-c290de0de97333d8","/services","services.html","68","timeline","24/7 guest concierge for hotels and B&Bs","proof-required","legacy source only","Retain as source copy; verify, qualify or remove during editorial review."
"claim-5b91f71d9774409c","/services","services.html","72","ranking","No. Like the industry packs, general services are designed to sit on top of the systems you already use. Where direct integration is possible we connect it; where it is not, we design simple handovers that still keep your data accurate.","proof-required","legacy source only","Retain as source copy; verify, qualify or remove during editorial review."
"claim-6a883f30a8dc658b","/services","services.html","76","timeline","Yes. We follow sensible data-protection practices, capture only what is genuinely needed, and keep data within tools you are comfortable using. You control what is stored, who can access it, and what is passed into other systems.","proof-required","legacy source only","Retain as source copy; verify, qualify or remove during editorial review."
"claim-5db16e6f369038ec","/services","services.html","78","ranking","Find the one workflow that will pay back fastest.","proof-required","legacy source only","Retain as source copy; verify, qualify or remove during editorial review."
"claim-c64b94eb58d1d0bd","/services","services.html","79","ranking","In a focused 30-minute audit, we pinpoint where slow response, weak follow-up, or manual admin is leaking the most revenue, then map the fastest route to a practical first win.","proof-required","legacy source only","Retain as source copy; verify, qualify or remove during editorial review."
"claim-8dce607d6c68a8a8","/pricing","pricing.html","1","pricing","Compare starter packs, industry atlases, and monthly retainers before you book an audit.","proof-required","legacy source only","Retain as source copy; verify, qualify or remove during editorial review."
"claim-32852eb1189a5eb0","/pricing","pricing.html","3","pricing","Jump to the pricing atlas","proof-required","legacy source only","Retain as source copy; verify, qualify or remove during editorial review."
"claim-8e69871684a00f69","/pricing","pricing.html","4","ranking | guarantee-or-absolute","Choose the fastest-fit pack, then compare every industry.","proof-required","legacy source only","Retain as source copy; verify, qualify or remove during editorial review."
"claim-11a7b67de0174c04","/pricing","pricing.html","5","ranking | guarantee-or-absolute","Use the industry selector for the fastest route to ROI, or the atlas below to compare every starter pack, module, and premium build.","proof-required","legacy source only","Retain as source copy; verify, qualify or remove during editorial review."
"claim-b919852e351d3c7c","/pricing","pricing.html","6","pricing","Pricing FAQs for UK small businesses","proof-required","legacy source only","Retain as source copy; verify, qualify or remove during editorial review."
"claim-614e3952d62ecd49","/pricing","pricing.html","7","pricing","The setup fee covers the build, integrations, testing, and launch. The monthly retainer covers monitoring, support, iteration, and the live automation layer.","proof-required","legacy source only","Retain as source copy; verify, qualify or remove during editorial review."
"claim-d7e3f5f44e0eff1b","/pricing","pricing.html","8","ranking","Start with a flagship pack if you want the fastest route to a complete workflow. Use the industry atlas if you need a smaller fix first or want to compare multiple options.","proof-required","legacy source only","Retain as source copy; verify, qualify or remove during editorial review."
"claim-f2892835edd33a4a","/pricing","pricing.html","10","ranking","We review your current bottlenecks, identify the highest-value workflow to automate first, and recommend the pack or module that fits your stage, team, and tools.","proof-required","legacy source only","Retain as source copy; verify, qualify or remove during editorial review."
"claim-ca0c3e71c4d4a707","/pricing","pricing.html","11","timeline","Most focused systems go live within one to two weeks after the audit, depending on your stack, approvals, and the number of moving parts.","proof-required","legacy source only","Retain as source copy; verify, qualify or remove during editorial review."
"claim-c1d6b19c4f83f9a4","/pricing","pricing.html","13","ranking","In a focused 30-minute audit, we show which pack or module matches your current revenue leak, where a smaller starting scope makes sense, and what to launch first for the fastest payback.","proof-required","legacy source only","Retain as source copy; verify, qualify or remove during editorial review."
"claim-f9e941d77e0949cc","/blog","blog.html","6","ranking","Each page gives you the most relevant pack, supporting guides, and a short explanation of where automation pays back fastest.","proof-required","legacy source only","Retain as source copy; verify, qualify or remove during editorial review."
"claim-815a7d31a2e92a3c","/blog","blog.html","56","timeline","How UK hotels and B&Bs can install a 24/7 AI guest‑concierge: a 90‑day checklist, costs and data‑risk","proof-required","legacy source only","Retain as source copy; verify, qualify or remove during editorial review."
"claim-64b47b6527bccc14","/blog","blog.html","57","timeline","A step‑by‑step 90‑day guide for UK hotels and B&Bs to deploy a 24/7 AI guest‑concierge, with costs, KPI guidance and a compact GDPR checklist to run a safe pilot.","proof-required","legacy source only","Retain as source copy; verify, qualify or remove during editorial review."
"claim-520c9ef33989c3be","/blog","blog.html","58","timeline","‑day pilot checklist and KPIs. A step‑by‑step 90‑day guide for UK hotels and B&Bs to deploy a 24/7 AI guest‑concierge, with costs, KPI guidance and a compact GDPR checklist to","proof-required","legacy source only","Retain as source copy; verify, qualify or remove during editorial review."
"claim-ce7b14113055d536","/blog","blog.html","66","metric | timeline","–60 day rollout plus free 30‑minute audit","proof-required","legacy source only","Retain as source copy; verify, qualify or remove during editorial review."
"claim-7506e33e3784f5b2","/blog","blog.html","78","ranking","Prioritise the highest-ROI flows first, keep UK GDPR and ICO rules in view, and connect Shopify, Klaviyo, and support tools cleanly.","proof-required","legacy source only","Retain as source copy; verify, qualify or remove during editorial review."
"claim-b0668d4d98829125","/blog","blog.html","84","guarantee-or-absolute","Quote Follow-Up Automation for UK Trades: Win More Jobs Without Chasing Every Lead Yourself","proof-required","legacy source only","Retain as source copy; verify, qualify or remove during editorial review."
"claim-e9f46e4122be95ce","/blog","blog.html","86","metric | timeline","Understand how to roll out follow-up automation in 30 days with sensible messaging, clear handoff rules, and UK GDPR-aware customer communication.","proof-required","legacy source only","Retain as source copy; verify, qualify or remove during editorial review."
"claim-d580c8dbdb06a7bd","/blog","blog.html","106","timeline","Why missed calls during peak service quietly cost hospitality venues high-value bookings that often move elsewhere within minutes.","proof-required","legacy source only","Retain as source copy; verify, qualify or remove during editorial review."
"claim-01905e10d13dbcb5","/blog","blog.html","130","guarantee-or-absolute","Why missed-call coverage matters when every unanswered enquiry can become lost revenue.","proof-required","legacy source only","Retain as source copy; verify, qualify or remove during editorial review."
"claim-f22f6d40a9f0a7ce","/blog","blog.html","134","ranking","Why the strongest rollouts start with one bottleneck like after-hours enquiries or booking friction.","proof-required","legacy source only","Retain as source copy; verify, qualify or remove during editorial review."
"claim-81518042a6d7430f","/blog","blog.html","138","pricing","Where genuine human review lowers risk in pricing, recruitment, and service-access decisions.","proof-required","legacy source only","Retain as source copy; verify, qualify or remove during editorial review."
"claim-51f3ce5851b6ad74","/blog","blog.html","142","ranking","Why repetitive document-heavy admin is often the fastest place to win back team time.","proof-required","legacy source only","Retain as source copy; verify, qualify or remove during editorial review."
"claim-0ba072f299fa5298","/blog","blog.html","144","ranking","AI Receptionist for Small Business in 2026: Why the Best First AI Project Is Your Front Desk","proof-required","legacy source only","Retain as source copy; verify, qualify or remove during editorial review."
"claim-bb299a25f91a43a4","/book","book.html","1","ranking","Share a few details and we’ll use the call to spot the best first automation move.","proof-required","legacy source only","Retain as source copy; verify, qualify or remove during editorial review."
"claim-01f8017b38fc9760","/services/dentists","services/dentists.html","36","timeline","We work within your existing consent processes and respect patients’ communication preferences.","proof-required","legacy source only","Retain as source copy; verify, qualify or remove during editorial review."
"claim-7d849e2ecd919cfe","/services/dentists","services/dentists.html","53","pricing","See dental pricing","proof-required","legacy source only","Retain as source copy; verify, qualify or remove during editorial review."
"claim-fe9baa1c6f2e206b","/services/ecommerce","services/ecommerce.html","28","ranking","Identify the highest-impact journeys to build first, such as abandoned carts and post-purchase sequences.","proof-required","legacy source only","Retain as source copy; verify, qualify or remove during editorial review."
"claim-0750f044763348cb","/services/ecommerce","services/ecommerce.html","41","pricing","Clear scope and pricing","proof-required","legacy source only","Retain as source copy; verify, qualify or remove during editorial review."
"claim-3276324ffe6a667e","/services/ecommerce","services/ecommerce.html","42","pricing","Clear pricing and scoped deliverables mean you know exactly what you are getting.","proof-required","legacy source only","Retain as source copy; verify, qualify or remove during editorial review."
"claim-10871280bc744082","/services/ecommerce","services/ecommerce.html","53","pricing","See eCommerce pricing","proof-required","legacy source only","Retain as source copy; verify, qualify or remove during editorial review."
"claim-472d1f468c200e1b","/services/estate-agents","services/estate-agents.html","5","guarantee-or-absolute","See the ‘Never Miss a Viewing’ Pack","proof-required","legacy source only","Retain as source copy; verify, qualify or remove during editorial review."
"claim-63c3f33c09d85efe","/services/estate-agents","services/estate-agents.html","11","guarantee-or-absolute","The ""Never Miss a Viewing"" pack","proof-required","legacy source only","Retain as source copy; verify, qualify or remove during editorial review."
"claim-fbf4be908ab98a76","/services/estate-agents","services/estate-agents.html","14","guarantee-or-absolute","We connect portals, website, phone, and CRM so every enquiry is acknowledged, triaged, and moved into the diary fast.","proof-required","legacy source only","Retain as source copy; verify, qualify or remove during editorial review."
"claim-d13f9faa3ee02a3a","/services/estate-agents","services/estate-agents.html","15","timeline","24/7 capture of portal, website, and missed-call enquiries.","proof-required","legacy source only","Retain as source copy; verify, qualify or remove during editorial review."
"claim-3d166477a02591f0","/services/estate-agents","services/estate-agents.html","22","guarantee-or-absolute","Cleaner pipeline visibility with every enquiry logged and tagged.","proof-required","legacy source only","Retain as source copy; verify, qualify or remove during editorial review."
"claim-1843d0264593bb90","/services/estate-agents","services/estate-agents.html","32","guarantee-or-absolute","Live dashboards show every contact, SLA, and viewing confirmation so you can prove the ROI fast.","proof-required","legacy source only","Retain as source copy; verify, qualify or remove during editorial review."
"claim-793f0fce181d56fa","/services/estate-agents","services/estate-agents.html","35","pricing","Clear setup and monthly fees","proof-required","legacy source only","Retain as source copy; verify, qualify or remove during editorial review."
"claim-bd93aef790c4f9ff","/services/estate-agents","services/estate-agents.html","46","metric | timeline","Most branches are live in 1–2 weeks after the audit: we design the journeys, connect calendars, test handoffs, then switch on with close monitoring.","proof-required","legacy source only","Retain as source copy; verify, qualify or remove during editorial review."
"claim-8471c0a3c6a8b334","/services/estate-agents","services/estate-agents.html","51","guarantee-or-absolute","Missed calls and slow follow-up cost viewings and instructions. Book a short call to see how the ‘Never Miss a Viewing’ Pack fits your branch and CRM.","proof-required","legacy source only","Retain as source copy; verify, qualify or remove during editorial review."
"claim-25701a5fc4ad6faa","/services/estate-agents","services/estate-agents.html","53","pricing","See estate agent pricing","proof-required","legacy source only","Retain as source copy; verify, qualify or remove during editorial review."
"claim-161ad470568daca0","/services/fitness-coaches","services/fitness-coaches.html","10","guarantee-or-absolute","Onboarding is manual and slightly different every time.","proof-required","legacy source only","Retain as source copy; verify, qualify or remove during editorial review."
"claim-f4cf64d04f1cb39d","/services/fitness-coaches","services/fitness-coaches.html","42","pricing","Clear, flexible pricing means you can start small and grow over time.","proof-required","legacy source only","Retain as source copy; verify, qualify or remove during editorial review."
"claim-37aca2f211caed3f","/services/fitness-coaches","services/fitness-coaches.html","46","pricing","We can design flows that are easy to adjust when you launch new programmes, change pricing or open different containers. You are not locked into one structure forever.","proof-required","legacy source only","Retain as source copy; verify, qualify or remove during editorial review."
"claim-e74492a31530493b","/services/fitness-coaches","services/fitness-coaches.html","53","pricing","See fitness coach pricing","proof-required","legacy source only","Retain as source copy; verify, qualify or remove during editorial review."
"claim-3b88d5a043f32288","/services/gyms-fitness-studios","services/gyms-fitness-studios.html","10","timeline","New members join, then quietly drop off within months.","proof-required","legacy source only","Retain as source copy; verify, qualify or remove during editorial review."
"claim-a04fe47101129503","/services/gyms-fitness-studios","services/gyms-fitness-studios.html","10","guarantee-or-absolute","Win-back campaigns rarely launch because ops always comes first.","proof-required","legacy source only","Retain as source copy; verify, qualify or remove during editorial review."
"claim-12cbf69f7554658f","/services/gyms-fitness-studios","services/gyms-fitness-studios.html","53","pricing","See gym pricing","proof-required","legacy source only","Retain as source copy; verify, qualify or remove during editorial review."
"claim-87361043392e0271","/services/hospitality","services/hospitality.html","5","timeline","See the ‘Hospitality 24/7 Guest Concierge’ bundle","proof-required","legacy source only","Retain as source copy; verify, qualify or remove during editorial review."
"claim-bb78320c19179a37","/services/hospitality","services/hospitality.html","11","timeline","The ‘Hospitality 24/7 Guest Concierge’","proof-required","legacy source only","Retain as source copy; verify, qualify or remove during editorial review."
"claim-4352426c07d843e4","/services/hospitality","services/hospitality.html","12","guarantee-or-absolute","An always-on concierge layer that captures enquiries, reduces no-shows, and helps you earn more reviews — without adding headcount.","proof-required","legacy source only","Retain as source copy; verify, qualify or remove during editorial review."
"claim-c8fc814bf4e2ba2a","/services/hospitality","services/hospitality.html","13","timeline","A digital front desk, 24/7","proof-required","legacy source only","Retain as source copy; verify, qualify or remove during editorial review."
"claim-a1e1d9d48d8ab951","/services/hospitality","services/hospitality.html","24","timeline","Four steps to get a 24/7 concierge live without disrupting service.","proof-required","legacy source only","Retain as source copy; verify, qualify or remove during editorial review."
"claim-8a4902b3d3d83a3b","/services/hospitality","services/hospitality.html","35","pricing","Transparent setup and monthly fees","proof-required","legacy source only","Retain as source copy; verify, qualify or remove during editorial review."
"claim-cd0584f1a7041158","/services/hospitality","services/hospitality.html","40","guarantee-or-absolute","You keep full control of what the system can and cannot do, with sensitive issues always routed straight to a human.","proof-required","legacy source only","Retain as source copy; verify, qualify or remove during editorial review."
"claim-2dfbd2f22c04012c","/services/hospitality","services/hospitality.html","42","timeline","Data is handled in line with sensible data protection practices and kept within tools you are comfortable using.","proof-required","legacy source only","Retain as source copy; verify, qualify or remove during editorial review."
"claim-8d524f0f5fa758eb","/services/hospitality","services/hospitality.html","51","timeline | guarantee-or-absolute","Unanswered enquiries and late no-shows leave tables and rooms unfilled. The ‘Hospitality 24/7 Guest Concierge’ shows how an always-on concierge layer can plug into your current systems.","proof-required","legacy source only","Retain as source copy; verify, qualify or remove during editorial review."
"claim-3e1fe038fd545add","/services/hospitality","services/hospitality.html","53","pricing","See hospitality pricing","proof-required","legacy source only","Retain as source copy; verify, qualify or remove during editorial review."
"claim-e428153bc837c0c7","/services/physios-chiropractors","services/physios-chiropractors.html","36","timeline","We work within the permissions and data-protection settings that your clinic already follows.","proof-required","legacy source only","Retain as source copy; verify, qualify or remove during editorial review."
"claim-960202ff3f83d30c","/services/physios-chiropractors","services/physios-chiropractors.html","38","guarantee-or-absolute","Patients receive clear, supportive communication in plain language – never pushy or technical.","proof-required","legacy source only","Retain as source copy; verify, qualify or remove during editorial review."
"claim-7cc0203ef0322d63","/services/physios-chiropractors","services/physios-chiropractors.html","53","pricing","See clinic pricing","proof-required","legacy source only","Retain as source copy; verify, qualify or remove during editorial review."
"claim-2c88821727647a86","/services/salons-barbers","services/salons-barbers.html","22","pricing","Higher rebooking rates and steadier monthly revenue.","proof-required","legacy source only","Retain as source copy; verify, qualify or remove during editorial review."
"claim-83cf84337a491d13","/services/salons-barbers","services/salons-barbers.html","41","pricing","Clear pricing upfront","proof-required","legacy source only","Retain as source copy; verify, qualify or remove during editorial review."
"claim-343d334ff3000daa","/services/salons-barbers","services/salons-barbers.html","47","timeline","For a typical independent salon, the core flows can usually be live within a few weeks. We start with reminders and simple rebooking journeys, then expand once you are comfortable with how everything feels.","proof-required","legacy source only","Retain as source copy; verify, qualify or remove during editorial review."
"claim-a326f86121f51cd8","/services/salons-barbers","services/salons-barbers.html","53","pricing","See salon pricing","proof-required","legacy source only","Retain as source copy; verify, qualify or remove during editorial review."
"claim-8dd5f1b4231c0cde","/services/trades","services/trades.html","7","guarantee-or-absolute","When you’re driving or on the tools, customers ring someone else — and the quote never even gets a chance.","proof-required","legacy source only","Retain as source copy; verify, qualify or remove during editorial review."
"claim-0598203544f79c7b","/services/trades","services/trades.html","17","guarantee-or-absolute","A missed call is not just an admin problem; it is revenue that may never come back.","proof-required","legacy source only","Retain as source copy; verify, qualify or remove during editorial review."
"claim-c0c48f82ada3892a","/services/trades","services/trades.html","40","guarantee-or-absolute","If you prefer, emergency calls can always be routed directly to you or a trusted colleague.","proof-required","legacy source only","Retain as source copy; verify, qualify or remove during editorial review."
"claim-fb74b1ba1e6cf448","/services/trades","services/trades.html","41","pricing","Simple, transparent pricing","proof-required","legacy source only","Retain as source copy; verify, qualify or remove during editorial review."
"claim-6dbdfc04123e2d0f","/services/trades","services/trades.html","42","pricing","Clear, simple pricing with no long contracts.","proof-required","legacy source only","Retain as source copy; verify, qualify or remove during editorial review."
"claim-5a2501905f5800b5","/services/trades","services/trades.html","46","timeline | pricing","We can create separate flows for emergencies, including clear warnings about response times and pricing. These can be routed to a specific on-call number if you choose to offer true 24/7 coverage.","proof-required","legacy source only","Retain as source copy; verify, qualify or remove during editorial review."
"claim-19460161e723478f","/services/trades","services/trades.html","53","pricing","See trades pricing","proof-required","legacy source only","Retain as source copy; verify, qualify or remove during editorial review."
"claim-029afc9fd3765b8e","/blog/ai-appointment-reminders-uk-2026","blog/ai-appointment-reminders-uk-2026.html","3","ranking","AI appointment reminders help small businesses reduce no-shows by making confirmations, reminders, cancellations, and rebooking more consistent. The strongest systems do not just send a message before an appointment; they also make it easier to reschedule early and refill cancelled slots before revenue is lost.","proof-required","legacy source only","Retain as source copy; verify, qualify or remove during editorial review."
"claim-b4601d9372ed139c","/blog/ai-appointment-reminders-uk-2026","blog/ai-appointment-reminders-uk-2026.html","15","metric","A reminder 48 hours before the appointment.","proof-required","legacy source only","Retain as source copy; verify, qualify or remove during editorial review."
"claim-0768fb706e881a4d","/blog/ai-appointment-reminders-uk-2026","blog/ai-appointment-reminders-uk-2026.html","17","timeline","Some systems also trigger follow-up automatically after a cancellation, sending a rebooking prompt within minutes rather than waiting for a team member to notice the gap.","proof-required","legacy source only","Retain as source copy; verify, qualify or remove during editorial review."
"claim-2cba1f7e777e6b6e","/blog/ai-appointment-reminders-uk-2026","blog/ai-appointment-reminders-uk-2026.html","25","ranking","Where the operational impact is strongest","proof-required","legacy source only","Retain as source copy; verify, qualify or remove during editorial review."
"claim-1d24e012b6e93a35","/blog/ai-appointment-reminders-uk-2026","blog/ai-appointment-reminders-uk-2026.html","33","ranking","The best setups are usually the least dramatic. They handle routine communication reliably in the background, while staff focus on customers, treatment, service delivery, or sales conversations.","proof-required","legacy source only","Retain as source copy; verify, qualify or remove during editorial review."
"claim-88f20c25956a93d8","/blog/ai-appointment-reminders-uk-2026","blog/ai-appointment-reminders-uk-2026.html","35","guarantee-or-absolute","The value of AI appointment reminders is not only in each no-show prevented. It is also in the time returned to the team. If a receptionist no longer spends part of every day making reminder calls or chasing cancellations, that time can go back into customer experience and smoother operations.","proof-required","legacy source only","Retain as source copy; verify, qualify or remove during editorial review."
"claim-edd3595787451c54","/blog/ai-automation-failures-uk-smes-2026","blog/ai-automation-failures-uk-smes-2026.html","1","guarantee-or-absolute","Most failed AI projects are not tool problems at all — they break where workflows, ownership, data, and compliance were never properly designed.","proof-required","legacy source only","Retain as source copy; verify, qualify or remove during editorial review."
"claim-3b0c19d81d2616dc","/blog/ai-automation-failures-uk-smes-2026","blog/ai-automation-failures-uk-smes-2026.html","12","guarantee-or-absolute","The third is compliance exposure. The UK Information Commissioner's Office has published detailed guidance making clear that AI deployment is not a purely technical decision. If an automated system is processing personal data — which almost every customer-facing workflow does — businesses need a lawful basis, a data minimisation approach, and documented accountability. Many SMEs skip this entirely when moving fast on implementation.","source-citation-present-review-required","legacy block contains an external link","Retain as source copy; verify, qualify or remove during editorial review."
"claim-c6c27e7e680a577f","/blog/ai-automation-failures-uk-smes-2026","blog/ai-automation-failures-uk-smes-2026.html","16","ranking | guarantee-or-absolute","Map every data handoff. Before touching any automation settings, trace the journey a piece of information takes from first contact to resolution. Where does it enter the business? Where does it get manually copied? Where does it disappear? McKinsey's analysis of generative AI value consistently finds that the highest returns come when AI is embedded into connected workflows rather than used as a standalone assistant. Incomplete or duplicated data at any handoff point undermines the entire chain.","source-citation-present-review-required","legacy block contains an external link","Retain as source copy; verify, qualify or remove during editorial review."
"claim-1b6b9898883527be","/blog/ai-automation-failures-uk-smes-2026","blog/ai-automation-failures-uk-smes-2026.html","17","guarantee-or-absolute","Define escalation rules before going live. Every automated workflow needs a clear answer to: what happens when the AI cannot handle this? That might mean routing to a named team member, flagging for human review, or sending a holding message while someone picks it up. Without this, edge cases either go unanswered or get handled badly at speed.","proof-required","legacy source only","Retain as source copy; verify, qualify or remove during editorial review."
"claim-fe147dd9595d3f43","/blog/ai-automation-failures-uk-smes-2026","blog/ai-automation-failures-uk-smes-2026.html","22","ranking","In recruitment, the highest-friction workflows are typically initial candidate screening and follow-up communication. Indeed's research on AI in recruiting highlights how structured automation can accelerate screening while maintaining consistency in candidate experience. The failure mode here is deploying AI screening without defining the criteria it should apply, resulting in either too-broad shortlists or candidates falling through the gaps entirely.","source-citation-present-review-required","legacy block contains an external link","Retain as source copy; verify, qualify or remove during editorial review."
"claim-75793c39b714b84d","/blog/ai-automation-failures-uk-smes-2026","blog/ai-automation-failures-uk-smes-2026.html","24","ranking","In legal and professional services, document intake and client onboarding are the most automatable workflows, but they carry the highest compliance risk. Automating these without ICO-aligned data handling and clear human review checkpoints creates liability. The fix is not to avoid automation — it is to design the compliance layer in from the start rather than retrofitting it later.","proof-required","legacy source only","Retain as source copy; verify, qualify or remove during editorial review."
"claim-df814f2df28a4048","/blog/ai-automation-failures-uk-smes-2026","blog/ai-automation-failures-uk-smes-2026.html","27","guarantee-or-absolute","Failed AI automation projects in UK SMEs share a consistent pattern: the tool was capable, but the workflow it was dropped into was not ready for it. Data was incomplete, ownership was unclear, compliance was an afterthought, and success was never defined.","proof-required","legacy source only","Retain as source copy; verify, qualify or remove during editorial review."
"claim-1ce94f87ffd03508","/blog/ai-automation-uk-gdpr-2026-sme-guide","blog/ai-automation-uk-gdpr-2026-sme-guide.html","4","pricing | ranking","Human review matters: genuine oversight moves many workflows out of the highest-risk category and should be built into recruitment, service access, pricing, and similar decisions.","proof-required","legacy source only","Retain as source copy; verify, qualify or remove during editorial review."
"claim-93d6c9ec03d1fbfe","/blog/ai-automation-uk-gdpr-2026-sme-guide","blog/ai-automation-uk-gdpr-2026-sme-guide.html","14","pricing","The ICO uses recruitment screening as one of its primary examples. If an AI system automatically rejects a job applicant without any human review of that decision, Article 22 is likely engaged. The same logic applies to an AI tool that automatically denies a customer a service, flags someone as a fraud risk, or determines pricing in a way that materially disadvantages a group of individuals.","proof-required","legacy source only","Retain as source copy; verify, qualify or remove during editorial review."
"claim-79b34caf277eca83","/blog/ai-automation-uk-gdpr-2026-sme-guide","blog/ai-automation-uk-gdpr-2026-sme-guide.html","15","ranking","Crucially, the restriction applies to solely automated decisions. The moment a qualified human reviews the AI's output and makes the final call, you move out of the highest-risk territory. This is why the design of human checkpoints is not just good practice — it is a legal requirement in many SME use cases.","proof-required","legacy source only","Retain as source copy; verify, qualify or remove during editorial review."
"claim-1905a02f018d62e9","/blog/ai-automation-uk-gdpr-2026-sme-guide","blog/ai-automation-uk-gdpr-2026-sme-guide.html","21","pricing","Higher-risk automation — where AI makes or heavily influences a decision about a person without adequate human oversight — includes candidate shortlisting that results in automatic rejection, automated credit or service eligibility decisions, health-related triage that bypasses clinical review, and dynamic pricing that could constitute discriminatory treatment.","proof-required","legacy source only","Retain as source copy; verify, qualify or remove during editorial review."
"claim-85782b5146471828","/blog/ai-automation-uk-gdpr-2026-sme-guide","blog/ai-automation-uk-gdpr-2026-sme-guide.html","22","ranking","Microsoft's 2025 Work Trend Index documents how leading organisations are deploying AI specifically in the lower-risk category: using it for drafting, summarising, and workflow support rather than autonomous high-stakes decisions. This is not timidity — it is the architecture that allows organisations to scale AI safely while maintaining accountability.","source-citation-present-review-required","legacy block contains an external link","Retain as source copy; verify, qualify or remove during editorial review."
"claim-20c0f4a6473b2f75","/blog/ai-automation-uk-gdpr-2026-sme-guide","blog/ai-automation-uk-gdpr-2026-sme-guide.html","25","pricing | guarantee-or-absolute","Define human checkpoints. For every decision that could materially affect a person — a hiring choice, a service refusal, a pricing outcome — document who reviews the AI's output and how that review is recorded. The checkpoint does not need to be onerous, but it must be genuine. A rubber-stamp review does not satisfy Article 22.","proof-required","legacy source only","Retain as source copy; verify, qualify or remove during editorial review."
"claim-f647e72d87c0c345","/blog/ai-automation-uk-gdpr-2026-sme-guide","blog/ai-automation-uk-gdpr-2026-sme-guide.html","30","pricing","In hospitality, AI is well-suited to handling booking enquiries, personalising guest communications, and managing availability. Customer profiling that could result in differential pricing or service access requires careful thought about fairness and transparency obligations.","proof-required","legacy source only","Retain as source copy; verify, qualify or remove during editorial review."
"claim-2705c8d448918cff","/blog/ai-automations-physio-chiro-clinics-uk","blog/ai-automations-physio-chiro-clinics-uk.html","4","metric | timeline","–60 day rollout plus free 30‑minute audit","proof-required","legacy source only","Retain as source copy; verify, qualify or remove during editorial review."
"claim-07aa10c2fd3fbe4e","/blog/ai-automations-physio-chiro-clinics-uk","blog/ai-automations-physio-chiro-clinics-uk.html","6","metric | timeline | guarantee-or-absolute","Missed appointments and patients dropping out of treatment courses are daily headaches for small physiotherapy and chiropractic clinics: empty slots, under‑used clinician time, frustrated patients and predictable revenue leaks. The good news is that low‑friction AI automations — automated confirmations, two‑way SMS, one‑tap rebooking journeys, simple intake triage and outcome‑triggered follow‑ups — deliver measurable improvements without heavy in‑house tech. This article shows what works, why it matters for clinic operations and patient outcomes, how to roll it out in 30–60 days, and the compliance checks every clinic should follow before turning on automated messaging.","proof-required","legacy source only","Retain as source copy; verify, qualify or remove during editorial review."
"claim-995fc24006ddc750","/blog/ai-automations-physio-chiro-clinics-uk","blog/ai-automations-physio-chiro-clinics-uk.html","16","metric","Timed reminder sequence: e.g., 48 hours, 24 hours and 2 hours before the appointment (channels: SMS ± automated voice for no‑SMS patients).","proof-required","legacy source only","Retain as source copy; verify, qualify or remove during editorial review."
"claim-5ff4dafce2d408d4","/blog/ai-automations-physio-chiro-clinics-uk","blog/ai-automations-physio-chiro-clinics-uk.html","23","metric | timeline","A straight‑line workflow to implement in 30–60 days","proof-required","legacy source only","Retain as source copy; verify, qualify or remove during editorial review."
"claim-54ee42d411fbc73b","/blog/ai-automations-physio-chiro-clinics-uk","blog/ai-automations-physio-chiro-clinics-uk.html","24","metric | timeline","30–60 day rollout plan","proof-required","legacy source only","Retain as source copy; verify, qualify or remove during editorial review."
"claim-a3a88973b055dac8","/blog/ai-automations-physio-chiro-clinics-uk","blog/ai-automations-physio-chiro-clinics-uk.html","37","pricing","Platform subscription or setup fee (one‑off).","proof-required","legacy source only","Retain as source copy; verify, qualify or remove during editorial review."
"claim-c29d3f6fb1df41bb","/blog/ai-automations-physio-chiro-clinics-uk","blog/ai-automations-physio-chiro-clinics-uk.html","39","metric | pricing","Example to help you run the arithmetic with your clinic’s figures: 30 slots/week; average fee £45/session; current weekly no‑shows = 3 slots; pilot reduces no‑shows by 50% for the pilot cohort. Recovering 1.5 sessions/week at £45 = £67.50/week additional revenue just from improved attendance in the pilot cohort. Replace these numbers with your diary data to estimate payback on setup and message costs.","proof-required","legacy source only","Retain as source copy; verify, qualify or remove during editorial review."
"claim-8543a6b4497ee644","/blog/ai-booking-automation-uk-hospitality-2026","blog/ai-booking-automation-uk-hospitality-2026.html","4","timeline","Missed enquiries cost real money: when teams are busy and calls, chats, emails, or WhatsApp messages go unanswered, guests often book elsewhere within minutes.","proof-required","legacy source only","Retain as source copy; verify, qualify or remove during editorial review."
"claim-92976ea2aa1227dc","/blog/ai-booking-automation-uk-hospitality-2026","blog/ai-booking-automation-uk-hospitality-2026.html","4","ranking","The best rollout is targeted, not sweeping: start with the highest-friction workflow, connect to your booking platform, and use clear human escalation for complaints or complex requests.","proof-required","legacy source only","Retain as source copy; verify, qualify or remove during editorial review."
"claim-f9e4122d8e3e0de3","/blog/ai-booking-automation-uk-hospitality-2026","blog/ai-booking-automation-uk-hospitality-2026.html","5","metric | timeline | pricing","The phone rings at 7pm on a Friday. Your front-of-house team is in the weeds, covering a full dining room, and nobody picks up. The caller — a table of six looking to book for the following Saturday — tries once more, gets no answer, and books elsewhere within minutes. That single missed call could represent £150 or more in lost revenue. Multiply it across a busy week, and the cost of slow or absent communication becomes one of hospitality's most quietly damaging operational problems.","proof-required","legacy source only","Retain as source copy; verify, qualify or remove during editorial review."
"claim-766e27b2f9ed50e7","/blog/ai-booking-automation-uk-hospitality-2026","blog/ai-booking-automation-uk-hospitality-2026.html","10","guarantee-or-absolute","Direct bookings are also under pressure from third-party platforms that charge commission rates typically between 15% and 30%. Every enquiry that a restaurant, pub or hotel fails to capture through its own channels is often an enquiry that ends up booked through a platform, at a significant cost to margin. AI booking automation changes that equation by making direct communication as fast and reliable as any platform.","proof-required","legacy source only","Retain as source copy; verify, qualify or remove during editorial review."
"claim-054667d503e4989b","/blog/ai-booking-automation-uk-hospitality-2026","blog/ai-booking-automation-uk-hospitality-2026.html","14","metric","Guest messaging automation covers the pre- and post-visit touchpoints that most hospitality businesses handle inconsistently. Confirmation messages, reminder texts sent 24 hours before a reservation, dietary preference collection, and post-visit follow-up asking for a review — these are all workflows that AI can run reliably at scale. OpenTable's industry data consistently shows that reminder messages reduce no-show rates meaningfully, and no-shows remain one of the most direct sources of lost revenue for UK restaurants.","source-citation-present-review-required","legacy block contains an external link","Retain as source copy; verify, qualify or remove during editorial review."
"claim-49256ddf6431b0ca","/blog/ai-booking-automation-uk-hospitality-2026","blog/ai-booking-automation-uk-hospitality-2026.html","18","ranking | guarantee-or-absolute","The strongest setups connect a single AI layer to multiple inbound channels — phone, web chat, WhatsApp Business, email and even Instagram DMs — so that a guest's preferred way of reaching out is always met with an instant, accurate response. The AI handles the conversation; the booking system captures the reservation; the staff see a confirmed diary entry without ever touching the enquiry.","proof-required","legacy source only","Retain as source copy; verify, qualify or remove during editorial review."
"claim-353a1b0d376efb01","/blog/ai-booking-automation-uk-hospitality-2026","blog/ai-booking-automation-uk-hospitality-2026.html","24","ranking","The most common mistake hospitality operators make when approaching AI is trying to automate everything at once. A more effective approach is to identify the single highest-friction point in your current guest communication flow — the moment where enquiries most often go unanswered or where staff spend disproportionate time on routine tasks — and automate that first.","proof-required","legacy source only","Retain as source copy; verify, qualify or remove during editorial review."
"claim-2909a48e64d356ff","/blog/ai-booking-automation-uk-hospitality-2026","blog/ai-booking-automation-uk-hospitality-2026.html","26","guarantee-or-absolute","Integration with existing booking platforms matters. AI assistants that connect directly to tools like ResDiary, SevenRooms or Guestline can read and write availability in real time, which means the AI is always working from accurate information rather than directing guests to call back during business hours. That real-time connection is what separates a genuinely useful AI booking tool from a glorified contact form.","proof-required","legacy source only","Retain as source copy; verify, qualify or remove during editorial review."
"claim-49d3f25d3a29c68d","/blog/ai-booking-automation-uk-hospitality-2026","blog/ai-booking-automation-uk-hospitality-2026.html","29","guarantee-or-absolute","Third-party booking platforms have spent years investing in instant availability, instant confirmation and frictionless mobile booking. Independent hospitality businesses that rely on phone and email alone are competing against that standard every time a guest searches for somewhere to eat or stay. AI booking automation doesn't eliminate that gap overnight, but it closes it significantly — and it does so at a fraction of the cost of hiring additional front-of-house staff to cover the same communication load.","proof-required","legacy source only","Retain as source copy; verify, qualify or remove during editorial review."
"claim-0eeae35e21b9fca8","/blog/ai-booking-automation-uk-hospitality-2026","blog/ai-booking-automation-uk-hospitality-2026.html","31","ranking","If your venue is losing bookings to missed calls, slow replies or inconsistent follow-up, Silverstone AI can help you build a practical booking automation setup around the channels and systems you already use. Book a free hospitality AI audit to see where reservation capture, guest messaging and after-hours enquiry handling can start paying back fastest.","proof-required","legacy source only","Retain as source copy; verify, qualify or remove during editorial review."
"claim-b1a8b85441475e2b","/blog/ai-call-answering-trades-uk","blog/ai-call-answering-trades-uk.html","5","guarantee-or-absolute","It is a Tuesday evening and a homeowner's boiler has stopped working. They search quickly on their phone, find two heating engineers with good reviews, and call the first number. It rings out. They call the second, get through immediately, explain the problem, and are told someone will be there tomorrow morning first thing. The first engineer never knew the job existed.","proof-required","legacy source only","Retain as source copy; verify, qualify or remove during editorial review."
"claim-f856e15b3ed17472","/blog/ai-call-answering-trades-uk","blog/ai-call-answering-trades-uk.html","10","ranking","Someone researching a bathroom renovation will probably try again, send an email, or fill in a form. They are in a planning mindset. But a homeowner facing an emergency is in a crisis mindset. According to consumer guidance from Which? Trusted Traders, people in urgent situations prioritise whoever gives them confidence fastest. If that is not you, it is your competitor.","source-citation-present-review-required","legacy block contains an external link","Retain as source copy; verify, qualify or remove during editorial review."
"claim-da7d130029bddc88","/blog/ai-call-answering-trades-uk","blog/ai-call-answering-trades-uk.html","12","pricing","Lost revenue from high-value emergency callouts. Emergency work typically carries a premium. Missing two or three of these per week can represent thousands of pounds monthly.","proof-required","legacy source only","Retain as source copy; verify, qualify or remove during editorial review."
"claim-2901cf9039cf00d3","/blog/ai-call-answering-trades-uk","blog/ai-call-answering-trades-uk.html","12","guarantee-or-absolute","Cold quote pipelines. Callers who leave a voicemail and never get a prompt callback rarely convert at the same rate as those who spoke to someone immediately.","proof-required","legacy source only","Retain as source copy; verify, qualify or remove during editorial review."
"claim-b7f8f94f76d13214","/blog/ai-call-answering-trades-uk","blog/ai-call-answering-trades-uk.html","15","guarantee-or-absolute","Not every trade has the same urgency profile, but the list of strong-fit businesses is long:","proof-required","legacy source only","Retain as source copy; verify, qualify or remove during editorial review."
"claim-a0d5fea84b5d323b","/blog/ai-call-answering-trades-uk","blog/ai-call-answering-trades-uk.html","17","guarantee-or-absolute","What these businesses share is a combination of high call volume relative to office capacity, variable working hours, and customers who need an answer fast. Most are run by owner-operators or small teams who are physically on the tools for much of the day and cannot reliably answer every call.","proof-required","legacy source only","Retain as source copy; verify, qualify or remove during editorial review."
"claim-58e9645bc586fc05","/blog/ai-call-answering-trades-uk","blog/ai-call-answering-trades-uk.html","18","pricing | ranking","AI call answering works best as a first-line capture and triage layer. It is not designed to give technical advice, negotiate pricing, or handle complex complaints. Those judgement calls stay with you. What it does is ensure that when someone calls and you cannot answer, the enquiry is captured properly, the customer feels heard, and the right information reaches you quickly enough to act.","proof-required","legacy source only","Retain as source copy; verify, qualify or remove during editorial review."
"claim-ca839255acda591d","/blog/ai-call-answering-trades-uk","blog/ai-call-answering-trades-uk.html","23","guarantee-or-absolute","The system picks up promptly, confirms the business name, and tells the caller clearly that the office is closed but that their enquiry will be handled. Transparency from the start is both good customer experience and a basic requirement under ICO guidance on AI and data handling. The caller should never be left wondering whether they are talking to a person.","source-citation-present-review-required","legacy block contains an external link","Retain as source copy; verify, qualify or remove during editorial review."
"claim-d0dc4134ffa6c973","/blog/ai-call-answering-trades-uk","blog/ai-call-answering-trades-uk.html","25","timeline","A short set of qualifying questions removes irrelevant calls quickly. Is the property within the service area? What is the nature of the problem? Is there a safety concern such as a gas smell or exposed wiring? These questions do not need to be lengthy. Two or three targeted prompts are enough to determine what kind of response is needed.","proof-required","legacy source only","Retain as source copy; verify, qualify or remove during editorial review."
"claim-0ef42ad00ed35032","/blog/ai-call-answering-trades-uk","blog/ai-call-answering-trades-uk.html","40","metric | timeline","How to Measure Whether It Is Working in the First 30 to 60 Days","proof-required","legacy source only","Retain as source copy; verify, qualify or remove during editorial review."
"claim-0159a4bc35054329","/blog/ai-document-automation-uk-smes-2026","blog/ai-document-automation-uk-smes-2026.html","4","ranking","Automate the full flow: OCR, classification, extraction, and routing work best when they operate as one joined-up process.","proof-required","legacy source only","Retain as source copy; verify, qualify or remove during editorial review."
"claim-62a9ca3ff80118a2","/blog/ai-document-automation-uk-smes-2026","blog/ai-document-automation-uk-smes-2026.html","4","ranking","Target repetitive admin first: invoices, onboarding packs, forms, compliance files, and scanned records are usually the fastest wins.","proof-required","legacy source only","Retain as source copy; verify, qualify or remove during editorial review."
"claim-832458d774d764c8","/blog/ai-document-automation-uk-smes-2026","blog/ai-document-automation-uk-smes-2026.html","4","ranking","Keep quality and compliance tight: the strongest setups use integrations, confidence thresholds, and human review for exceptions.","proof-required","legacy source only","Retain as source copy; verify, qualify or remove during editorial review."
"claim-096b624e2b3f28be","/blog/ai-document-automation-uk-smes-2026","blog/ai-document-automation-uk-smes-2026.html","10","timeline","The market data reflects that shift. Grand View Research values the global intelligent document processing market at USD 2.30 billion in 2024 and projects growth at a compound annual rate of 33.1% through to 2030. Fortune Business Insights estimates the same market will reach USD 16.07 billion by 2032. That kind of growth does not happen in categories where the technology does not work.","source-citation-present-review-required","legacy block contains an external link","Retain as source copy; verify, qualify or remove during editorial review."
"claim-771172bd73a52650","/blog/ai-document-automation-uk-smes-2026","blog/ai-document-automation-uk-smes-2026.html","12","ranking","The strongest use cases tend to cluster around sectors where documents are both high-volume and high-stakes — exactly the sectors where Silverstone AI focuses its work.","proof-required","legacy source only","Retain as source copy; verify, qualify or remove during editorial review."
"claim-ce3df4afc897f531","/blog/ai-document-automation-uk-smes-2026","blog/ai-document-automation-uk-smes-2026.html","13","guarantee-or-absolute","Healthcare and clinical settings deal with patient intake forms, referral letters, consent documents and insurance paperwork. These files arrive in every format imaginable: typed, handwritten, faxed, photographed on a phone. Automating the extraction of patient demographics, presenting complaints and GP details from these documents — and routing that data directly into an electronic health record — removes a significant manual burden from administrative staff. The NHS England digital transformation agenda explicitly supports this kind of operational modernisation, though it equally stresses the need for governance and clinical oversight to accompany any automation.","source-citation-present-review-required","legacy block contains an external link","Retain as source copy; verify, qualify or remove during editorial review."
"claim-d530c549a27b92f3","/blog/ai-document-automation-uk-smes-2026","blog/ai-document-automation-uk-smes-2026.html","20","timeline","Accuracy improves with volume and feedback. A well-configured document automation workflow typically achieves high extraction accuracy on consistent document types within weeks of deployment, but it requires a feedback mechanism — someone reviewing exceptions, correcting errors and feeding those corrections back into the system. This is not a set-and-forget technology; it is a workflow that gets sharper over time with appropriate human input.","proof-required","legacy source only","Retain as source copy; verify, qualify or remove during editorial review."
"claim-5e9701543db1f7cf","/blog/ai-document-automation-uk-smes-2026","blog/ai-document-automation-uk-smes-2026.html","22","ranking | guarantee-or-absolute","The businesses that see the strongest returns from AI document automation are not the ones that automate the most documents fastest. They are the ones that connect extraction tightly to the processes that depend on it. A legal firm that automatically populates its case management system from client onboarding documents saves fee earner time on every new matter. A recruitment agency that routes compliant candidate packs directly into its ATS reduces time-to-placement and compliance risk simultaneously. A healthcare provider that extracts patient data from referral letters and pre-populates appointment records reduces both admin burden and clinical risk.","proof-required","legacy source only","Retain as source copy; verify, qualify or remove during editorial review."
"claim-61a4fe7e2c20f941","/blog/ai-etas-smart-scheduling-uk-trades-2026","blog/ai-etas-smart-scheduling-uk-trades-2026.html","6","guarantee-or-absolute","Every trades owner knows the pattern. A promising call comes in while someone is on-site, under a floorboard, or driving between jobs. By the time the callback happens, the customer has already found someone else. That revenue does not disappear because demand is weak. It disappears because the business was hard to reach at the moment the customer was ready to book.","proof-required","legacy source only","Retain as source copy; verify, qualify or remove during editorial review."
"claim-718e4557866a6555","/blog/ai-etas-smart-scheduling-uk-trades-2026","blog/ai-etas-smart-scheduling-uk-trades-2026.html","7","guarantee-or-absolute","The same thing happens operationally once jobs are in the diary. Routes get planned loosely, urgent callouts interrupt the day, and one poor scheduling decision turns into extra traffic, later arrivals, and fewer completed jobs. For small teams, those inefficiencies matter quickly. The Federation of Small Businesses has repeatedly highlighted time, cost, and skills as barriers to digital adoption for UK small firms, but the cost of doing nothing can be just as significant when enquiries and working hours are being lost every week.","source-citation-present-review-required","legacy block contains an external link","Retain as source copy; verify, qualify or remove during editorial review."
"claim-1e93a07a84e40935","/blog/ai-etas-smart-scheduling-uk-trades-2026","blog/ai-etas-smart-scheduling-uk-trades-2026.html","10","guarantee-or-absolute","In plain English, these systems use live context to keep jobs moving with less manual coordination. When a new booking is made, the software can calculate likely arrival windows using current location, traffic, technician availability, and expected job duration. Instead of someone needing to phone every customer with an update, the system can send messages automatically by SMS or messaging app.","proof-required","legacy source only","Retain as source copy; verify, qualify or remove during editorial review."
"claim-9e49e530fe2825ad","/blog/ai-etas-smart-scheduling-uk-trades-2026","blog/ai-etas-smart-scheduling-uk-trades-2026.html","17","guarantee-or-absolute","This is where front-end lead handling connects naturally with scheduling. If every inbound enquiry is captured, qualified, and logged, the handoff into the diary becomes much cleaner. Businesses exploring that first step can see the operational side in our Trades page, while the wider workflow logic overlaps with the same principles described in our article on AI receptionists for UK SMEs.","proof-required","legacy source only","Retain as source copy; verify, qualify or remove during editorial review."
"claim-78540e5968b78d0d","/blog/ai-etas-smart-scheduling-uk-trades-2026","blog/ai-etas-smart-scheduling-uk-trades-2026.html","19","ranking | guarantee-or-absolute","The strongest implementations are usually small and measurable. They do not begin with a complete systems overhaul. They begin with one or two friction points that already cost money every week.","proof-required","legacy source only","Retain as source copy; verify, qualify or remove during editorial review."
"claim-9e07fbde2f479f83","/blog/ai-etas-smart-scheduling-uk-trades-2026","blog/ai-etas-smart-scheduling-uk-trades-2026.html","20","guarantee-or-absolute","Review and refine. Check the messages, route logic, and exception handling every week. If people still need to intervene constantly, the process needs tightening before scaling further.","proof-required","legacy source only","Retain as source copy; verify, qualify or remove during editorial review."
"claim-91f79fd985623c4a","/blog/ai-etas-smart-scheduling-uk-trades-2026","blog/ai-etas-smart-scheduling-uk-trades-2026.html","27","metric | timeline | pricing","Consider a small electrical firm with three engineers completing six jobs per day across the team. If they miss two good enquiries daily because nobody answers in time, and each booked job is worth around £350, recovering even one extra job per day materially changes weekly revenue. If average drive time between jobs falls from 35 minutes to 22 minutes through better routing, the team also gets back productive hours that were previously disappearing into traffic.","proof-required","legacy source only","Retain as source copy; verify, qualify or remove during editorial review."
"claim-18b97606fab5abdd","/blog/ai-etas-smart-scheduling-uk-trades-2026","blog/ai-etas-smart-scheduling-uk-trades-2026.html","31","timeline","If those indicators move in the right direction within the first month, the rollout is doing its job.","proof-required","legacy source only","Retain as source copy; verify, qualify or remove during editorial review."
"claim-93f3a29ab801cdf3","/blog/ai-guest-concierge-hotels-bbs-uk","blog/ai-guest-concierge-hotels-bbs-uk.html","1","timeline","A practical 90‑day checklist for UK hotels and B&Bs to launch a 24/7 AI guest‑concierge with costs, ROI and GDPR-ready controls.","proof-required","legacy source only","Retain as source copy; verify, qualify or remove during editorial review."
"claim-4180fb1f77d78fa6","/blog/ai-guest-concierge-hotels-bbs-uk","blog/ai-guest-concierge-hotels-bbs-uk.html","3","timeline","A step‑by‑step 90‑day guide for UK hotels and B&Bs to deploy a 24/7 AI guest‑concierge, with costs, KPI guidance and a compact GDPR checklist to run a safe pilot.","proof-required","legacy source only","Retain as source copy; verify, qualify or remove during editorial review."
"claim-c687fac3123f2391","/blog/ai-guest-concierge-hotels-bbs-uk","blog/ai-guest-concierge-hotels-bbs-uk.html","5","timeline | guarantee-or-absolute","Modern guests expect instant replies. For small hotels and B&Bs, missed calls and slow messages are direct revenue leakage — enquiries that never convert or that go to OTAs. This guide gives non‑technical owners a pragmatic 90‑day runbook to stand up a 24/7 AI guest‑concierge, realistic cost and ROI thinking, and a compact GDPR/data‑risk checklist so you can deploy confidently.","proof-required","legacy source only","Retain as source copy; verify, qualify or remove during editorial review."
"claim-7f029c912f9434ef","/blog/ai-guest-concierge-hotels-bbs-uk","blog/ai-guest-concierge-hotels-bbs-uk.html","7","guarantee-or-absolute","For small hospitality operators, always‑on guest handling is a low‑risk, high‑impact first project: it reduces missed enquiries, captures bookings outside office hours and frees reception time for higher‑value work — use cases described by SME practitioners and sector commentary.","proof-required","legacy source only","Retain as source copy; verify, qualify or remove during editorial review."
"claim-a85df65d59c84a54","/blog/ai-guest-concierge-hotels-bbs-uk","blog/ai-guest-concierge-hotels-bbs-uk.html","8","timeline","The business case — what a 24/7 guest‑concierge actually fixes","proof-required","legacy source only","Retain as source copy; verify, qualify or remove during editorial review."
"claim-20a3063737a1b01d","/blog/ai-guest-concierge-hotels-bbs-uk","blog/ai-guest-concierge-hotels-bbs-uk.html","9","pricing","Capture enquiries outside staffed hours: answer availability and pricing queries immediately to reduce drop‑off back to OTAs.","proof-required","legacy source only","Retain as source copy; verify, qualify or remove during editorial review."
"claim-cd54e4cf30c5d339","/blog/ai-guest-concierge-hotels-bbs-uk","blog/ai-guest-concierge-hotels-bbs-uk.html","10","timeline","What a 24/7 AI guest‑concierge can — and cannot — do","proof-required","legacy source only","Retain as source copy; verify, qualify or remove during editorial review."
"claim-8b861da54df6d2c9","/blog/ai-guest-concierge-hotels-bbs-uk","blog/ai-guest-concierge-hotels-bbs-uk.html","14","guarantee-or-absolute","Complex or sensitive cases (refunds, complaints, medical/emergency requests) should always route to a trained member of staff.","proof-required","legacy source only","Retain as source copy; verify, qualify or remove during editorial review."
"claim-2f47f8ff176dc40d","/blog/ai-guest-concierge-hotels-bbs-uk","blog/ai-guest-concierge-hotels-bbs-uk.html","19","ranking","Map guest journeys: list the top 15 queries from reception logs and prioritise the top 8 to automate.","proof-required","legacy source only","Retain as source copy; verify, qualify or remove during editorial review."
"claim-575852a24091e404","/blog/ai-guest-concierge-hotels-bbs-uk","blog/ai-guest-concierge-hotels-bbs-uk.html","23","metric | timeline","Run a limited pilot (e.g., nights and weekends or only web chat) for 30–45 days.","proof-required","legacy source only","Retain as source copy; verify, qualify or remove during editorial review."
"claim-cdd89abb2c6c5c0d","/blog/ai-guest-concierge-hotels-bbs-uk","blog/ai-guest-concierge-hotels-bbs-uk.html","23","pricing","Codify SOPs and a monthly compliance review to meet data‑protection obligations.","proof-required","legacy source only","Retain as source copy; verify, qualify or remove during editorial review."
"claim-f76924739e0bdc9c","/blog/ai-guest-concierge-hotels-bbs-uk","blog/ai-guest-concierge-hotels-bbs-uk.html","26","pricing","Setup fee: conversation design, account setup and initial integrations (one‑off).","proof-required","legacy source only","Retain as source copy; verify, qualify or remove during editorial review."
"claim-d6c44805a7e631bd","/blog/ai-guest-concierge-hotels-bbs-uk","blog/ai-guest-concierge-hotels-bbs-uk.html","26","pricing","Platform subscription: monthly fee per channel or per conversation volume.","proof-required","legacy source only","Retain as source copy; verify, qualify or remove during editorial review."
"claim-73ec7cec4786c4c8","/blog/ai-guest-concierge-hotels-bbs-uk","blog/ai-guest-concierge-hotels-bbs-uk.html","26","pricing","Optional managed service: ongoing script tuning, reporting and monthly compliance checks.","proof-required","legacy source only","Retain as source copy; verify, qualify or remove during editorial review."
"claim-06cfaa04de62761a","/blog/ai-guest-concierge-hotels-bbs-uk","blog/ai-guest-concierge-hotels-bbs-uk.html","29","metric | timeline","Use your average booking value and an occupancy uplift target to model ROI: if a pilot captures one additional direct booking per week at your average rate, multiply by 12 weeks and compare to the pilot cost.","proof-required","legacy source only","Retain as source copy; verify, qualify or remove during editorial review."
"claim-0e5ec643d862d551","/blog/ai-guest-concierge-hotels-bbs-uk","blog/ai-guest-concierge-hotels-bbs-uk.html","35","pricing","Keep an audit trail: log handovers, consent time stamps and a simple monthly check to confirm vendor compliance.","proof-required","legacy source only","Retain as source copy; verify, qualify or remove during editorial review."
"claim-b82b3088a488a814","/blog/ai-guest-concierge-hotels-bbs-uk","blog/ai-guest-concierge-hotels-bbs-uk.html","40","ranking","Scope: which channels and which eight top queries will you automate?","proof-required","legacy source only","Retain as source copy; verify, qualify or remove during editorial review."
"claim-ac4784bc7e8e7e08","/blog/ai-lead-capture-uk-trades-2026","blog/ai-lead-capture-uk-trades-2026.html","1","ranking","When the phone rings mid-job, the firm that answers fastest often wins the work — and AI is becoming the easiest way to stay in the running.","proof-required","legacy source only","Retain as source copy; verify, qualify or remove during editorial review."
"claim-90bb31989529a8e9","/blog/ai-lead-capture-uk-trades-2026","blog/ai-lead-capture-uk-trades-2026.html","5","timeline | guarantee-or-absolute","Picture this: a homeowner's boiler packs in on a cold Tuesday morning. She picks up her phone and calls three local plumbers in quick succession. The first rings out. The second goes to a generic voicemail. The third — an AI-assisted virtual receptionist — answers within two rings, takes her postcode, confirms the job type and tells her an engineer will call back within the hour. She books with the third. The first two plumbers never even knew they were in the running.","proof-required","legacy source only","Retain as source copy; verify, qualify or remove during editorial review."
"claim-8ab9202e50105953","/blog/ai-lead-capture-uk-trades-2026","blog/ai-lead-capture-uk-trades-2026.html","6","guarantee-or-absolute","This is not a hypothetical edge case. It is the daily commercial reality for thousands of UK tradespeople in 2026, and it is costing them work they have already paid to attract. Moneypenny research shows that 69% of callers will not leave a voicemail when a call goes unanswered — they simply move on to the next number. For a sole-trader plumber or a small electrical firm, every missed call is a missed quote, and every missed quote is revenue that ends up with a competitor.","source-citation-present-review-required","legacy block contains an external link","Retain as source copy; verify, qualify or remove during editorial review."
"claim-be2ec5390ac1181a","/blog/ai-lead-capture-uk-trades-2026","blog/ai-lead-capture-uk-trades-2026.html","9","metric | pricing | ranking","BT Business research puts the average cost of a missed call to a UK small business at £1,200 per year in lost revenue — and that figure assumes a relatively low call volume. For trades firms running paid search, lead generation platforms or local SEO, the real cost is higher still, because each unanswered call represents not just a lost job but wasted marketing spend. Checkatrade's guidance for tradespeople is explicit on this point: speed of response is one of the most significant factors in whether a potential customer converts, with the fastest responder winning the job in the majority of competitive enquiries.","source-citation-present-review-required","legacy block contains an external link","Retain as source copy; verify, qualify or remove during editorial review."
"claim-b61a6d8b30922aaa","/blog/ai-lead-capture-uk-trades-2026","blog/ai-lead-capture-uk-trades-2026.html","13","timeline | ranking","At its simplest, a missed-call text-back system detects when a call goes unanswered and sends an automated SMS within seconds: ""Sorry we missed your call — we're on a job right now. Reply with a brief description of what you need and we'll call you back within the hour."" Research from WhiteHat SEO's 2026 automation guide confirms that response time is one of the strongest predictors of lead conversion for service businesses, with leads contacted within five minutes being significantly more likely to convert than those contacted after an hour.","source-citation-present-review-required","legacy block contains an external link","Retain as source copy; verify, qualify or remove during editorial review."
"claim-d62091599efe9134","/blog/ai-lead-capture-uk-trades-2026","blog/ai-lead-capture-uk-trades-2026.html","18","ranking","One of the most common mistakes trades businesses make when exploring automation is trying to build a complete system before testing any of it. The UK Entrepreneur's 2026 SME automation guide recommends a staged approach: identify the single highest-value problem, automate that first, measure the result and then expand.","source-citation-present-review-required","legacy block contains an external link","Retain as source copy; verify, qualify or remove during editorial review."
"claim-18db70e2e44e1fb0","/blog/ai-lead-capture-uk-trades-2026","blog/ai-lead-capture-uk-trades-2026.html","19","metric | timeline | ranking | guarantee-or-absolute","For most trades firms, the highest-value starting point is missed-call recovery. Set up a text-back workflow, run it for 30 days and count how many replies you receive from callers who would otherwise have been lost. That number — multiplied by your average job value — is the baseline ROI figure for every subsequent conversation about AI investment.","proof-required","legacy source only","Retain as source copy; verify, qualify or remove during editorial review."
"claim-978b5a3c8042fa7a","/blog/ai-lead-capture-uk-trades-2026","blog/ai-lead-capture-uk-trades-2026.html","21","metric | timeline | pricing","A two-engineer electrical firm in South London implemented a missed-call text-back system alongside a basic AI web chat widget in late 2024. Within the first month, the owner identified 23 missed calls that had received an automated SMS response. Of those, 14 replied, 9 progressed to a quote and 6 converted to paid work. At an average job value of £380, that represented roughly £2,280 in recovered revenue from a system that cost under £100 per month to run. The owner's own assessment was straightforward: the system paid for itself in the first week.","proof-required","legacy source only","Retain as source copy; verify, qualify or remove during editorial review."
"claim-4c4ccb662545cc18","/blog/ai-lead-capture-uk-trades-2026","blog/ai-lead-capture-uk-trades-2026.html","24","timeline | ranking","AI lead capture works best when it operates within clearly defined boundaries. For a trades business, that means setting explicit rules about service area, job types the business accepts, emergency escalation protocols and the point at which a human takes over.","proof-required","legacy source only","Retain as source copy; verify, qualify or remove during editorial review."
"claim-33ab1948e0beffa6","/blog/ai-lead-capture-uk-trades-2026","blog/ai-lead-capture-uk-trades-2026.html","25","guarantee-or-absolute","The FSB's Small Business Index consistently highlights that UK SME owners are cautious about technology that might damage customer relationships. That caution is well-founded. An AI system that promises callbacks it cannot deliver, or that fails to escalate a genuine emergency, creates more damage than a missed call. The solution is not to avoid automation but to design it with honest expectations: tell callers what the system can do, set realistic callback timeframes and always provide a clear path to a real person for urgent situations.","source-citation-present-review-required","legacy block contains an external link","Retain as source copy; verify, qualify or remove during editorial review."
"claim-5c2819a2519e9473","/blog/ai-lead-capture-uk-trades-2026","blog/ai-lead-capture-uk-trades-2026.html","26","ranking | guarantee-or-absolute","AI Journ's 2026 analysis of small business automation notes that the businesses seeing the strongest results from AI tools are those that treat automation as a support layer for human decision-making rather than a replacement for it. For a plumber or electrician, that framing is exactly right: the AI handles the first 60 seconds of every enquiry so the engineer can focus on the job in front of them, confident that no lead is slipping away unanswered.","source-citation-present-review-required","legacy block contains an external link","Retain as source copy; verify, qualify or remove during editorial review."
"claim-458472fa32e9f70d","/blog/ai-lead-capture-uk-trades-2026","blog/ai-lead-capture-uk-trades-2026.html","28","timeline","The cost of AI lead capture tools has fallen significantly over the past two years. What once required a dedicated software budget and IT support can now be configured in an afternoon using platforms that integrate directly with common job management tools, Google Calendar and WhatsApp Business. Mapletree Studio's review of AI website tools for UK SMEs identifies several accessible options that require no coding knowledge and can be live within days.","source-citation-present-review-required","legacy block contains an external link","Retain as source copy; verify, qualify or remove during editorial review."
"claim-23101279ac0aaf01","/blog/ai-lead-capture-uk-trades-2026","blog/ai-lead-capture-uk-trades-2026.html","29","timeline","At the same time, UK government data on businesses with no employees shows that the majority of sole traders still rely on manual processes for enquiry handling — meaning the competitive advantage for early adopters remains meaningful. A trades firm with reliable, fast first-response automation is not just more efficient; it is measurably more likely to win work in a market where customers expect an answer within minutes.","source-citation-present-review-required","legacy block contains an external link","Retain as source copy; verify, qualify or remove during editorial review."
"claim-063085495492ed51","/blog/ai-lead-capture-uk-trades-2026","blog/ai-lead-capture-uk-trades-2026.html","30","guarantee-or-absolute","The boiler that breaks on a cold Tuesday morning will always generate an urgent phone call. The question for every UK tradesperson in 2026 is simply whether their business is the one that answers it.","proof-required","legacy source only","Retain as source copy; verify, qualify or remove during editorial review."
"claim-c342d77d8ff10a7e","/blog/ai-lead-qualification-estate-agents-2026","blog/ai-lead-qualification-estate-agents-2026.html","4","ranking","The best systems hand off cleanly: they summarise the conversation, tag the lead, and can trigger a diary booking or alert for immediate follow-up.","proof-required","legacy source only","Retain as source copy; verify, qualify or remove during editorial review."
"claim-33ee759f984a916f","/blog/ai-lead-qualification-estate-agents-2026","blog/ai-lead-qualification-estate-agents-2026.html","6","guarantee-or-absolute","AI lead qualification is changing how forward-thinking agencies close that gap. Not by replacing negotiators, but by making sure every enquiry is answered, sorted, and enriched before a human ever needs to touch it.","proof-required","legacy source only","Retain as source copy; verify, qualify or remove during editorial review."
"claim-6aadafaa1c1d1204","/blog/ai-lead-qualification-estate-agents-2026","blog/ai-lead-qualification-estate-agents-2026.html","9","guarantee-or-absolute","For an estate agency, that means handling four fundamentally different enquiry types through different logic. A prospective seller needs to be asked about their property, their timeline, whether they have already had valuations, and what their motivation is. A buyer needs budget, preferred areas, chain status, and mortgage readiness. A landlord needs to be asked about the property type, current tenancy situation, and whether they want full management or let-only. A tenant enquiry needs availability, move-in date, and income verification requirements. Each of these is a separate qualification workflow, and treating them all the same is one of the most common reasons agencies end up with a CRM full of incomplete records and cold leads that never convert.","proof-required","legacy source only","Retain as source copy; verify, qualify or remove during editorial review."
"claim-703a791450654017","/blog/ai-lead-qualification-estate-agents-2026","blog/ai-lead-qualification-estate-agents-2026.html","23","guarantee-or-absolute","Escalation rules are also essential. AI qualification works well for structured, predictable enquiry types, but it should never be the final word on a complaint, a safeguarding concern, or any situation where a human judgement call is clearly required. Operational risk and the importance of guardrails in AI deployment are increasingly recognised as a practical discipline rather than a theoretical concern — building clear escalation triggers into any qualification workflow is not optional, it is part of responsible deployment.","source-citation-present-review-required","legacy block contains an external link","Retain as source copy; verify, qualify or remove during editorial review."
"claim-8a9024bae828aced","/blog/ai-lead-qualification-estate-agents-2026","blog/ai-lead-qualification-estate-agents-2026.html","25","guarantee-or-absolute","The agencies that implement AI lead qualification most successfully tend to start narrow. Rather than attempting to automate every enquiry type simultaneously, they pick one workflow — most commonly the valuation request form or the website chat — prove the process, measure the conversion improvement, and then expand.","proof-required","legacy source only","Retain as source copy; verify, qualify or remove during editorial review."
"claim-b50276e80afa32e8","/blog/ai-lead-scoring-fitness-coaches-uk","blog/ai-lead-scoring-fitness-coaches-uk.html","6","guarantee-or-absolute","Sorting that mix manually is expensive. Every hour spent on back-and-forth with a low-intent enquiry is an hour not spent coaching paying clients, creating content, or having a proper sales conversation with someone who was already close to buying. AI lead scoring offers a practical fix: a consistent, automated qualification layer that catches every enquiry, asks the right questions, and routes people to the right next step — before you ever need to look at your phone.","proof-required","legacy source only","Retain as source copy; verify, qualify or remove during editorial review."
"claim-20463db12df7ff44","/blog/ai-lead-scoring-fitness-coaches-uk","blog/ai-lead-scoring-fitness-coaches-uk.html","10","ranking | guarantee-or-absolute","Research from Salesforce's State of Sales consistently shows that sales teams waste significant time pursuing leads that were never likely to convert, and that faster prioritisation of warm leads is one of the strongest levers for improving close rates. For a solo coach or a small team, that problem is even sharper, because there is no pipeline manager to filter the noise. The coach is the pipeline manager.","source-citation-present-review-required","legacy block contains an external link","Retain as source copy; verify, qualify or remove during editorial review."
"claim-2ed75a739b37c705","/blog/ai-lead-scoring-fitness-coaches-uk","blog/ai-lead-scoring-fitness-coaches-uk.html","12","guarantee-or-absolute","The starting point is accepting that not every enquiry deserves the same response, and that building a system to distinguish between them is not unfriendly — it is respectful of everyone's time.","proof-required","legacy source only","Retain as source copy; verify, qualify or remove during editorial review."
"claim-36cdd97bbb6c90ed","/blog/ai-lead-scoring-fitness-coaches-uk","blog/ai-lead-scoring-fitness-coaches-uk.html","20","ranking","The Best Questions to Ask Before Offering a Call","proof-required","legacy source only","Retain as source copy; verify, qualify or remove during editorial review."
"claim-e23eec18bdc5c947","/blog/ai-lead-scoring-fitness-coaches-uk","blog/ai-lead-scoring-fitness-coaches-uk.html","24","metric | pricing","Some coaches also include a budget comfort question, though this works better as a range (""£150–£300 per month"" versus ""over £300"") than as a direct ask, which can feel abrasive before any real relationship has been established.","proof-required","legacy source only","Retain as source copy; verify, qualify or remove during editorial review."
"claim-993d3ad94241d1ba","/blog/ai-lead-scoring-fitness-coaches-uk","blog/ai-lead-scoring-fitness-coaches-uk.html","34","metric | timeline | guarantee-or-absolute","The practical fix is straightforward: keep your automated follow-up focused on the process and the support you provide, not on specific outcome promises. ""We help you build sustainable habits with weekly check-ins and a personalised plan"" is solid. ""Lose 20 pounds in 60 days guaranteed"" is not.","proof-required","legacy source only","Retain as source copy; verify, qualify or remove during editorial review."
"claim-190241aebbdc2bdd","/blog/ai-lead-scoring-fitness-coaches-uk","blog/ai-lead-scoring-fitness-coaches-uk.html","37","guarantee-or-absolute","Week one: Audit your current enquiry sources. Where are leads actually coming from — Instagram DMs, Facebook Lead Ads, a website form, email? List every channel and note the volume and current response process for each.","proof-required","legacy source only","Retain as source copy; verify, qualify or remove during editorial review."
"claim-a1eea34269c15159","/blog/ai-lead-scoring-fitness-coaches-uk","blog/ai-lead-scoring-fitness-coaches-uk.html","45","guarantee-or-absolute","The goal was never to remove the human element from coaching. It was to make sure that the human element — your time, your energy, your expertise — goes to the people it can actually help, rather than being spread across every curious message that arrives in your inbox.","proof-required","legacy source only","Retain as source copy; verify, qualify or remove during editorial review."
"claim-139fe295b7e67244","/blog/ai-missed-call-recovery-dentists-uk","blog/ai-missed-call-recovery-dentists-uk.html","5","metric | pricing","The phone rings at 11:40 on a Tuesday morning. Your receptionist is checking in a nervous patient, a clinician has just started a crown prep in surgery two, and the other line lit up four minutes ago. By the time anyone calls back, the person who rang has already tried the next practice along. They wanted a consultation for Invisalign. They would have been worth £3,000 to £4,500 to your diary.","proof-required","legacy source only","Retain as source copy; verify, qualify or remove during editorial review."
"claim-d985fc419c7fddfb","/blog/ai-missed-call-recovery-dentists-uk","blog/ai-missed-call-recovery-dentists-uk.html","6","guarantee-or-absolute","This is not a staffing failure. It is a structural one. Even a well-run, well-staffed practice has predictable windows every day where inbound calls go unanswered: the morning rush before the first appointment, surgery time, lunch cover, and the period after 5pm when reception has closed. In many practices these windows overlap almost exactly with the times when high-intent patients — new patients, cosmetic enquirers, people in pain — are most likely to call.","proof-required","legacy source only","Retain as source copy; verify, qualify or remove during editorial review."
"claim-72f596f4bcdd0bc7","/blog/ai-missed-call-recovery-dentists-uk","blog/ai-missed-call-recovery-dentists-uk.html","11","guarantee-or-absolute","Private and mixed practices face a particular version of this problem. NHS appointment capacity is often constrained, so practices increasingly rely on converting private enquiries — hygiene plans, cosmetic consultations, implants, orthodontics — to sustain margin. These are exactly the enquiry types that tend to arrive by phone rather than online form, because patients have questions they want answered before they commit. If that call goes unanswered and the practice never follows up, the value disappears entirely.","proof-required","legacy source only","Retain as source copy; verify, qualify or remove during editorial review."
"claim-d22c1172eaffd8c8","/blog/ai-missed-call-recovery-dentists-uk","blog/ai-missed-call-recovery-dentists-uk.html","14","ranking | guarantee-or-absolute","Not every missed call carries equal weight, and the best AI missed-call workflows are designed around commercial priority rather than trying to automate everything at once.","proof-required","legacy source only","Retain as source copy; verify, qualify or remove during editorial review."
"claim-780b5e6d3e3f0a42","/blog/ai-missed-call-recovery-dentists-uk","blog/ai-missed-call-recovery-dentists-uk.html","17","metric | timeline | guarantee-or-absolute","Prioritising by revenue impact and diary value — rather than attempting to automate every call type simultaneously — keeps implementation manageable and gives owners meaningful data to assess what is working within the first 30 to 60 days.","proof-required","legacy source only","Retain as source copy; verify, qualify or remove during editorial review."
"claim-e0184706c25ea553","/blog/ai-missed-call-recovery-dentists-uk","blog/ai-missed-call-recovery-dentists-uk.html","21","timeline","When a call goes unanswered, the system triggers an automatic SMS or WhatsApp message to the caller within seconds. The message acknowledges the missed call, confirms the practice has seen it, and gives the patient a way to respond — either with a simple reply, a booking link, or a prompt to call back at a time that suits them.","proof-required","legacy source only","Retain as source copy; verify, qualify or remove during editorial review."
"claim-b69ab3368744f6be","/blog/ai-missed-call-recovery-dentists-uk","blog/ai-missed-call-recovery-dentists-uk.html","28","timeline","If the patient does not respond within a defined window — typically a few hours to a day, depending on the enquiry type — a gentle follow-up message goes out. If there is still no response, the record closes cleanly without generating further automated contact.","proof-required","legacy source only","Retain as source copy; verify, qualify or remove during editorial review."
"claim-b75eacac6dc43128","/blog/ai-missed-call-recovery-dentists-uk","blog/ai-missed-call-recovery-dentists-uk.html","38","metric | timeline","How to Measure ROI in the First 30 to 90 Days","proof-required","legacy source only","Retain as source copy; verify, qualify or remove during editorial review."
"claim-fdf7c03c55deea4b","/blog/ai-missed-call-recovery-dentists-uk","blog/ai-missed-call-recovery-dentists-uk.html","39","timeline","Most practices that pilot missed-call recovery can see meaningful signal within four to six weeks, because the volume of missed calls is usually larger than owners expect when they first look at the data.","proof-required","legacy source only","Retain as source copy; verify, qualify or remove during editorial review."
"claim-edcd487bbf4e62d1","/blog/ai-missed-call-recovery-dentists-uk","blog/ai-missed-call-recovery-dentists-uk.html","47","guarantee-or-absolute","The goal is not a fully automated front desk. It is a practice that never loses a high-intent patient to a slow or absent response when the team is doing what it is there to do: treating patients.","proof-required","legacy source only","Retain as source copy; verify, qualify or remove during editorial review."
"claim-218515e1d07e9b2f","/blog/ai-no-show-reduction-uk-salons-barbers","blog/ai-no-show-reduction-uk-salons-barbers.html","4","ranking","The strongest setup is layered: online booking, instant confirmation, timed reminders, simple rescheduling, waitlist fills, and deposits work best together.","proof-required","legacy source only","Retain as source copy; verify, qualify or remove during editorial review."
"claim-6d7028a80f90c85b","/blog/ai-no-show-reduction-uk-salons-barbers","blog/ai-no-show-reduction-uk-salons-barbers.html","5","metric | pricing","Picture this: it is a Tuesday afternoon, your stylist has a 2pm colour appointment blocked out, the developer is mixed, and the client simply does not show. No call, no message, no warning. That slot — worth £80 or more — is gone. Multiply that across a week, and you start to understand why no-show reduction has become one of the most commercially urgent conversations in the UK hair and beauty industry.","proof-required","legacy source only","Retain as source copy; verify, qualify or remove during editorial review."
"claim-18147f6325da3bea","/blog/ai-no-show-reduction-uk-salons-barbers","blog/ai-no-show-reduction-uk-salons-barbers.html","6","metric | timeline | pricing","The sector is enormous. According to the National Hair & Beauty Federation, it contributes £5.8 billion in gross value added to the UK economy, employs around 245,000 people and spans more than 61,000 businesses. Most of those businesses are small independents — owner-operated salons and barber shops where a single empty chair does not just sting, it genuinely threatens the week's margin. In that context, AI no-show reduction is not a luxury feature. It is a practical revenue-protection system that is increasingly within reach for businesses of any size.","source-citation-present-review-required","legacy block contains an external link","Retain as source copy; verify, qualify or remove during editorial review."
"claim-b0852b4df6160e07","/blog/ai-no-show-reduction-uk-salons-barbers","blog/ai-no-show-reduction-uk-salons-barbers.html","14","metric","Timed reminder sequences. Automated messages — usually a combination of SMS and email — sent 48 hours and again 24 hours before the appointment. Fresha's appointment reminder tools are designed specifically around this logic, prompting clients to confirm or reschedule rather than simply not appear.","proof-required","legacy source only","Retain as source copy; verify, qualify or remove during editorial review."
"claim-d49ac3641a2575c9","/blog/ai-no-show-reduction-uk-salons-barbers","blog/ai-no-show-reduction-uk-salons-barbers.html","15","ranking","Timely's operational guidance for salons highlights reminders, deposits, cancellation policies and waitlists as the four most effective levers for reducing missed appointments, and notes that combining them produces better results than any single tactic alone. The key insight is that AI no-show reduction works best as a system, not a single notification.","source-citation-present-review-required","legacy block contains an external link","Retain as source copy; verify, qualify or remove during editorial review."
"claim-5d19f669795a98bd","/blog/ai-no-show-reduction-uk-salons-barbers","blog/ai-no-show-reduction-uk-salons-barbers.html","17","ranking","Phorest, one of the UK's leading salon software providers, has documented how salons are moving beyond manual follow-up and using AI-assisted tools for client communication, rebooking prompts and business performance insights. Their reporting shows that operators who automate post-visit rebooking nudges — messages sent a few days after an appointment suggesting the client's next visit — see measurably higher return rates than those relying on clients to self-initiate.","source-citation-present-review-required","legacy block contains an external link","Retain as source copy; verify, qualify or remove during editorial review."
"claim-c813ad655a53854e","/blog/ai-no-show-reduction-uk-salons-barbers","blog/ai-no-show-reduction-uk-salons-barbers.html","21","ranking","The most practical starting point is not to automate everything at once. Begin with your highest-value services and your busiest time slots — the appointments where a no-show causes the most financial damage. A two-hour colour treatment on a Saturday morning is a far more expensive loss than a 20-minute trim on a quiet weekday.","proof-required","legacy source only","Retain as source copy; verify, qualify or remove during editorial review."
"claim-03189b36a48336e6","/blog/ai-no-show-reduction-uk-salons-barbers","blog/ai-no-show-reduction-uk-salons-barbers.html","26","metric | timeline","Once the system is running, the metrics to track are straightforward: no-show rate as a percentage of total bookings, cancellation lead time (how far in advance clients cancel, which determines whether the slot can be filled), waitlist conversion rate, and rebooking rate within 30 days of a visit.","proof-required","legacy source only","Retain as source copy; verify, qualify or remove during editorial review."
"claim-4e5870b99d4e813d","/blog/ai-no-show-reduction-uk-salons-barbers","blog/ai-no-show-reduction-uk-salons-barbers.html","27","timeline","A realistic outcome for a well-implemented AI no-show reduction system is a meaningful drop in missed appointments within the first few weeks, combined with a gradual improvement in rebooking frequency as the automated post-visit prompts take effect. The financial impact compounds over time: fewer empty slots means more consistent revenue, which in turn means more predictable staffing and better capacity planning.","proof-required","legacy source only","Retain as source copy; verify, qualify or remove during editorial review."
"claim-aef8a3c2046c70b7","/blog/ai-quote-follow-up-trades","blog/ai-quote-follow-up-trades.html","9","guarantee-or-absolute","For small and medium-sized trades teams, the challenge is not knowing follow-up matters. It is finding the time to do it properly every time.","proof-required","legacy source only","Retain as source copy; verify, qualify or remove during editorial review."
"claim-791bd8bf0c3c2274","/blog/ai-quote-follow-up-trades","blog/ai-quote-follow-up-trades.html","16","guarantee-or-absolute","AI can help you keep that message concise and repeatable across your team, so every lead gets a professional response.","proof-required","legacy source only","Retain as source copy; verify, qualify or remove during editorial review."
"claim-e25c6bc29674b19a","/blog/ai-quote-follow-up-trades","blog/ai-quote-follow-up-trades.html","18","ranking","Quote follow-up works best when it is part of a simple process. Once a quote is sent, there should be a clear plan for when and how to follow up, and who is responsible for doing it.","proof-required","legacy source only","Retain as source copy; verify, qualify or remove during editorial review."
"claim-9139c0f8b62d8ff1","/blog/ai-rebooking-journeys-salons-uk","blog/ai-rebooking-journeys-salons-uk.html","22","guarantee-or-absolute","Compliance and data basics every UK salon owner must get right","proof-required","legacy source only","Retain as source copy; verify, qualify or remove during editorial review."
"claim-8115b0523d883a42","/blog/ai-rebooking-journeys-salons-uk","blog/ai-rebooking-journeys-salons-uk.html","25","guarantee-or-absolute","Practical steps: capture opt-in at checkout; show a clear opt-out in every message; log consent and preferences; and keep client contact details up to date.","proof-required","legacy source only","Retain as source copy; verify, qualify or remove during editorial review."
"claim-a9d09645da7479c0","/blog/ai-rebooking-journeys-salons-uk","blog/ai-rebooking-journeys-salons-uk.html","31","metric | timeline","A typical rollout is: pick one workflow, run it for 6–8 weeks with a small segment, measure the above metrics, then expand. Industry reports highlight retention as a reliable lever in salons, so small gains in rebooking percentage can meaningfully protect revenue.","proof-required","legacy source only","Retain as source copy; verify, qualify or remove during editorial review."
"claim-cd17e6110469f6fa","/blog/ai-rebooking-journeys-salons-uk","blog/ai-rebooking-journeys-salons-uk.html","33","ranking","AI rebooking works best when it augments rather than replaces frontline staff.","proof-required","legacy source only","Retain as source copy; verify, qualify or remove during editorial review."
"claim-2c9f0bcd2cc1c863","/blog/ai-rebooking-journeys-salons-uk","blog/ai-rebooking-journeys-salons-uk.html","35","guarantee-or-absolute","Stylist calendars: integrate workflows with real availability so the system never offers impossible slots.","proof-required","legacy source only","Retain as source copy; verify, qualify or remove during editorial review."
"claim-9b2c77a69f4c034f","/blog/ai-receptionist-small-business-2026","blog/ai-receptionist-small-business-2026.html","1","ranking","The strongest first AI rollout is often the front desk: the layer where enquiries, reminders, bookings, and follow-up either convert into revenue or quietly fall away.","proof-required","legacy source only","Retain as source copy; verify, qualify or remove during editorial review."
"claim-34c55c09fafad3c9","/blog/ai-receptionist-small-business-2026","blog/ai-receptionist-small-business-2026.html","3","ranking","If you only read one section, read this one: the article below argues that the best first AI project for many small businesses is the front desk, because that is where missed calls, slow replies, unconfirmed bookings, and weak follow-up quietly turn demand into lost revenue.","proof-required","legacy source only","Retain as source copy; verify, qualify or remove during editorial review."
"claim-6892de955953bc5f","/blog/ai-receptionist-small-business-2026","blog/ai-receptionist-small-business-2026.html","4","ranking","Keep people on the exceptions: the strongest setups use human handoff for sensitive, unusual, or high-stakes conversations.","proof-required","legacy source only","Retain as source copy; verify, qualify or remove during editorial review."
"claim-98ef9b1d194337c3","/blog/ai-receptionist-small-business-2026","blog/ai-receptionist-small-business-2026.html","6","timeline | guarantee-or-absolute","Official UK data published in January 2026 showed that around a quarter of businesses were already using some form of artificial intelligence, while 15% said they planned to adopt it within the next three months. That is enough to make AI feel unavoidable, but not enough to make every project sensible. Many owners are now caught between pressure to move and uncertainty about where real value sits.","proof-required","legacy source only","Retain as source copy; verify, qualify or remove during editorial review."
"claim-0bc3b7e38a87e4a6","/blog/ai-receptionist-small-business-2026","blog/ai-receptionist-small-business-2026.html","8","ranking","Why the front desk is the strongest first AI project","proof-required","legacy source only","Retain as source copy; verify, qualify or remove during editorial review."
"claim-19e0d8208635358e","/blog/ai-receptionist-small-business-2026","blog/ai-receptionist-small-business-2026.html","9","timeline | ranking","The best first AI project is the one closest to cash flow. It should deal with repeatable tasks, operate within clear rules, and produce outcomes that are easy to measure. Front-desk work meets that test unusually well. Missed calls, slow replies, unconfirmed appointments, unattended web enquiries, and inconsistent follow-up all sit near the point where demand turns into revenue.","proof-required","legacy source only","Retain as source copy; verify, qualify or remove during editorial review."
"claim-6373d87563c8a512","/blog/ai-receptionist-small-business-2026","blog/ai-receptionist-small-business-2026.html","14","ranking | guarantee-or-absolute","An AI receptionist is best understood as an always-on service layer across phone, forms, web chat, inboxes, and messaging channels. Its job is not to replace judgment-heavy human conversations. Its job is to handle the first stage of routine interactions well and consistently.","proof-required","legacy source only","Retain as source copy; verify, qualify or remove during editorial review."
"claim-7dea97dc5dda1af9","/blog/ai-receptionist-small-business-2026","blog/ai-receptionist-small-business-2026.html","19","ranking","AI reception works best where the interaction has a clear destination. Book a viewing. Confirm a reservation. Capture a missed call. Ask a few triage questions. Send a reminder. Refill a cancelled slot. Follow up a quote. Nudge a patient to rebook. Route a lead to the right member of staff. These are bounded workflows with visible commercial impact.","proof-required","legacy source only","Retain as source copy; verify, qualify or remove during editorial review."
"claim-e25fd1374fc65fc1","/blog/ai-receptionist-small-business-2026","blog/ai-receptionist-small-business-2026.html","21","timeline","Owners can usually see within weeks whether fewer enquiries are being missed, whether response times have improved, whether diaries are filling more reliably, and whether staff are spending less time on routine admin. A practical AI receptionist should make the business easier to buy from and easier to run.","proof-required","legacy source only","Retain as source copy; verify, qualify or remove during editorial review."
"claim-df83fbf3d6a117b7","/blog/ai-receptionist-small-business-2026","blog/ai-receptionist-small-business-2026.html","31","guarantee-or-absolute","Define what the system is allowed to do, and what it must never do on its own.","proof-required","legacy source only","Retain as source copy; verify, qualify or remove during editorial review."
"claim-eb2a21597ded98f9","/blog/ai-receptionist-small-business-2026","blog/ai-receptionist-small-business-2026.html","35","guarantee-or-absolute","The businesses most likely to benefit are not necessarily the ones running the most advanced systems. They are the ones using automation where delays, inconsistency, and manual admin are already costing them money. For estate agents, clinics, hospitality operators, trades firms, coaches, and other service-led businesses, that often means the same thing: building a front desk that never goes off duty.","proof-required","legacy source only","Retain as source copy; verify, qualify or remove during editorial review."
"claim-654fee3f477ab9a6","/blog/ai-receptionist-small-business-2026","blog/ai-receptionist-small-business-2026.html","36","guarantee-or-absolute","That is why the AI receptionist has become such a strong first project. It sits close to revenue, solves problems owners already feel every day, works across multiple sectors, and can be introduced in a controlled way. In a market crowded with grand promises, that combination of practicality and commercial relevance is exactly what makes it powerful.","proof-required","legacy source only","Retain as source copy; verify, qualify or remove during editorial review."
"claim-d221956b3466f771","/blog/ai-receptionist-uk-costs-roi-2026","blog/ai-receptionist-uk-costs-roi-2026.html","1","ranking","From missed-call recovery to after-hours bookings, here is what AI reception really costs and where the return shows up fastest.","proof-required","legacy source only","Retain as source copy; verify, qualify or remove during editorial review."
"claim-2f7f8f52b867c598","/blog/ai-receptionist-uk-costs-roi-2026","blog/ai-receptionist-uk-costs-roi-2026.html","4","pricing","Typical costs are layered: SME pricing usually includes a monthly platform fee, telephony charges, and setup for integrations, prompts, and handoff rules.","proof-required","legacy source only","Retain as source copy; verify, qualify or remove during editorial review."
"claim-bbdfa6cd40c394c9","/blog/ai-receptionist-uk-costs-roi-2026","blog/ai-receptionist-uk-costs-roi-2026.html","4","pricing","ROI is often straightforward to model: recovering even part of missed-call volume can outweigh monthly software costs when enquiries convert into bookings or consultations.","proof-required","legacy source only","Retain as source copy; verify, qualify or remove during editorial review."
"claim-875d3033a7524a19","/blog/ai-receptionist-uk-costs-roi-2026","blog/ai-receptionist-uk-costs-roi-2026.html","4","ranking","Fastest gains tend to appear in service-led sectors: clinics, hospitality, legal, and recruitment benefit where inbound speed and availability directly affect conversion.","proof-required","legacy source only","Retain as source copy; verify, qualify or remove during editorial review."
"claim-257777d29eaae1bf","/blog/ai-receptionist-uk-costs-roi-2026","blog/ai-receptionist-uk-costs-roi-2026.html","5","guarantee-or-absolute","Every missed call is a missed decision. For a dental practice, that might be a new patient booking elsewhere. For a recruitment agency, it could be a candidate accepting a rival offer. For a hospitality business, it is a table filled by a competitor. Research from Microsoft's 2025 Work Trend Index found that 53% of business leaders say productivity must increase this year, and yet front-desk bottlenecks — unanswered phones, slow follow-up, after-hours silence — remain one of the most straightforward drains on revenue that small businesses simply accept. In 2026, that acceptance is becoming harder to justify.","source-citation-present-review-required","legacy block contains an external link","Retain as source copy; verify, qualify or remove during editorial review."
"claim-2d51ccaac7c48af0","/blog/ai-receptionist-uk-costs-roi-2026","blog/ai-receptionist-uk-costs-roi-2026.html","12","metric | pricing","Pricing for AI receptionist systems in 2026 typically breaks into three layers. First, there is the platform or software fee, which for SME-grade tools generally runs between £100 and £500 per month depending on call volume, features and the number of integrations. Second, there are telephony costs — either absorbed by the platform or billed per minute depending on the provider. Third, there is setup and configuration, which for a well-scoped deployment covers prompt engineering, integration testing, escalation rules and handoff logic.","proof-required","legacy source only","Retain as source copy; verify, qualify or remove during editorial review."
"claim-a667fa864ac9229f","/blog/ai-receptionist-uk-costs-roi-2026","blog/ai-receptionist-uk-costs-roi-2026.html","13","metric | pricing","The ROI calculation is simpler than most business owners expect. Start with missed-call volume. If a clinic misses 20 calls a week and converts 40% of answered enquiries into appointments worth £60 each, recovering even half of those missed calls generates roughly £1,200 in additional monthly revenue — against a platform cost that is a fraction of that. Add after-hours lead capture, reduced receptionist overtime, and faster response times, and the case builds quickly.","proof-required","legacy source only","Retain as source copy; verify, qualify or remove during editorial review."
"claim-35bd246f70db1e42","/blog/ai-receptionist-uk-costs-roi-2026","blog/ai-receptionist-uk-costs-roi-2026.html","14","ranking","McKinsey's State of AI report found that 78% of organisations now use AI in at least one business function, with customer service consistently among the highest-adoption areas. That is not because large companies have surplus budget — it is because the ROI in customer-facing automation tends to be faster and more measurable than in back-office deployments. UK SMEs are increasingly reaching the same conclusion.","source-citation-present-review-required","legacy block contains an external link","Retain as source copy; verify, qualify or remove during editorial review."
"claim-98f042b734b982f2","/blog/ai-receptionist-uk-costs-roi-2026","blog/ai-receptionist-uk-costs-roi-2026.html","16","ranking","Sector Examples: Where AI Reception Delivers Fastest","proof-required","legacy source only","Retain as source copy; verify, qualify or remove during editorial review."
"claim-ad83b00602de4103","/blog/ai-receptionist-uk-costs-roi-2026","blog/ai-receptionist-uk-costs-roi-2026.html","20","pricing","Hotels, restaurants and event venues receive high volumes of repetitive inbound enquiries — availability checks, pricing questions, booking confirmations. Dialpad's AI contact centre research highlights how voice AI embedded in front-office telephony reduces handling time and improves first-contact resolution. For a busy restaurant, an AI that answers the phone during service, confirms reservations and handles standard questions means floor staff are not pulled away mid-shift.","source-citation-present-review-required","legacy block contains an external link","Retain as source copy; verify, qualify or remove during editorial review."
"claim-f9bb13a30920e8a4","/blog/ai-receptionist-uk-costs-roi-2026","blog/ai-receptionist-uk-costs-roi-2026.html","28","ranking","AI receptionists are not a replacement for human judgement, and the best deployments are designed with that in mind. They are a buffer between inbound volume and human capacity — handling the routine so that people can handle the complex. For UK SMEs in sectors where missed calls translate directly to missed revenue, the cost of not automating is often higher than the cost of the platform itself. The businesses seeing the clearest returns in 2026 are those that started narrow, measured honestly, and expanded from a foundation that actually worked.","proof-required","legacy source only","Retain as source copy; verify, qualify or remove during editorial review."
"claim-15eb26cdf93bfbc3","/blog/ai-returns-triage-ecommerce-uk","blog/ai-returns-triage-ecommerce-uk.html","5","guarantee-or-absolute","Returns are not a niche problem for online retailers. They are one of the most reliable sources of repetitive support contact, inbox clutter, and staff frustration that small UK eCommerce brands face every single trading week. A customer emails to ask whether their item qualifies for a return. Another wants to know when their refund will land. A third wants to swap a size but cannot find the exchange instructions. None of these questions are complicated. All of them take time to answer individually, and when they stack up across email, live chat, and social DMs, they quietly consume hours that small teams simply do not have.","proof-required","legacy source only","Retain as source copy; verify, qualify or remove during editorial review."
"claim-3f10b016d2a2c190","/blog/ai-returns-triage-ecommerce-uk","blog/ai-returns-triage-ecommerce-uk.html","9","timeline | guarantee-or-absolute","The contact pattern is consistent. Shoppers get in touch to ask whether their item is within the returns window. They want to know if a sale item is eligible. They need a label resent. They want an update on whether their returned parcel has arrived. They ask how long the refund takes to process. Each of these questions has a correct, policy-based answer that never changes. Yet without a triage layer, each one lands in someone's inbox and waits its turn alongside complaints, wholesale queries, and stock questions that actually need human judgement.","proof-required","legacy source only","Retain as source copy; verify, qualify or remove during editorial review."
"claim-13dda2badd64634e","/blog/ai-returns-triage-ecommerce-uk","blog/ai-returns-triage-ecommerce-uk.html","15","guarantee-or-absolute","What Should Still Go to a Human — Every Time","proof-required","legacy source only","Retain as source copy; verify, qualify or remove during editorial review."
"claim-d85d69951fc7af4a","/blog/ai-returns-triage-ecommerce-uk","blog/ai-returns-triage-ecommerce-uk.html","16","guarantee-or-absolute","This is where many automated returns systems go wrong. The temptation is to automate everything and reduce every ticket to a workflow step. That approach frustrates customers precisely when they are most at risk of churning.","proof-required","legacy source only","Retain as source copy; verify, qualify or remove during editorial review."
"claim-c7eaeed93747c6f3","/blog/ai-returns-triage-ecommerce-uk","blog/ai-returns-triage-ecommerce-uk.html","23","ranking","If you are starting from scratch, the most useful thing you can do is identify your three highest-volume return contact types and build a triage flow for those specifically, before worrying about anything else.","proof-required","legacy source only","Retain as source copy; verify, qualify or remove during editorial review."
"claim-d6d8d7cd8449e284","/blog/ai-returns-triage-ecommerce-uk","blog/ai-returns-triage-ecommerce-uk.html","26","timeline","A customer wants a different size. Triage collects the order number, confirms the item is within the exchange window, asks for the preferred replacement size, checks stock availability if your system allows it, and either confirms the exchange with return instructions or flags to a human if the size is out of stock. This single flow can remove dozens of individual email threads per week during peak trading.","proof-required","legacy source only","Retain as source copy; verify, qualify or remove during editorial review."
"claim-8967f55ba8ef27fe","/blog/ai-returns-triage-ecommerce-uk","blog/ai-returns-triage-ecommerce-uk.html","38","pricing","Support deflection rate. What proportion of returns-related contacts are fully resolved without a human agent? Track this monthly and compare it to your pre-automation baseline.","proof-required","legacy source only","Retain as source copy; verify, qualify or remove during editorial review."
"claim-84f5c1e141226aa8","/blog/ai-returns-triage-ecommerce-uk","blog/ai-returns-triage-ecommerce-uk.html","43","metric | timeline","Review these figures at 30, 60, and 90 days after going live. The goal is not just fewer tickets; it is a measurable shift in how your team's time is spent, with returns admin handled systematically and staff attention redirected toward retention, merchandising, and the genuinely complex cases that need human care.","proof-required","legacy source only","Retain as source copy; verify, qualify or remove during editorial review."
"claim-8f69f052f8ab4e25","/blog/ai-returns-triage-ecommerce-uk","blog/ai-returns-triage-ecommerce-uk.html","44","ranking","For small UK eCommerce brands, the strongest argument for AI returns triage is not cost reduction in the abstract. It is the combination of faster answers for customers, fewer repetitive tasks for your team, and a more consistent experience at one of the highest-friction moments in the post-purchase journey. The technology required is not advanced. The workflow design is not complicated. What it does require is clarity about what you want the automation to do, and honesty about where a person still needs to be in the loop. Get that balance right, and returns stops being a support drain and becomes something closer to a manageable, measurable process. You can explore how Silverstone AI works with eCommerce brands on practical workflow automation, or browse the full services overview to see where returns triage fits alongside enquiry handling and follow-up.","proof-required","legacy source only","Retain as source copy; verify, qualify or remove during editorial review."
"claim-2a9cdc889794b18f","/blog/ai-viewing-feedback-estate-agents-uk","blog/ai-viewing-feedback-estate-agents-uk.html","18","timeline","If the buyer has not responded within four to six hours, a second message is triggered. The tone remains conversational, not pressuring. This alone recovers a significant proportion of feedback that would otherwise require a manual call.","proof-required","legacy source only","Retain as source copy; verify, qualify or remove during editorial review."
"claim-47f712ac9b84c524","/blog/ai-viewing-feedback-estate-agents-uk","blog/ai-viewing-feedback-estate-agents-uk.html","27","guarantee-or-absolute","An agency that updates vendors consistently after every viewing builds a visible track record of effort. When a sale eventually completes — or when it fails — the vendor's memory of the process is shaped heavily by how well they were kept informed along the way. Consistent, structured updates create the impression of a proactive agency even during slow periods.","proof-required","legacy source only","Retain as source copy; verify, qualify or remove during editorial review."
"claim-91fe20cf3be6f427","/blog/ai-viewing-feedback-estate-agents-uk","blog/ai-viewing-feedback-estate-agents-uk.html","39","guarantee-or-absolute","The Digital Markets, Competition and Consumers Act 2024 and National Trading Standards guidance both reinforce the importance of honest, accurate communications with consumers. Automated messages should never imply an urgency that does not exist, create a false impression of demand, or misrepresent the agency's activities. If an automated message says a property has had strong interest this week, that needs to be factually accurate.","source-citation-present-review-required","legacy block contains an external link","Retain as source copy; verify, qualify or remove during editorial review."
"claim-a060181b25e4dbce","/blog/ai-viewing-feedback-estate-agents-uk","blog/ai-viewing-feedback-estate-agents-uk.html","42","guarantee-or-absolute","Starting with the full workflow across every branch and every negotiator is not necessary, and it often leads to the kind of implementation problems that plague AI automation projects in SMEs — too many variables, unclear ownership, and no baseline to measure against.","source-citation-present-review-required","legacy block contains an external link","Retain as source copy; verify, qualify or remove during editorial review."
"claim-dabd55d93a2c2255","/blog/ai-viewing-feedback-estate-agents-uk","blog/ai-viewing-feedback-estate-agents-uk.html","43","metric | timeline","A more reliable approach is to pilot with one negotiator or one branch over 30 days.","proof-required","legacy source only","Retain as source copy; verify, qualify or remove during editorial review."
"claim-1e182917651e8d6c","/blog/ai-viewing-feedback-estate-agents-uk","blog/ai-viewing-feedback-estate-agents-uk.html","45","guarantee-or-absolute","Week two: Set up the automated request and the chase message. Test with internal contacts before going live. Make sure every outbound message includes an easy opt-out.","proof-required","legacy source only","Retain as source copy; verify, qualify or remove during editorial review."
"claim-cf7174317a9c76cb","/blog/ai-viewing-feedback-estate-agents-uk","blog/ai-viewing-feedback-estate-agents-uk.html","47","metric | timeline","Week four: Review the numbers. Useful metrics include feedback collected within 24 hours as a percentage of viewings completed, vendor update speed (hours from viewing to summary sent), and the number of hot-lead flags that turned into conversations.","proof-required","legacy source only","Retain as source copy; verify, qualify or remove during editorial review."
"claim-8278fdcbf6ea06b0","/blog/ai-viewing-feedback-estate-agents-uk","blog/ai-viewing-feedback-estate-agents-uk.html","48","metric | timeline","Over 30 days, a typical small agency running ten to fifteen viewings per week should have enough data to see whether feedback completion rates have improved and whether vendor satisfaction is measurably better.","proof-required","legacy source only","Retain as source copy; verify, qualify or remove during editorial review."
"claim-0b2a0f01ff02a5ec","/blog/ai-viewing-feedback-estate-agents-uk","blog/ai-viewing-feedback-estate-agents-uk.html","51","guarantee-or-absolute","Every vendor you communicate with consistently is a vendor who is more likely to recommend you, re-instruct you after a failed sale, or refer a neighbour. Every buyer whose feedback you capture quickly is a buyer you can return to with the right property at the right moment rather than losing them to another agency's CRM.","proof-required","legacy source only","Retain as source copy; verify, qualify or remove during editorial review."
"claim-bb14f38d700f0446","/blog/ai-voice-agents-uk-smes-2026","blog/ai-voice-agents-uk-smes-2026.html","4","ranking","The strongest use cases are predictable and high-volume: healthcare, hospitality, legal, and recruitment benefit most where calls are repetitive and structured.","proof-required","legacy source only","Retain as source copy; verify, qualify or remove during editorial review."
"claim-ca3f44551f4cefa0","/blog/ai-voice-agents-uk-smes-2026","blog/ai-voice-agents-uk-smes-2026.html","5","guarantee-or-absolute","Every missed call is a missed opportunity. For UK small and medium-sized businesses, that statement is not a motivational poster — it is a revenue problem playing out dozens of times a week. Whether it is a dental practice that loses a new patient to a competitor who picked up first, a recruitment agency whose candidate moved on before anyone called back, or a hotel that watched a group booking evaporate because the phone rang out on a Friday evening, the cost of being unavailable is real and measurable. In 2026, AI voice agents have moved from an enterprise novelty to a practical operational tool that any SME can deploy — and the businesses adopting them are not doing it to seem innovative. They are doing it because it works.","proof-required","legacy source only","Retain as source copy; verify, qualify or remove during editorial review."
"claim-aa14f34b2549b71f","/blog/ai-voice-agents-uk-smes-2026","blog/ai-voice-agents-uk-smes-2026.html","10","ranking","Where the Business Case Is Strongest","proof-required","legacy source only","Retain as source copy; verify, qualify or remove during editorial review."
"claim-746e618c660daef6","/blog/ai-voice-agents-uk-smes-2026","blog/ai-voice-agents-uk-smes-2026.html","15","timeline","The proof of concept at scale comes from Klarna, whose AI assistant handled two-thirds of all customer service interactions within its first month of deployment — equivalent to the workload of 700 full-time agents. That is an enterprise example, but the underlying principle — that AI can absorb a very large share of structured, repetitive customer conversations — translates directly to SME call handling.","source-citation-present-review-required","legacy block contains an external link","Retain as source copy; verify, qualify or remove during editorial review."
"claim-9ee71f97b3b7d5fd","/blog/ai-voice-agents-uk-smes-2026","blog/ai-voice-agents-uk-smes-2026.html","16","ranking","McKinsey's research on the economic potential of generative AI estimates that AI could automate activities that currently account for 60 to 70 percent of employees' time, with customer operations among the highest-impact areas. For a small business where the receptionist, the office manager and the owner are sometimes the same person, that figure should prompt serious attention.","source-citation-present-review-required","legacy block contains an external link","Retain as source copy; verify, qualify or remove during editorial review."
"claim-1004af9121781bb5","/blog/ai-website-tools-uk-small-businesses-2026","blog/ai-website-tools-uk-small-businesses-2026.html","3","ranking","If you only read one section, read this one: the article below argues that AI website tools UK small businesses use in 2026 work best when they are connected to lead handling and follow-up, because a chatbot or personalisation tool on its own does not create much value if enquiries still end up stuck in an inbox or spreadsheet.","proof-required","legacy source only","Retain as source copy; verify, qualify or remove during editorial review."
"claim-c1486d6e891546e5","/blog/ai-website-tools-uk-small-businesses-2026","blog/ai-website-tools-uk-small-businesses-2026.html","4","ranking","Start with one clear problem: the strongest implementations usually begin with a specific bottleneck such as after-hours enquiries or appointment booking, then expand from there.","proof-required","legacy source only","Retain as source copy; verify, qualify or remove during editorial review."
"claim-91d0ec7961a386cf","/blog/ai-website-tools-uk-small-businesses-2026","blog/ai-website-tools-uk-small-businesses-2026.html","13","guarantee-or-absolute","Conversational lead capture tools: these handle the moment a visitor is ready to engage. Rather than a static contact form that disappears into an inbox, AI-powered chat agents can ask qualifying questions, answer common queries and route the conversation appropriately — even at 11pm on a Sunday. Intercom's AI agent is a mature example of this, while HubSpot's connected chat and CRM ensures every conversation automatically creates or updates a contact record.","proof-required","legacy source only","Retain as source copy; verify, qualify or remove during editorial review."
"claim-27e8d78c51d9f1d8","/blog/ai-website-tools-uk-small-businesses-2026","blog/ai-website-tools-uk-small-businesses-2026.html","23","pricing","The metric that cuts through the noise for most SMEs is straightforward: what percentage of website visitors who show genuine intent — visiting a pricing page, starting a form, returning for a second time — end up in a conversation? For most small business websites without AI tools, that number is low. Visitors with high intent still leave without engaging, because the friction of a static form or a phone number that rings out is enough to lose them.","proof-required","legacy source only","Retain as source copy; verify, qualify or remove during editorial review."
"claim-81e3b30292d90c1e","/blog/ai-win-back-journeys-gyms-uk","blog/ai-win-back-journeys-gyms-uk.html","6","ranking","The problem is not unusual. The State of the UK Fitness Industry Report 2025 and wider IHRSA research consistently identify member retention as one of the highest-value levers available to fitness operators — yet most small gyms and studios still rely on staff memory and occasional email blasts to manage it. That combination is too slow, too inconsistent, and too easy to skip when the desk is busy.","source-citation-present-review-required","legacy block contains an external link","Retain as source copy; verify, qualify or remove during editorial review."
"claim-48de57df8564b521","/blog/ai-win-back-journeys-gyms-uk","blog/ai-win-back-journeys-gyms-uk.html","7","guarantee-or-absolute","This article explains how a structured AI win-back journey can help UK operators catch inactive members earlier, communicate in a way that feels personal rather than automated, and recover recurring revenue without training members to wait for a discount code every time they drift.","proof-required","legacy source only","Retain as source copy; verify, qualify or remove during editorial review."
"claim-e68fd8c79167082e","/blog/ai-win-back-journeys-gyms-uk","blog/ai-win-back-journeys-gyms-uk.html","9","pricing","The immediate cost of a lapsed member is obvious — one less monthly payment. The full cost is larger.","proof-required","legacy source only","Retain as source copy; verify, qualify or remove during editorial review."
"claim-ded65d81d5262d08","/blog/ai-win-back-journeys-gyms-uk","blog/ai-win-back-journeys-gyms-uk.html","10","metric | timeline","When a member becomes inactive, they stop attending classes and using equipment, which reduces the social energy and utilisation levels that make a facility feel worth the price. They are also far more likely to cancel within the next 60 to 90 days. Once cancelled, replacing them requires marketing spend, sales time, and onboarding effort — all of which cost more than retention would have done.","proof-required","legacy source only","Retain as source copy; verify, qualify or remove during editorial review."
"claim-822394f15de21b86","/blog/ai-win-back-journeys-gyms-uk","blog/ai-win-back-journeys-gyms-uk.html","11","pricing","Beyond the direct financial impact, there is a capacity and perception issue. Studios that run with patchy attendance can struggle to justify pricing, coaches feel underutilised, and class formats are harder to sustain commercially. Frozen memberships create a separate headache: owners effectively carry paused accounts without revenue while those members drift mentally further from the habit.","proof-required","legacy source only","Retain as source copy; verify, qualify or remove during editorial review."
"claim-57fe754e90db63a3","/blog/ai-win-back-journeys-gyms-uk","blog/ai-win-back-journeys-gyms-uk.html","18","metric | timeline","Step one — spot the trigger. The system monitors attendance data from your booking platform or access system. When a member's visit frequency drops below a defined threshold — say, no visit in 14 days for someone who normally attends three times a week — a flag is raised automatically.","proof-required","legacy source only","Retain as source copy; verify, qualify or remove during editorial review."
"claim-17f6a175be14a414","/blog/ai-win-back-journeys-gyms-uk","blog/ai-win-back-journeys-gyms-uk.html","25","pricing","The reflex response to member inactivity is often a discount. It can work — but it trains members to disengage periodically in expectation of an offer, which gradually erodes your pricing power and margins.","proof-required","legacy source only","Retain as source copy; verify, qualify or remove during editorial review."
"claim-2f275233972a9b81","/blog/ai-win-back-journeys-gyms-uk","blog/ai-win-back-journeys-gyms-uk.html","38","metric | timeline","What to Measure in the First 90 Days","proof-required","legacy source only","Retain as source copy; verify, qualify or remove during editorial review."
"claim-8f61a6a020507e4d","/blog/ai-win-back-journeys-gyms-uk","blog/ai-win-back-journeys-gyms-uk.html","42","metric | pricing","For a studio running 300 active members with typical churn patterns, recovering even 10 to 15 inactive members per month at an average membership value of £50 represents £6,000 to £9,000 in recovered annual revenue — before accounting for retention of members who might otherwise have cancelled.","proof-required","legacy source only","Retain as source copy; verify, qualify or remove during editorial review."
"claim-ff6d4c26ec21152d","/blog/ai-win-back-journeys-gyms-uk","blog/ai-win-back-journeys-gyms-uk.html","46","metric | timeline","Start with the simplest segment — members who have not visited in 21 days — and a single two-message sequence. Measure what happens over 60 days. Refine the message and timing based on response data. Add more segments once the first one is working.","proof-required","legacy source only","Retain as source copy; verify, qualify or remove during editorial review."
"claim-eb83d0e2ae6d0908","/blog/clinic-rebooking-physio-chiro-uk","blog/clinic-rebooking-physio-chiro-uk.html","5","guarantee-or-absolute","Most physio and chiropractic clinics do not lose patients because the treatment is poor. They lose them in the gap between one session and the next. A patient leaves feeling better, meaning to book their follow-up, and then life intervenes. Work gets busy, the pain eases slightly, or they simply forget. When nothing prompts them back, that quiet drift becomes a permanent drop-off — and a gap in the diary that never gets filled.","proof-required","legacy source only","Retain as source copy; verify, qualify or remove during editorial review."
"claim-7267f6ad015cad2c","/blog/clinic-rebooking-physio-chiro-uk","blog/clinic-rebooking-physio-chiro-uk.html","10","guarantee-or-absolute","The reminder goes out too late, or not at all. Where reminders exist, they are often sent only to patients who already have a booking — not to those who have lapsed or never rebooked after their last visit.","proof-required","legacy source only","Retain as source copy; verify, qualify or remove during editorial review."
"claim-9dad4adaf0872da9","/blog/clinic-rebooking-physio-chiro-uk","blog/clinic-rebooking-physio-chiro-uk.html","17","ranking","Same-day rebooking prompt. Before or immediately after the session, the patient receives a message — ideally by SMS or email — with a direct link to book their next appointment. This works best when the clinician has indicated the recommended follow-up interval, so the prompt can reference it (“Your physiotherapist has suggested you return in two weeks — here's a link to book”).","proof-required","legacy source only","Retain as source copy; verify, qualify or remove during editorial review."
"claim-010451a20356112d","/blog/clinic-rebooking-physio-chiro-uk","blog/clinic-rebooking-physio-chiro-uk.html","17","metric | timeline","Time-based recall if not booked within 48 hours. If no booking has been made following the prompt, an automated recall message goes out. This is not a generic reminder — it specifically references that the patient has had an appointment and has not yet booked a follow-up, which makes it feel relevant rather than spammy.","proof-required","legacy source only","Retain as source copy; verify, qualify or remove during editorial review."
"claim-617b72f7f7c620a3","/blog/clinic-rebooking-physio-chiro-uk","blog/clinic-rebooking-physio-chiro-uk.html","23","timeline","Post-visit rebooking reminder (sent within a few hours of the appointment ending)","proof-required","legacy source only","Retain as source copy; verify, qualify or remove during editorial review."
"claim-6b12cd2d76427935","/blog/clinic-rebooking-physio-chiro-uk","blog/clinic-rebooking-physio-chiro-uk.html","23","metric","Upcoming-session confirmation (for patients who have booked, sent 24–48 hours before)","proof-required","legacy source only","Retain as source copy; verify, qualify or remove during editorial review."
"claim-18eed2eccc4830e5","/blog/clinic-rebooking-physio-chiro-uk","blog/clinic-rebooking-physio-chiro-uk.html","24","ranking","Keep messages short, purposeful, and action-oriented. State clearly what the patient should do, why it is relevant to them, and how they can reach a human if they need one. Avoid corporate tone; use the clinic's natural voice. The channel matters too — SMS typically achieves higher open rates than email for appointment-related communications, but the best approach depends on what your patients already use and what consent you hold.","proof-required","legacy source only","Retain as source copy; verify, qualify or remove during editorial review."
"claim-75497d7b722a5d3d","/blog/clinic-rebooking-physio-chiro-uk","blog/clinic-rebooking-physio-chiro-uk.html","33","guarantee-or-absolute","Ensure a human is reachable. Every automated message should include a clear way for the patient to speak to someone. CQC's regulatory framework for service providers covers responsiveness and person-centred care — a clinic where patients cannot reach a human when needed will not satisfy those standards.","source-citation-present-review-required","legacy block contains an external link","Retain as source copy; verify, qualify or remove during editorial review."
"claim-6bb9fcbf557bc975","/blog/clinic-rebooking-physio-chiro-uk","blog/clinic-rebooking-physio-chiro-uk.html","38","metric | timeline","Rebooking rate within 24 hours of the automated prompt — measures the prompt's effectiveness","proof-required","legacy source only","Retain as source copy; verify, qualify or remove during editorial review."
"claim-14b98ebc76218554","/blog/clinic-rebooking-physio-chiro-uk","blog/clinic-rebooking-physio-chiro-uk.html","40","metric | timeline","Small clinics that work with Silverstone AI's rebooking and intake system for physios and chiropractors typically find that the most useful early data point is simply the percentage of post-visit prompts that result in a confirmed booking within 48 hours — because that single figure captures whether the friction in your current process is actually being reduced.","proof-required","legacy source only","Retain as source copy; verify, qualify or remove during editorial review."
"claim-beefebb9ef7551b1","/blog/clinic-rebooking-physio-chiro-uk","blog/clinic-rebooking-physio-chiro-uk.html","42","guarantee-or-absolute","Automation handles volume and consistency. It cannot handle nuance. There will always be patients who need a reassuring conversation, whose circumstances have changed, or who have a question about their plan that a message cannot answer. A good rebooking system escalates these patients to a human quickly and clearly.","proof-required","legacy source only","Retain as source copy; verify, qualify or remove during editorial review."
"claim-eeec80e340c9cbdf","/blog/dental-recall-automation-uk-2026","blog/dental-recall-automation-uk-2026.html","4","ranking","Automate service communication first: overdue recall prompts, appointment reminders, confirmations, and simple rebooking journeys are the strongest early wins.","proof-required","legacy source only","Retain as source copy; verify, qualify or remove during editorial review."
"claim-d7cbb240af89dbd7","/blog/dental-recall-automation-uk-2026","blog/dental-recall-automation-uk-2026.html","12","timeline","Following up patients who received a recall prompt but did not book within a defined window.","proof-required","legacy source only","Retain as source copy; verify, qualify or remove during editorial review."
"claim-a73feb5985a5fad4","/blog/dental-recall-automation-uk-2026","blog/dental-recall-automation-uk-2026.html","12","guarantee-or-absolute","Passing only the exceptions to reception, rather than forcing staff to create every message manually.","proof-required","legacy source only","Retain as source copy; verify, qualify or remove during editorial review."
"claim-42329acebcb13c30","/blog/dental-recall-automation-uk-2026","blog/dental-recall-automation-uk-2026.html","21","guarantee-or-absolute","One of the easiest mistakes in dental automation is to treat every patient as if they should be recalled on the same schedule. That is not how UK guidance frames recall. NHS England and NICE guidance on oral health reviews both make clear that recall intervals should be risk-based and individualised.","source-citation-present-review-required","legacy block contains an external link","Retain as source copy; verify, qualify or remove during editorial review."
"claim-01c401e3c4def64e","/blog/dental-recall-automation-uk-2026","blog/dental-recall-automation-uk-2026.html","22","guarantee-or-absolute","That matters operationally as well as clinically. If your system simply sends every patient a six-month reminder, it may not reflect the interval recorded by the clinician, and it can create unnecessary noise for both patients and staff. A better setup pulls the trigger from the practice management system or recall record already in use. The automation then sends the right message at the right time for that patient, rather than applying a one-size-fits-all rule.","proof-required","legacy source only","Retain as source copy; verify, qualify or remove during editorial review."
"claim-bf1f37e18a79f7a3","/blog/dental-recall-automation-uk-2026","blog/dental-recall-automation-uk-2026.html","23","ranking","This is one reason targeted automation tends to outperform generic tools. The workflow is not just about sending messages; it is about sending them in a way that matches the practice's existing clinical and operational logic. If your team is reviewing broader front-desk automation options, our article on AI receptionists for UK SMEs: costs and ROI in 2026 explains why bounded, measurable workflows usually deliver the strongest early return.","proof-required","legacy source only","Retain as source copy; verify, qualify or remove during editorial review."
"claim-84f7b28d69621e30","/blog/dental-recall-automation-uk-2026","blog/dental-recall-automation-uk-2026.html","24","ranking","The best first workflows to automate in 2026","proof-required","legacy source only","Retain as source copy; verify, qualify or remove during editorial review."
"claim-ddc82a813f4ef259","/blog/dental-recall-automation-uk-2026","blog/dental-recall-automation-uk-2026.html","25","ranking | guarantee-or-absolute","The strongest rollout is usually phased. Trying to automate every patient touchpoint at once creates complexity and makes it harder to see what is actually improving. A narrower start gives the practice a cleaner baseline and a faster feedback loop.","proof-required","legacy source only","Retain as source copy; verify, qualify or remove during editorial review."
"claim-7d7a8653b229c979","/blog/dm-to-client-automation-uk-fitness-coaches-2026","blog/dm-to-client-automation-uk-fitness-coaches-2026.html","3","ranking","If Instagram is where most of your warm leads start, then the first operational problem to fix is not content volume but what happens in the minutes after someone sends a DM. The strongest setup is a simple three-step flow: immediate acknowledgement, basic qualification, and direct movement into booking or payment.","proof-required","legacy source only","Retain as source copy; verify, qualify or remove during editorial review."
"claim-26fd70c942e867dc","/blog/dm-to-client-automation-uk-fitness-coaches-2026","blog/dm-to-client-automation-uk-fitness-coaches-2026.html","6","ranking","For many UK fitness coaches, Instagram is the top-of-funnel channel that already works. A prospect watches a Reel, clicks through to your page, reads a few captions, and sends a DM asking about coaching. That lead is warm, specific, and often more commercially valuable than cold traffic because the interest has been created by your content rather than bought with ads.","proof-required","legacy source only","Retain as source copy; verify, qualify or remove during editorial review."
"claim-afeff2ff85678295","/blog/dm-to-client-automation-uk-fitness-coaches-2026","blog/dm-to-client-automation-uk-fitness-coaches-2026.html","8","metric | pricing","That is why the goal is not to replace your sales conversation. It is to hold the lead in place until you can have one. If your programme is worth £200 per month and two warm prospects each week disappear because they sit in your inbox too long, the cost of delay is easy to underestimate. Recovering even one extra client a week can materially change monthly revenue, which is why learning how to convert Instagram DMs to clients is more than a marketing tactic; it is an operational fix.","proof-required","legacy source only","Retain as source copy; verify, qualify or remove during editorial review."
"claim-393685b0a7fd21e6","/blog/dm-to-client-automation-uk-fitness-coaches-2026","blog/dm-to-client-automation-uk-fitness-coaches-2026.html","16","guarantee-or-absolute","Once the lead has replied, the second step is qualification. This is where many inbox-heavy businesses lose hours each week, because every conversation becomes bespoke too early. A short qualification sequence protects your time and improves the quality of calls that do get booked.","proof-required","legacy source only","Retain as source copy; verify, qualify or remove during editorial review."
"claim-2321b25f77e37fe8","/blog/dm-to-client-automation-uk-fitness-coaches-2026","blog/dm-to-client-automation-uk-fitness-coaches-2026.html","20","ranking","For coaches, that means the system should sort and prepare the conversation, not impersonate a closer. The best result of Step 2 is not a robotic exchange; it is a cleaner, more focused handoff to you with the relevant context already captured. If you work in creator-led or hybrid online coaching, the service logic is similar to what we discuss on the Fitness Influencers & Online Coaches page: reduce manual back-and-forth, then reserve human attention for the highest-value conversations.","proof-required","legacy source only","Retain as source copy; verify, qualify or remove during editorial review."
"claim-118f6d7fe4ceecba","/blog/dm-to-client-automation-uk-fitness-coaches-2026","blog/dm-to-client-automation-uk-fitness-coaches-2026.html","22","ranking","The third step is where fitness coach client conversion usually improves fastest. Once someone has shown fit and intent, do not make them wait for another round of scheduling messages. Send them directly to the next commercial action: a booking page, a deposit request, or a checkout flow for a lower-ticket offer.","proof-required","legacy source only","Retain as source copy; verify, qualify or remove during editorial review."
"claim-598c33b05bf5d93c","/blog/dm-to-client-automation-uk-fitness-coaches-2026","blog/dm-to-client-automation-uk-fitness-coaches-2026.html","25","ranking","For higher-value prospects, you can add a rule that sends you an email or Slack alert so you can layer a personal message on top of the automated flow. That blended model is often stronger than either extreme. Fully manual systems are slow, while fully automated ones can feel impersonal when the lead is complex, premium, or uncertain.","proof-required","legacy source only","Retain as source copy; verify, qualify or remove during editorial review."
"claim-ce3c30ea65744acb","/blog/dm-to-client-automation-uk-fitness-coaches-2026","blog/dm-to-client-automation-uk-fitness-coaches-2026.html","36","ranking","Human escalation should happen whenever the lead is unusually valuable, unusually complex, or unusually unclear. Someone with a premium budget, a complicated health context, or a highly specific goal should not be sent through a rigid automated path for too long. This is one reason broader SME surveys, including the January 2026 findings reported by QuickBooks UK, tend to show the strongest gains where AI saves time on routine communication rather than replacing judgment-heavy conversations.","source-citation-present-review-required","legacy block contains an external link","Retain as source copy; verify, qualify or remove during editorial review."
"claim-74022d73601b4eac","/blog/dm-to-client-automation-uk-fitness-coaches-2026","blog/dm-to-client-automation-uk-fitness-coaches-2026.html","40","ranking","The strongest systems stay narrow at first: capture, qualify, convert. Once that works, you can add reminders, reporting, reactivation, or segmented follow-up. For coaches who want outside help mapping the workflow, comparing tools, or connecting it to existing services, a single review call can often clarify the next step far faster than weeks of trial and error.","proof-required","legacy source only","Retain as source copy; verify, qualify or remove during editorial review."
"claim-83de628b158b85ef","/blog/estate-agent-viewing-confirmations-uk","blog/estate-agent-viewing-confirmations-uk.html","11","metric | timeline","Step 2 — Immediate confirmation (within 2 minutes) Send an instant SMS or automated voice message confirming time, exact address and a three-line checklist: where to meet, how long the viewing will be, and a contact number for delays. Keep the tone human: “Thanks, Sam — we’ve pencilled you in for Thursday 6pm at 14 High Street. Please ring 01234 567890 if you’re running late.” Evidence from portal insight emphasises responsiveness as a differentiator for buyers and tenants (Rightmove, Zoopla Discover).","proof-required","legacy source only","Retain as source copy; verify, qualify or remove during editorial review."
"claim-59fd724d3285cc1f","/blog/estate-agent-viewing-confirmations-uk","blog/estate-agent-viewing-confirmations-uk.html","11","metric","Step 3 — Reminder sequence Send two short reminders: one at 24 hours and one at 2 hours before the appointment. Each message should be single-action: confirm, reschedule or cancel. Use a one-tap reschedule link or a reply keyword to make it effortless to change plans — this convenience reduces last-minute ""no response"" slots. Keep messages brief and useful: approximate travel time, parking notes and any documents to bring.","proof-required","legacy source only","Retain as source copy; verify, qualify or remove during editorial review."
"claim-c078efcbd6ad4c05","/blog/estate-agent-viewing-confirmations-uk","blog/estate-agent-viewing-confirmations-uk.html","11","metric | timeline","Step 4 — Diary logging & negotiator hand-off Record the prospect’s response automatically: confirmed, rescheduled, cancelled or no response. Make this visible in the branch diary and to the assigned negotiator. Prioritise confirmed viewers in daily huddles and assign follow-up tasks for ""hot"" prospects immediately after a viewing — a short call or message within 24 hours helps convert instructions.","proof-required","legacy source only","Retain as source copy; verify, qualify or remove during editorial review."
"claim-a834b12ef7a3e41e","/blog/estate-agent-viewing-confirmations-uk","blog/estate-agent-viewing-confirmations-uk.html","16","guarantee-or-absolute","Keep an audit log of every automated message (what was sent, to whom and when).","proof-required","legacy source only","Retain as source copy; verify, qualify or remove during editorial review."
"claim-3485ba5a0770d280","/blog/estate-agent-viewing-confirmations-uk","blog/estate-agent-viewing-confirmations-uk.html","16","guarantee-or-absolute","Provide clear opt-out language in every message and respect preferences instantly.","proof-required","legacy source only","Retain as source copy; verify, qualify or remove during editorial review."
"claim-5e078f9ee0b785a3","/blog/estate-agent-viewing-confirmations-uk","blog/estate-agent-viewing-confirmations-uk.html","24","metric | timeline","Pilot for one branch or postcode area for 6 weeks and agree KPIs before you start.","proof-required","legacy source only","Retain as source copy; verify, qualify or remove during editorial review."
"claim-ea9d0690555196b5","/blog/estate-agent-viewing-confirmations-uk","blog/estate-agent-viewing-confirmations-uk.html","29","metric | timeline","Baseline: measure current no-show rate and viewing-to-instruction ratio for the last 6 weeks.","proof-required","legacy source only","Retain as source copy; verify, qualify or remove during editorial review."
"claim-02c950a1e5effef6","/blog/estate-agent-viewing-confirmations-uk","blog/estate-agent-viewing-confirmations-uk.html","29","metric | timeline","Compare: after 6 weeks, compare the pilot branch to baseline and to a control branch without automation.","proof-required","legacy source only","Retain as source copy; verify, qualify or remove during editorial review."
"claim-00657d2dfcc9729d","/blog/estate-agent-viewing-confirmations-uk","blog/estate-agent-viewing-confirmations-uk.html","35","timeline","Measurable outcomes: you can see impact in diary utilisation and time-to-instruction within weeks.","proof-required","legacy source only","Retain as source copy; verify, qualify or remove during editorial review."
"claim-706905ed067d16b8","/blog/estate-agent-viewing-confirmations-uk","blog/estate-agent-viewing-confirmations-uk.html","39","timeline","Confirmed viewings are an operational lever small UK estate agents can pull quickly: capture leads fast, confirm within minutes, run two short reminders and make the diary a single source of truth. Done well, this reduces no-shows, raises diary utilisation and speeds vendor decisions — measurable outcomes that often pay back in weeks. Follow PECR and ICO guidance, keep communications human and run a short pilot before wider roll-out.","proof-required","legacy source only","Retain as source copy; verify, qualify or remove during editorial review."
"claim-95b4e81908e726af","/blog/gym-booking-automation-uk-gyms-studios-2026","blog/gym-booking-automation-uk-gyms-studios-2026.html","10","metric | pricing | guarantee-or-absolute","The maths gets persuasive quickly. Imagine a studio running ten classes a week with fifteen spaces in each. At a 70% average fill rate, forty-five places go unused every week. Even valuing those at a modest £10 per drop-in equivalent, that is £450 a week, or more than £23,000 a year, of unrealised revenue. A relatively small improvement in fill rate can have a disproportionate effect on annual performance.","proof-required","legacy source only","Retain as source copy; verify, qualify or remove during editorial review."
"claim-c176c3e6a3c666bf","/blog/gym-booking-automation-uk-gyms-studios-2026","blog/gym-booking-automation-uk-gyms-studios-2026.html","12","ranking","The fastest way to improve class fill is usually to remove friction from the first action: booking. People often plan their week at night, early in the morning, or while travelling. If reserving a class still depends on a phone call, a manual message, or waiting for the front desk, some of that intent simply disappears.","proof-required","legacy source only","Retain as source copy; verify, qualify or remove during editorial review."
"claim-7fb733d10b54d72f","/blog/gym-booking-automation-uk-gyms-studios-2026","blog/gym-booking-automation-uk-gyms-studios-2026.html","13","timeline","Research from Mindbody has repeatedly shown that many bookings now happen outside traditional business hours. That makes 24/7 access less of a convenience feature and more of a baseline expectation. For independent gyms and boutique studios, the operational point is simple: capture demand when it exists.","source-citation-present-review-required","legacy block contains an external link","Retain as source copy; verify, qualify or remove during editorial review."
"claim-8dbfde890c6acdef","/blog/gym-booking-automation-uk-gyms-studios-2026","blog/gym-booking-automation-uk-gyms-studios-2026.html","15","ranking","Why class waitlist automation is one of the highest-ROI fixes","proof-required","legacy source only","Retain as source copy; verify, qualify or remove during editorial review."
"claim-c3060e0adba33cf6","/blog/gym-booking-automation-uk-gyms-studios-2026","blog/gym-booking-automation-uk-gyms-studios-2026.html","21","metric | timeline | ranking","The best reminder flows tend to be simple. One message 24 to 48 hours before the class confirms the booking and gives the member an easy cancellation route. Another, sent closer to the session, acts as a timely nudge. For urgent, time-sensitive communication, SMS remains a strong channel. Twilio's messaging guidance is useful here because it reflects the operational advantage of direct, quickly seen messages. Email still has a role, but for reminders intended to change behaviour within a short window, text typically performs better.","source-citation-present-review-required","legacy block contains an external link","Retain as source copy; verify, qualify or remove during editorial review."
"claim-de61677b4bf11663","/blog/gym-booking-automation-uk-gyms-studios-2026","blog/gym-booking-automation-uk-gyms-studios-2026.html","26","ranking","This is where membership retention automation becomes more than marketing. It is a way of spotting disengagement early enough to respond. It also overlaps with lessons from other service businesses. Our guide to AI no-show reduction for UK salons and barbers covers similar principles: reminders, easy cancellation, fast refill, and timely rebooking all work best when they form one connected journey rather than separate tasks.","proof-required","legacy source only","Retain as source copy; verify, qualify or remove during editorial review."
"claim-c8279d52594a6d9d","/blog/gym-booking-automation-uk-gyms-studios-2026","blog/gym-booking-automation-uk-gyms-studios-2026.html","29","guarantee-or-absolute","Make sure every message clearly identifies your business.","proof-required","legacy source only","Retain as source copy; verify, qualify or remove during editorial review."
"claim-59843d0d3922dfd4","/blog/gym-booking-automation-uk-gyms-studios-2026","blog/gym-booking-automation-uk-gyms-studios-2026.html","34","ranking","This narrower rollout gives owners real evidence without committing to a large transformation project. It also reduces the risk of the kind of over-automation problems covered in our piece on AI automation failures for UK SMEs in 2026. In most gyms, the highest-value answer is not more complexity. It is a cleaner path from booking intent to attendance, then from attendance to rebooking.","proof-required","legacy source only","Retain as source copy; verify, qualify or remove during editorial review."
"claim-f1f68c6d1d460f6b","/blog/gym-booking-automation-uk-gyms-studios-2026","blog/gym-booking-automation-uk-gyms-studios-2026.html","35","ranking","In other words, good automation should make the business easier to buy from and easier to stay with. That is why gyms and studios often see results fastest when they begin with bookings, reminders, waitlists, and retention triggers instead of more ambitious projects. If those four pieces work well together, class utilisation improves, admin pressure falls, and member behaviour becomes easier to influence in the right direction.","proof-required","legacy source only","Retain as source copy; verify, qualify or remove during editorial review."
"claim-b3f4aa96c92914e7","/blog/post-purchase-automation-uk-ecommerce-repeat-customers","blog/post-purchase-automation-uk-ecommerce-repeat-customers.html","4","ranking","Start with quick wins: abandoned cart recovery and post-purchase onboarding are usually the fastest flows to implement and measure.","proof-required","legacy source only","Retain as source copy; verify, qualify or remove during editorial review."
"claim-10c66a098c0665b9","/blog/post-purchase-automation-uk-ecommerce-repeat-customers","blog/post-purchase-automation-uk-ecommerce-repeat-customers.html","6","ranking","The good news is that the gap between a one-time buyer and a repeat customer is usually an operations problem, not a headcount problem. You do not need a bigger team first. You need a better sequence of messages, triggers, and handoffs running quietly in the background. For brands already exploring practical automation through an eCommerce automation setup or broader automation services, post-purchase flows are often the highest-return place to start.","proof-required","legacy source only","Retain as source copy; verify, qualify or remove during editorial review."
"claim-aaa774dad4c2292a","/blog/post-purchase-automation-uk-ecommerce-repeat-customers","blog/post-purchase-automation-uk-ecommerce-repeat-customers.html","7","ranking","Why post-purchase automation is often the highest-ROI retention lever","proof-required","legacy source only","Retain as source copy; verify, qualify or remove during editorial review."
"claim-4d873230c22db473","/blog/post-purchase-automation-uk-ecommerce-repeat-customers","blog/post-purchase-automation-uk-ecommerce-repeat-customers.html","8","guarantee-or-absolute","Most conversations about eCommerce automation start with abandoned baskets, and that is reasonable. The Baymard Institute continues to report average cart abandonment rates above 70%, which means even a basic recovery flow can return meaningful revenue. But the larger opportunity begins after the order is placed. Customers are engaged, context is fresh, and every message can be tied to a clear event: order confirmation, dispatch, delivery, product use, replenishment, or inactivity.","source-citation-present-review-required","legacy block contains an external link","Retain as source copy; verify, qualify or remove during editorial review."
"claim-a3f6b322c4414f19","/blog/post-purchase-automation-uk-ecommerce-repeat-customers","blog/post-purchase-automation-uk-ecommerce-repeat-customers.html","12","metric | guarantee-or-absolute","Before moving fully into post-order retention, make sure the recovery layer is not leaking obvious revenue. Many stores technically have an abandoned cart email, but it arrives late, stops after one message, or treats every shopper the same. A better sequence is simple: one reminder while intent is still fresh, one follow-up with trust signals such as reviews or returns reassurance, and then a final message or SMS 48 to 72 hours later if the economics justify it.","proof-required","legacy source only","Retain as source copy; verify, qualify or remove during editorial review."
"claim-0cf5057aed18a7b1","/blog/post-purchase-automation-uk-ecommerce-repeat-customers","blog/post-purchase-automation-uk-ecommerce-repeat-customers.html","13","timeline","Message one: send within roughly one hour, with no discount and a direct route back to basket.","proof-required","legacy source only","Retain as source copy; verify, qualify or remove during editorial review."
"claim-e2c1874acf9e91ac","/blog/post-purchase-automation-uk-ecommerce-repeat-customers","blog/post-purchase-automation-uk-ecommerce-repeat-customers.html","13","metric","Message two: add product reviews, delivery reassurance, or return policy clarity after 24 hours.","proof-required","legacy source only","Retain as source copy; verify, qualify or remove during editorial review."
"claim-11b0aaac3c97cfcc","/blog/post-purchase-automation-uk-ecommerce-repeat-customers","blog/post-purchase-automation-uk-ecommerce-repeat-customers.html","25","metric | timeline | guarantee-or-absolute","Review collection is mostly a timing problem. Customers do not leave feedback because they were never asked at the right moment, or the ask required too much effort. For many products, the sweet spot is around 5 to 10 days after confirmed delivery. Longer-use or higher-consideration products may need more time.","proof-required","legacy source only","Retain as source copy; verify, qualify or remove during editorial review."
"claim-d95c9d2b272663cb","/blog/post-purchase-automation-uk-ecommerce-repeat-customers","blog/post-purchase-automation-uk-ecommerce-repeat-customers.html","29","ranking","Once immediate post-order flows are live, the next layer is lifecycle automation. This is where post-purchase automation ecommerce UK brands often overlook the most value. A replenishment reminder sent shortly before a customer is likely to run out of a product can be one of the highest-converting messages in the whole stack. The trigger is simple: purchase date plus expected usage cycle.","proof-required","legacy source only","Retain as source copy; verify, qualify or remove during editorial review."
"claim-7c5f4368a920b99c","/blog/post-purchase-automation-uk-ecommerce-repeat-customers","blog/post-purchase-automation-uk-ecommerce-repeat-customers.html","30","metric | timeline","Win-back flows matter just as much. If a customer has not ordered again after 90, 120, or 180 days, the risk is not just that they are quiet; it is that they are gone. A basic three-step win-back sequence usually works well: a short “we miss you” message, a curated update showing what is new or relevant, and then a final offer if the category economics support it.","proof-required","legacy source only","Retain as source copy; verify, qualify or remove during editorial review."
"claim-b6a2802f7b6de73e","/blog/post-purchase-automation-uk-ecommerce-repeat-customers","blog/post-purchase-automation-uk-ecommerce-repeat-customers.html","31","guarantee-or-absolute","Set lapsed-customer thresholds by category rather than using a generic 90-day rule for every product line.","proof-required","legacy source only","Retain as source copy; verify, qualify or remove during editorial review."
"claim-44d84f88d87dee2b","/blog/post-purchase-automation-uk-ecommerce-repeat-customers","blog/post-purchase-automation-uk-ecommerce-repeat-customers.html","32","ranking","This kind of prioritised automation strategy fits wider adoption trends. Recent reporting on SME automation uptake from QuickBooks UK and coverage of a Jitterbit automation report point to a familiar pattern: smaller businesses get the best results when they choose tightly defined, measurable workflows rather than trying to automate everything at once.","source-citation-present-review-required","legacy block contains an external link","Retain as source copy; verify, qualify or remove during editorial review."
"claim-af292e05a7ba9748","/blog/post-purchase-automation-uk-ecommerce-repeat-customers","blog/post-purchase-automation-uk-ecommerce-repeat-customers.html","34","metric | timeline","The common failure mode is overbuilding. A safer path is to sequence the work. In the first 30 days, focus on abandoned cart recovery and a basic onboarding flow. In days 31 to 60, improve returns handling and add review requests. In days 61 to 90, layer in replenishment, win-back, and simple VIP segmentation. That order gives you early revenue signals before you take on more nuanced lifecycle logic.","proof-required","legacy source only","Retain as source copy; verify, qualify or remove during editorial review."
"claim-f0100461994367e7","/blog/post-purchase-automation-uk-ecommerce-repeat-customers","blog/post-purchase-automation-uk-ecommerce-repeat-customers.html","35","guarantee-or-absolute","Review real customer responses and tighten message timing, exclusions, and escalation rules every month.","proof-required","legacy source only","Retain as source copy; verify, qualify or remove during editorial review."
"claim-045df3a1516ae956","/blog/quote-chase-automation-uk-trades-accepted-jobs-2026","blog/quote-chase-automation-uk-trades-accepted-jobs-2026.html","3","guarantee-or-absolute","Quote chase automation for UK trades is about making sure every quote gets acknowledged, followed up, and moved forward without the owner spending evenings chasing replies. For plumbers, electricians, builders, heating engineers, decorators, and other field-service firms, that often means recovering revenue that was already close to being won.","proof-required","legacy source only","Retain as source copy; verify, qualify or remove during editorial review."
"claim-d8a6d0277ac3bbb8","/blog/quote-chase-automation-uk-trades-accepted-jobs-2026","blog/quote-chase-automation-uk-trades-accepted-jobs-2026.html","4","ranking","Simple automation works best: acknowledgement, timed reminders, common-question handling, and alerts for high-intent replies.","proof-required","legacy source only","Retain as source copy; verify, qualify or remove during editorial review."
"claim-41194b3c4616e47a","/blog/quote-chase-automation-uk-trades-accepted-jobs-2026","blog/quote-chase-automation-uk-trades-accepted-jobs-2026.html","12","pricing | guarantee-or-absolute","Automation here does not mean replacing the personal side of a trades business. It means creating a reliable sequence of actions after a quote is sent, so the routine parts happen every time. The owner still handles judgment, pricing, negotiation, and the final relationship. The system handles the repetitive chasing.","proof-required","legacy source only","Retain as source copy; verify, qualify or remove during editorial review."
"claim-695f1645727c5521","/blog/quote-chase-automation-uk-trades-accepted-jobs-2026","blog/quote-chase-automation-uk-trades-accepted-jobs-2026.html","17","ranking","The best place to start is not everywhere at once. It is the point where the current process is most obviously leaking time, revenue, or service quality. For most trades businesses, that means the first few days after a quote is issued.","proof-required","legacy source only","Retain as source copy; verify, qualify or remove during editorial review."
"claim-b9cbaee1788f91b6","/blog/quote-chase-automation-uk-trades-accepted-jobs-2026","blog/quote-chase-automation-uk-trades-accepted-jobs-2026.html","19","ranking","There is also a wider digital-adoption case for this. Lloyds Bank's UK Business Digital Index has repeatedly shown that even basic digital tools can improve responsiveness and efficiency for smaller firms [7]. UK government guidance around practical digital adoption has made a similar point: the strongest tools are often the ones that solve a specific operational problem without adding unnecessary complexity [8].","proof-required","legacy source only","Retain as source copy; verify, qualify or remove during editorial review."
"claim-3c98b5b54e091caa","/blog/quote-chase-automation-uk-trades-accepted-jobs-2026","blog/quote-chase-automation-uk-trades-accepted-jobs-2026.html","23","metric","Timing means sensible spacing. A reminder after 48 hours can be helpful. Several messages in quick succession can feel desperate. Tone means plain language that sounds like a real business owner, not a template from a call centre. A short message such as, ""Hi Sarah, just checking you received the quote for the bathroom work. Happy to answer any questions,"" is far more effective than stiff, over-formal wording. Relevance means matching the follow-up to the job. A boiler service, a rewire, and a large extension should not all be chased in exactly the same way.","proof-required","legacy source only","Retain as source copy; verify, qualify or remove during editorial review."
"claim-75981a131920cd34","/blog/quote-chase-automation-uk-trades-accepted-jobs-2026","blog/quote-chase-automation-uk-trades-accepted-jobs-2026.html","27","metric | pricing","For many firms, the answer is enough to matter. If you send 20 quotes a month and the average accepted job is worth £800, recovering two extra jobs adds £1,600 in monthly revenue. Over a year, that is meaningful. And unlike buying more leads, this gain comes from work you were already close to winning.","proof-required","legacy source only","Retain as source copy; verify, qualify or remove during editorial review."
"claim-ff5e4bdb2d428d96","/blog/quote-chase-automation-uk-trades-accepted-jobs-2026","blog/quote-chase-automation-uk-trades-accepted-jobs-2026.html","31","ranking","Write down the top five customer questions after a quote is sent.","proof-required","legacy source only","Retain as source copy; verify, qualify or remove during editorial review."
"claim-7f4c70a16ccf5428","/blog/quote-follow-up-automation-uk-trades-2026","blog/quote-follow-up-automation-uk-trades-2026.html","3","guarantee-or-absolute","Most UK trades businesses do not have a leads problem. They have a follow-up problem. Quote follow-up automation for trades helps close the gap between sending an estimate and getting a decision, using simple reminders, missed-call capture, and hot-lead alerts so owners do not have to chase every enquiry manually.","proof-required","legacy source only","Retain as source copy; verify, qualify or remove during editorial review."
"claim-6d10b53a2f5429d1","/blog/quote-follow-up-automation-uk-trades-2026","blog/quote-follow-up-automation-uk-trades-2026.html","4","ranking","Keep it sensible: the best systems are limited, relevant, and compliant, with clear handoff to a person when nuance matters.","proof-required","legacy source only","Retain as source copy; verify, qualify or remove during editorial review."
"claim-85ecaeb36520f7ff","/blog/quote-follow-up-automation-uk-trades-2026","blog/quote-follow-up-automation-uk-trades-2026.html","6","guarantee-or-absolute","The pattern is familiar across plumbing, electrical, roofing, heating, building, decorating, and other field-service trades. A customer gets in touch, a site visit happens, the estimate is prepared, and the quote goes out. Then nothing. Not always because the customer chose someone else, but often because nobody followed up while the job was still fresh in their mind.","proof-required","legacy source only","Retain as source copy; verify, qualify or remove during editorial review."
"claim-c4c90030f03136a3","/blog/quote-follow-up-automation-uk-trades-2026","blog/quote-follow-up-automation-uk-trades-2026.html","7","pricing","In owner-managed firms, follow-up usually depends on spare time. That is the problem. Spare time disappears when the van is moving, the day overruns, or the next job needs pricing. Research and commentary from Checkatrade and Rated People consistently point to a market where homeowners compare multiple quotes and place real weight on responsiveness, organisation, and communication quality. In practice, the business that checks in politely and promptly often feels safer to hire.","source-citation-present-review-required","legacy block contains an external link","Retain as source copy; verify, qualify or remove during editorial review."
"claim-3022afe55f2959db","/blog/quote-follow-up-automation-uk-trades-2026","blog/quote-follow-up-automation-uk-trades-2026.html","8","pricing","That makes missed quote follow-up jobs more expensive than they first appear. The business has already paid for the lead, spent time visiting the property, and invested effort in pricing the work. If the quote then sits without a reminder, the loss is not only the job itself but the wasted time and marketing spend that created the opportunity. For small firms under cash-flow pressure, improving conversion can be more valuable than generating more enquiries. That broader point is consistent with Xero's UK small business reporting, which regularly highlights the operational strain on lean businesses.","source-citation-present-review-required","legacy block contains an external link","Retain as source copy; verify, qualify or remove during editorial review."
"claim-8df3e720bb7ae33b","/blog/quote-follow-up-automation-uk-trades-2026","blog/quote-follow-up-automation-uk-trades-2026.html","17","ranking","Consumer expectations also matter here. Ofcom's Online Nation research supports the wider point that UK consumers increasingly expect convenient, responsive communication from service providers. If a call goes unanswered and no follow-up appears, the customer does not wait patiently forever. They move to the next option. That is why the top of the funnel and the middle of the funnel should connect. A missed call captured by an automated front desk can become a quote request, and a quote request can become a booked job if the follow-up is structured.","source-citation-present-review-required","legacy block contains an external link","Retain as source copy; verify, qualify or remove during editorial review."
"claim-8a7039bee75078f4","/blog/quote-follow-up-automation-uk-trades-2026","blog/quote-follow-up-automation-uk-trades-2026.html","18","ranking","For firms trying to avoid overcomplicated systems, the best starting point is usually one painful bottleneck rather than a full rebuild. If you want a broader view of where projects go wrong, this guide to AI automation failures in UK SMEs is a useful reminder that narrow, measurable workflows tend to outperform ambitious but vague rollouts.","proof-required","legacy source only","Retain as source copy; verify, qualify or remove during editorial review."
"claim-ca5a4bb7936b2552","/blog/quote-follow-up-automation-uk-trades-2026","blog/quote-follow-up-automation-uk-trades-2026.html","24","ranking | guarantee-or-absolute","The strongest implementations start small. They do not try to automate every call, message, booking, and review request on day one. They begin with the point where revenue is already leaking.","proof-required","legacy source only","Retain as source copy; verify, qualify or remove during editorial review."
"claim-9b700043a588f827","/blog/quote-follow-up-automation-uk-trades-2026","blog/quote-follow-up-automation-uk-trades-2026.html","29","metric | pricing","The commercial logic is usually straightforward. Imagine a heating engineer sending fifteen quotes a month at an average job value of £1,200. At a 35% conversion rate, that is roughly five jobs, or £6,000 in monthly revenue. If better follow-up lifts conversion to 50%, the same enquiry volume produces seven or eight jobs instead. That is an extra £2,400 to £3,600 a month without increasing ad spend.","proof-required","legacy source only","Retain as source copy; verify, qualify or remove during editorial review."
"claim-c1c3b53804f57e0f","/blog/quote-follow-up-automation-uk-trades-2026","blog/quote-follow-up-automation-uk-trades-2026.html","31","guarantee-or-absolute","That is why quote chasing deserves more attention than it usually gets. It sits in the middle of the sales process, after the hard work of generating the enquiry and before the revenue lands. For many trades firms, it is one of the simplest places to improve outcomes without adding office headcount or spending evenings manually chasing every lead.","proof-required","legacy source only","Retain as source copy; verify, qualify or remove during editorial review."
"claim-7c29c9aba823dca5","/blog/quote-follow-up-automation-uk-trades-2026","blog/quote-follow-up-automation-uk-trades-2026.html","33","ranking","For UK trades businesses, the revenue leak is often not at the top of the funnel. It is in the gap between quote sent and decision made. When follow-up depends on memory, spare evenings, or a note left in the van, good opportunities go cold for avoidable reasons.","proof-required","legacy source only","Retain as source copy; verify, qualify or remove during editorial review."
