card_id,category,title,severity,auto_fixable,quick_win,themes,root_cause_groups,status,confidence,n_affected_urls,affected_paths,estimated_impact,exact_dup_group,text_hash,stage,why,recommendation
1,AccessibilityWarning,Fix contrast issues on 2 pages to improve readability,Easy,False,True,READABILITY|CONTRAST,RC-07|RC-08,confirmed-scanner,high,2,/|/services/ai-receptionists,Could improve accessibility score and reduce readability friction on key marketi,,e1eeb9b37230900f,2,"2 pages have contrast issues, which can hurt accessibility and make your AI services harder to read for prospective customers.",Review the text and background color pairings on the homepage and AI receptionists page. Adjust colors until they meet WCAG AA contrast ratios for normal text and UI elements. Re-test the updated pages in your browser before publishing the changes to your CMS.
2,ContentWarning,Expand 4 thin pages that are under 1.5K characters,Medium,False,False,FAQ|INTERNAL_LINK,RC-05|RC-07,obsolete-advice,high,3,/|/services/ai-receptionists|/services/ai-voice-agents,Could improve rankings and engagement on service pages by giving search engines ,,bac01e78686147e6,3,4 thin pages may be limiting organic relevance and buyer confidence for a technology company selling AI services worldwide.,"Add use cases, process steps, and FAQ sections to the homepage and service pages. Include proof points like implementation timelines, integrations, and outcomes for AI receptionist and voice-agent offerings. Cross-link these pages to relevant blog posts and service pages in your CMS."
3,Seo,Improve schema markup coverage for silverstone-ai.com,Medium,False,False,SCHEMA|FAQ|DATES,RC-02|RC-05,obsolete-advice,high,0,,+15 pts,,ce340c3801bc97b6,3,"Better schema markup helps search engines understand content, potentially increasing CTR and visibility for a global AI audience.","Add Organization schema to the homepage and contact page.Include fields like name, URL, logo, and social profiles. Use JSON-LD with @context 'https://schema.org', @type 'Organization'. Add Article schema to blog posts.Include headline, datePublished, dateModified, author, and image. Use JSON-LD with @type 'Article' for each blog post. Add FAQ schema to relevant pages (e.g., FAQs, support).Use Question and Answer properties. Wrap FAQ content in FAQPage structure."
4,Seo,Add meta description and expand content on /ai-voice-agents,Medium,True,False,META_DESC|SCHEMA|FAQ|THIN|CITATION|VALUEPROP,RC-01|RC-02|RC-05|RC-07,obsolete-advice,high,1,/services/ai-voice-agents,+25 pts,,3a15b34b53916a22,3,"Service pages for AI voice agents target high-intent B2B buyers; a missing meta description reduces CTR by an estimated 8-12%, and thin content (<200 words) may lead to poor rankings and lower conversion rates for queries like 'AI voice agent development UK'.","Write a compelling meta description (140-160 characters) that includes target keywords and a clear value proposition.Focus on benefits like 'controlled call flows', 'real-time transcription', and 'production-grade' to match the page content. AI Voice Agent Development UK | Silverstone AI - Build production-grade voice agents with real-time transcription and controlled call flows. Live demo available. Contact us today. Expand body content to at least 800 words, adding sections on features, benefits, use cases, and technical details.Current content is just a demo script. Add sections like 'What "
5,Seo,Add meta description and TL;DR summary box to /ai-voice-agents,Easy,False,False,META_DESC|THIN|TLDR,RC-01|RC-07,recommendation-only,high,1,/services/ai-voice-agents,+30 pts,,ac0e6c59a8b856ee,3,"Technology/AI service page missing meta description loses 8-12% CTR on commercial queries. 88 words insufficient for ranking; AI overviews ignore pages without TL;DR summaries, reducing visibility to 20%+ of search users.","Write a 140-160 character meta description summarizing the live demo and production-grade voice agent service.Include key terms: AI voice agent, demo, production, call flow. Add a 'Key Takeaways' or 'TL;DR' section near the top (or as a sidebar/box) with 3-4 bullet points summarizing the page content.Example: '• Test our live AI voice agent in your browser. • Production-grade with ElevenLabs real-time processing. • Marketed to UK businesses. • Covers receptionist scenarios & off-script handling.' Expand body content to at least 500 words. Add sections on features, benefits, use cases, and tech"
6,Seo,Add meta description and 'Key Takeaways' to salon automation article,Easy,False,False,META_DESC|SCHEMA|FAQ|TLDR,RC-01|RC-02|RC-05|RC-07,obsolete-advice,high,1,/blog/salon-automation-salons-barbers-first-should,+25 pts,,3a6183ed4f5514cd,3,"For a global tech audience, this article could drive organic traffic from UK salon owners searching for automation advice. Missing meta description reduces CTR by an estimated 8-12% on search results. Lack of a key takeaways section limits visibility in AI overviews and featured snippets, which are growing traffic sources in the AI/ML niche.","Add a meta description of 140-160 characters that summarizes the article and includes relevant keywords like 'UK salons', 'barbers', 'automation priority', and 'friction reduction'. Insert a 'Key Takeaways' or 'TL;DR' section at the top of the article, right after the introduction paragraph, listing 3-5 bullet points summarizing the main recommendations. Add FAQ or structured data (FAQ schema) to appear in rich results, using common questions from salon owners about automation."
7,Content,Add meta description and specific data to gym automation article,Easy,False,False,META_DESC|H1_DUPLICATE|COOKIE_H1,RC-01|RC-03|RC-04,confirmed-runtime,high,1,/blog/gym-automation-operating-model,+15 pts,,fcb1e81782832128,2,"Without a meta description, search snippets are auto-generated, likely reducing CTR by 8-12%. The lack of quantified claims (e.g., percentages, benchmarks) hurts credibility for UK fitness business operators, who are likely to compare options. This can lead to lower organic traffic and fewer leads from the blog.","Write a compelling meta description of 140-160 characters summarizing the article's value, including a key statistic or benefit.Focus on 'UK fitness businesses', 'automation', and 'leakage' to align with target audience. Learn how UK gyms lose 20-30% of leads through slow follow-up. Discover a practical automation operating model to boost trial bookings and retention. Add specific data points throughout the article to support claims.For instance, replace 'Most gyms lose revenue' with 'Studies show gyms lose 20-30% of leads due to response times over 5 minutes'. Mention industry benchmarks like"
8,Content,Add publication date and fix H1 on hospitality article,Easy,True,False,H1_DUPLICATE|SCHEMA|DATES|COOKIE_H1|TITLE_TAG,RC-02|RC-03|RC-04|RC-06,confirmed-3p-mutation,high,1,/blog/hospitality-automation-smes-build-first,+10 pts,,8fb648d6d3c3fa5d,1,"Missing date reduces trust for time-sensitive B2B content; wrong H1 confuses search engines and users, leading to lower CTR and potential deindexing.","Update the H1 to match the article title: 'Hospitality Automation: What UK SMEs Should Build First'.Change H1 in the page template or content management system to the page title (same as <title> tag). Ensure no other H1 exists. Change from '<h1>Customize your cookie preferences</h1>' to '<h1>Hospitality Automation: What UK SMEs Should Build First</h1>'. Add a visible publication date near the top of the content, ideally in a <time> element.Insert line like 'Published: 18 July 2026' after the H1, using structured data. <p>Published: <time datetime=""2026-07-18"">18 July 2026</time></p> Ensure the"
9,Content,Add data-driven claims and statistics to /blog/small-business-web-development,Medium,False,False,PERF,RC-08,unverified,medium,1,/blog/small-business-web-development,+12 pts,,42cb2edf6cd9c2a3,3,"For a tech/AI site targeting worldwide small business owners, generic claims lose trust and search visibility. AI overviews and voice assistants favor pages with citable data, reducing referral traffic by up to 30% for authoritative queries.","Add a statistic about UK small business website conversion rates near the intro (e.g., 'According to UK Web Design Survey 2024, the average conversion rate for small business sites is 2.35%, but top performers achieve 5%+'). Include a data point about mobile usage: 'Over 70% of UK small business website visitors use mobile devices (Statista, 2024).' Replace vague 'friction-free mobile experience' with this. Add a quantified claim about page speed impact: 'A 1-second delay in load time reduces customer satisfaction by 16% (Google/SOASTA research).' Integrate into the section on avoiding clutter"
10,Content,Add article schema and structured data to blog page,Easy,True,False,H1_DUPLICATE|SCHEMA|FAQ|DATES|COOKIE_H1|TITLE_TAG,RC-02|RC-03|RC-04|RC-05|RC-06,confirmed-3p-mutation,high,1,/blog/trades-websites-ai-automation,+15 pts,,20e114463592a609,1,"Without structured data, search engines cannot generate rich snippets (e.g., article headline, FAQ expandable results). This reduces click-through rates for informational queries by an estimated 10-20%, especially for AI/automation topic queries where competitor articles likely have schema.","Add JSON-LD Article schema to the page head. Include headline, author, publisher, datePublished, dateModified, image (if any). Use the page title and H1 as headline. Add FAQ schema for the Q&A sections in the H2s (e.g., 'What to take from this article', 'What to build first') or wrap them in FAQPage schema to enable rich results. Ensure the cookie consent banner does not override or strip schemas. Test with Google Rich Results Test after implementation."
11,Content,Add meta description and citations to hospitality automation article,Easy,False,False,META_DESC|H1_DUPLICATE|THIN|CITATION|VALUEPROP,RC-01|RC-04|RC-07,confirmed-runtime,high,1,/blog/hospitality-automation-smes-build-first,+15 pts,,332321d44e22a14f,2,"Missing meta description reduces organic CTR by 8-12% for informational queries. Zero citations undermines E-E-A-T, hurting ranking potential for competitive hospitality automation queries. The mismatched H1 may confuse search engines and users, further reducing engagement.","Write a compelling meta description of 140-160 characters that includes target keywords and a value proposition.Include 'UK SMEs', 'hospitality automation', and a benefit like 'reduce missed calls' or 'improve bookings'. Discover the first automation steps for UK hospitality SMEs: reduce missed calls, streamline bookings, and keep human control. Practical AI stack for small businesses. Change the H1 from 'Customize your cookie preferences' to a relevant headline matching the article topic.Update the H1 tag in the page template or content editor. Suggested: 'Hospitality Automation: What UK SMEs"
12,Content,Add structured data (JSON-LD) to /blog/small-business-web-development,Easy,True,False,SCHEMA|FAQ|DATES,RC-02|RC-05,obsolete-advice,high,1,/blog/small-business-web-development,+20 pts,,4a1e240c678ac41d,3,"For a technology/AI site targeting UK small businesses, structured data can increase CTR by 10-30% via rich snippets (e.g., FAQ, HowTo). Missing it reduces organic visibility for commercial-intent queries.","Add Article JSON-LD in the <head> or body via a microdata/JSON-LD plugin or inline script.Use schema.org/Article with properties: headline, datePublished, author, description, image (if any). {""@context"":""https://schema.org"",""@type"":""Article"",""headline"":""Web Design & Development for UK Small Businesses"",""description"":""..."",""datePublished"":""2026-07-10"",""author"":{""@type"":""Organization"",""name"":""Silverstone AI""}} Consider adding FAQPage schema if there are Q&A sections. The article includes implicit questions like 'What a high-performing small business website is really doing'.Wrap each Q&A pair i"
13,Content,Add JSON-LD structured data (Article schema) to /blog/gym-automation-operating-model,Easy,True,False,SCHEMA|DATES,RC-02,refuted-live,high,1,/blog/gym-automation-operating-model,+20 pts,,8f60a5f1f1abecea,3,"Articles without structured data miss out on rich results (e.g., author, date, read time) that can increase CTR by up to 30% for informational queries. For a tech blog targeting UK fitness businesses, this reduces visibility and authority signals.","Add Article schema in JSON-LD format to the <head> of the page.Include properties: @context, @type (Article), headline, author, datePublished, dateModified, image (if any), description, publisher. Ensure the schema is validated using Google's Rich Results Test after deployment."
14,Content,Add meta description and external citations to gym freeze article,Easy,False,False,META_DESC|H1_DUPLICATE|CITATION,RC-01|RC-04|RC-07,confirmed-runtime,high,1,/blog/gym-membership-freeze-automation-myths,+15 pts,,a44316ed4af7c6f5,2,"Gym operators searching for freeze automation trust authoritative content. Missing meta lowers CTR ~10%; no citations reduce E-E-A-T, hurting ranking for UK-specific queries.","Write a meta description (140-160 chars) summarizing automation benefits and UK context.Include keywords: gym membership freeze automation UK, practical automation. Add external citations: link to UK ASA guidelines on billing, CIMSPA membership standards, and a case study from a UK gym operator. Fix H1 to match article topic: 'Gym Membership Freeze Automation Myths for UK Gyms'."
15,Content,"Fix heading hierarchy: missing H1 matches page topic, reduce redundant H2s",Easy,False,False,H1_DUPLICATE|HEADING_GENERIC|READABILITY|TITLE_TAG,RC-04|RC-06|RC-07,confirmed-3p-mutation,high,1,/blog/small-business-web-development,+15 pts,,e61d23b13b9b1975,1,"Proper heading hierarchy improves readability and SEO. For a tech/AI audience, clear structure builds authority and reduces bounce rate. Misaligned H1 likely causes search engines to misinterpret page topic, reducing ranking potential for key terms like 'small business web design UK'.","Set the H1 to a descriptive title matching the page content, e.g. 'Web Design & Development for UK Small Businesses' (from the title tag). Remove or demote navigation-related H2s ('Services', 'Industries', 'Company', 'ContinueExploring') to lower levels (e.g., H4) or convert to list items. Keep only article-section H2s. Ensure H2s follow a logical order: Introduction, What a high-performing..., Start with the operating model..., etc."
16,Content,Fix heading hierarchy and missing meta description on gym-automation article,Easy,True,False,META_DESC|H1_DUPLICATE|HEADING_GENERIC|TITLE_TAG,RC-01|RC-04|RC-06,confirmed-3p-mutation,high,1,/blog/gym-automation-operating-model,+15 pts,,34ba5daa4085b249,1,"For a UK fitness business targeting gym operators, a missing meta description and broken H1 can lower CTR by 8-15%. The cookie-related H1 confuses search engines and users about the page topic, potentially losing organic traffic from high-intent queries.","Set the H1 to 'Gym Automation for UK Fitness Businesses' to match the page title and content focus. Ensure H2s follow a logical hierarchy: introduction, problem statement, automation priorities, operating model, tech stack, hiring advice, next steps. Add a meta description of 140-160 characters summarizing the article's value for UK gym operators."
17,Content,Add meta description and fix H1 to article topic title,Easy,True,False,META_DESC|H1_DUPLICATE,RC-01|RC-04,confirmed-runtime,high,1,/blog/hospitality-automation-smes-build-first,+15 pts,,4295e6c00e50dd31,2,"Article pages targeting hospitality AI queries rely on clear titles and snippets to attract clicks. A misaligned H1 and missing meta can reduce organic CTR by 10-15%, especially for an informative article targeting UK SMEs.","Add a meta description of 140-160 characters that summarizes the article's value for UK hospitality SMEs.Include keywords like 'hospitality automation', 'UK SMEs', 'guest friction', and 'practical stack' to match search intent. Change the H1 from 'Customize your cookie preferences' to the article title or a close variant.Ensure the H1 accurately reflects the main topic: e.g., 'Hospitality Automation: What UK SMEs Should Build First' or a compelling alternative."
18,Content,Add Article & FAQ schema to hospitality automation blog post,Easy,True,False,META_DESC|H1_DUPLICATE|SCHEMA|FAQ|DATES|TITLE_TAG,RC-01|RC-02|RC-04|RC-05|RC-06,confirmed-3p-mutation,high,1,/blog/hospitality-automation-smes-build-first,+20 pts,,461e148ba063ef9a,1,"Without Article or FAQ schema, search engines may not display rich results (e.g., headline, image, author, FAQ accordion) in SERPs, potentially reducing CTR by 5-10% for informational queries from UK hospitality SMEs.","Add JSON-LD Article schema to the page <head>.Include properties: @context, @type, headline, author (Silverstone AI), datePublished, dateModified, image (if any), description (meta description needed first). If FAQ sections persist (e.g., 'What to take from this article', 'Where AI reception...'), add FAQPage schema with mainEntity array.Wrap question-answer pairs from the 'What to take' list or 'High-value starting points' into Question/Answer schema. Fix the H1 to match the page title (article title) instead of 'Customize your cookie preferences'.Change H1 from 'Customize your cookie prefere"
19,Content,Add schema markup and fix H1 on Gym Freeze Automation Myths article,Easy,False,False,H1_DUPLICATE|SCHEMA|FAQ|DATES,RC-02|RC-04|RC-05,confirmed-runtime,high,1,/blog/gym-membership-freeze-automation-myths,+20 pts,,0faf69d1c03eb4a9,2,"Without Article schema, this page cannot appear as a rich result (e.g., headline, author, date) in SERPs, reducing CTR by an estimated 10-30% for informational queries. The incorrect H1 confuses search engines and may dilute topical relevance for 'gym membership freeze automation' queries.","Add Article JSON-LD schema to the <head> or body of the page.Include headline, datePublished, dateModified, author, publisher, and mainEntityOfPage. Example below. { ""@context"": ""https://schema.org"", ""@type"": ""Article"", ""headline"": ""Gym Freeze Automation Myths for UK Gyms"", ""datePublished"": ""2026-07-22"", ""dateModified"": ""2026-07-22"", ""author"": { ""@type"": ""Organization"", ""name"": ""Silverstone AI"" }, ""publisher"": { ""@type"": ""Organization"", ""name"": ""Silverstone AI"" }, ""description"": ""Practical automation that helps gyms and fitness studios process routine pause requests faster, while keeping owner"
20,Content,Add meta description and fix duplicate H1 on blog article,Easy,False,False,META_DESC|H1_DUPLICATE|COOKIE_H1,RC-01|RC-03|RC-04,confirmed-runtime,high,1,/blog/content-creation-system-should-build-not,+15 pts,,1ccf64091008f540,2,"For AI/ML blog readers, a missing meta description reduces organic CTR by 8-12%. A broken H1 confuses search engines and may prevent proper topic understanding, losing rankings for long-tail queries like 'content system for small business UK'.","Add a meta description of 140-160 chars that summarizes the article value: 'Build a scalable content system for your UK small business. Learn why disconnected content fails and how AI can help without replacing human judgment.' Fix the H1 to match the article topic, e.g., '<h1>How to Build a Content System That Actually Works for Your Small Business</h1>'. Remove or reposition the cookie banner H1 to avoid conflict."
21,Content,Add Article structured data to the bespoke app development guide,Easy,True,False,SCHEMA|FAQ|DATES,RC-02|RC-05,obsolete-advice,high,1,/blog/bespoke-app-development-guide,+20 pts,,e0fd46efd9cc6c10,3,"For a technology/ML blog targeting UK small businesses, rich snippets can increase CTR by up to 30% on informational queries, directly supporting lead generation.","Implement JSON-LD Article schema in the <head> of the page. Include properties: @context, @type, headline, description, datePublished, author (Organization or Person), image (if available). Add FAQ schema if the H2s are phrased as questions (e.g., 'What belongs in discovery…') or HowTo schema for the step-by-step guidance."
22,Content,Add structured data (Article schema) to /blog/content-creation-system-should-build-not,Easy,True,False,SCHEMA|FAQ|DATES,RC-02|RC-05,obsolete-advice,high,1,/blog/content-creation-system-should-build-not,+15 pts,,40ff7dcabc7dacbd,3,"Without Article schema, the page cannot appear as a rich result (e.g., with headline, image, publish date) in search. This reduces CTR by an estimated 10-20% for informational queries, which are critical for B2B SaaS content marketing targeting UK small businesses.","Add JSON-LD Article schema to the page <head>.Include properties: @type, headline, author, datePublished, dateModified, description, image, publisher, mainEntityOfPage. Use the existing Publish Date (16 July 2026) and author. If no author listed, use 'Silverstone AI' or add a byline. <script type=""application/ld+json""> { ""@context"": ""https://schema.org"", ""@type"": ""Article"", ""headline"": ""Content Systems for UK Small Businesses | Silverstone AI"", ""author"": { ""@type"": ""Person"", ""name"": ""Silverstone AI"" }, ""datePublished"": ""2026-07-16"", ""dateModified"": ""2026-07-16"", ""description"": ""Why disconnecte"
23,Content,Fix H1 heading and heading hierarchy on article page,Easy,False,False,H1_DUPLICATE|HEADING_GENERIC,RC-04,confirmed-runtime,high,1,/blog/gym-membership-freeze-automation-myths,+15 pts,,1eebe9be3f2b65ad,2,"This heading hierarchy issue confuses both users and search engines about the page's main topic, likely reducing search ranking signals and user engagement on a content page that should drive organic traffic for the AI & ML niche.","Change H1 from 'Customize your cookie preferences' to 'Gym Freeze Automation Myths for UK Gyms'Ensure only one H1 exists, matching the page's primary topic. Set H1 to: Gym Freeze Automation Myths for UK Gyms Fix the typo in the H2 'What to take fromthis article' to 'What to take from this article'Add a space between 'from' and 'this'. Change H2 text to: What to take from this article Remove or demote non-article headings like 'ContinueExploring', 'Build the next Silverstone system around your real workflow.', 'Services', 'Industries', 'Company'These belong to site navigation or footer, not the"
24,Content,Fix heading hierarchy structure (15 pts),Medium,False,False,H1_DUPLICATE|HEADING_GENERIC,RC-04,confirmed-runtime,high,1,/blog/content-creation-system-should-build-not,+15 pts,,80984382689eca4a,2,Broken heading hierarchy confuses screen readers and search engine crawlers.,Audit the H1–H3 order: every page should have exactly one H1 that matches the primary topic Fix skipped heading levels (e.g. an H3 placed directly under the H1 with no H2 in between) Ensure each H2 introduces a distinct subtopic and each H3 nests logically under its parent H2
25,Content,Add meta description and external citations to /ai-voice-agent-out-of-hours,Easy,False,False,META_DESC|H1_DUPLICATE|THIN|CITATION,RC-01|RC-04|RC-07,confirmed-runtime,high,1,/blog/ai-voice-agent-out-of-hours,+15 pts,,77686b7904a5bae8,2,"Missing meta description lowers organic CTR by 10-15% on commercial-intent queries like 'AI voice agent out of hours UK', directly reducing lead generation. Zero citations make the article less credible for B2B buyers comparing solutions, increasing bounce rate and decreasing time-on-page.","Write a 140-160 character meta description summarizing the article's value: triage vs full resolution, UK-specific design, escalation rules. Add external citations from authoritative UK sources (e.g., ICO guidance on consent, Ofcom telephony rules, academic papers on voice AI triage). Aim for at least 1 citation per 500 words (4 total). Correct the H1 from 'Customize your cookie preferences' to a relevant title like 'AI Voice Agent for Out-of-Hours Calls: UK Best Practices'."
26,Content,Add data tables to /blog/bespoke-app-development-guide,Easy,False,False,READABILITY|CITATION|TABLE,RC-07,recommendation-only,high,1,/blog/bespoke-app-development-guide,+7 pts,,2d5d5e8c02f5e38a,3,"For an AI & machine learning site aiming at worldwide small businesses, adding tables can boost time-on-page and readability, making the article more likely to be cited by AI systems and rank higher for competitive UK app development queries.","Insert a comparison table for web app vs mobile app vs internal tool under 'Start with the workflow, not the platform'.Include columns: Type, Best For, Examples, Platforms. Rows: Web App, Mobile App, Internal Tool. | Type | Best For | Examples | Platforms | | Web App | Admin, booking, portals | Booking system, admin dashboard | Desktop, tablet, mobile browser | | Mobile App | Offline, push, camera | Customer app, field tool | iOS, Android | | Internal Tool | Scheduling, stock, handovers | Lead tracker, job board | Web-based | Add a table listing discovery deliverables under 'What belongs in di"
27,Content,Add Article schema markup to blog post about web design,Easy,True,False,META_DESC|SCHEMA|DATES,RC-01|RC-02,refuted-live,high,1,/blog/conversion-focused-website-planning,+20 pts,,905b06c1107df4ab,3,"Without Article schema, the page loses eligibility for rich search results (e.g., author, publish date, preview image). This reduces CTR on search snippets, potentially lowering organic traffic to this and similar blog posts for UK small business queries.","Add JSON-LD Article schema in the <head> of the page.Include fields: @context, @type: Article, headline, author, datePublished, dateModified, image, description (meta description). <script type=""application/ld+json""> { ""@context"": ""https://schema.org"", ""@type"": ""Article"", ""headline"": ""Conversion-Focused Web Design for UK Small Businesses"", ""author"": { ""@type"": ""Organization"", ""name"": ""Silverstone AI"" }, ""datePublished"": ""2026-07-07"", ""dateModified"": ""2026-07-07"", ""image"": ""https://silverstone-ai.com/path/to/image.jpg"", ""description"": ""Learn how to plan a conversion-focused website build for UK"
28,Content,Add specific data points and statistics to improve referenceability,Medium,False,False,OTHER,RC-07,recommendation-only,high,1,/blog/ai-voice-agent-out-of-hours,+18 pts,,884141e159c0fdcf,3,"Technology buyers evaluating AI solutions need concrete evidence to justify investment. Without data, the article may lose 18 points in content quality scoring, reducing organic visibility and conversion potential for high-intent queries.","Add statistics on after-hours call volume and missed call impact for UK businesses.Research and include data such as percentage of calls received outside business hours or cost of missed calls. Insert: 'According to Ofcom, 30% of business calls occur outside standard hours, and missed after-hours calls cost UK SMEs an average of £X per year.' Quote specific metrics on AI triage efficiency or customer satisfaction.Use industry studies or Silverstone AI case studies to provide numbers. Insert: 'Clients using our AI triage report a 40% reduction in on-call interruptions while capturing 95% of urg"
29,Content,"Fix heading hierarchy: use one H1 (article title), logical H2-H3 structure",Easy,True,False,META_DESC|H1_DUPLICATE|HEADING_GENERIC|COOKIE_H1,RC-01|RC-03|RC-04,confirmed-runtime,high,1,/blog/bespoke-app-development-guide,+15 pts,,7eb7e0cc92fcb345,2,"Search engines rely on heading hierarchy to understand content structure. A missing or incorrect H1 can reduce topical relevance signals and rankings by 10-20% for the target keywords. For a tech/ML site targeting UK small businesses, this could lose dozens of organic leads per month.","Replace the current H1 'Customize your cookie preferences' with the article's real title: 'Bespoke App Development for UK Small Businesses'.Move cookie consent banner semantics to a less prominent role (e.g., a button or <aside>). Ensure only one H1 per page. Convert the bold text headings in the body into semantic H2 and H3 tags following a logical hierarchy.Use H2 for major sections: 'What to take from this article', 'Introduction', 'Start with the workflow, not the platform', 'Define the minimum useful product...', 'What belongs in discovery...', 'Architecture, integrations...', 'Commercial"
30,Content,"Fix H1, meta description, and readability on bespoke app development guide",Easy,False,False,META_DESC|H1_DUPLICATE|READABILITY|TITLE_TAG|VALUEPROP,RC-01|RC-04|RC-06|RC-07,confirmed-3p-mutation,high,1,/blog/bespoke-app-development-guide,+15 pts,,1b77a552896bc72e,1,"Informational queries about bespoke app development may see reduced CTR from missing meta description and confusing H1, lowering organic traffic for UK small business audience. Poor readability may increase bounce rate and reduce time on page.","Change H1 from 'Customize your cookie preferences' to 'Bespoke App Development for UK Small Businesses' or a more focused variant.Ensure H1 matches the page title and core topic. Add a meta description of 150-160 characters summarizing the article's value proposition.Include key terms: bespoke app development, UK small businesses, workflow-first approach. Improve readability by breaking long sentences, using bullet points, and simplifying technical terms where possible.Aim for grade 10 reading level. Shorten paragraphs and use active voice."
31,Content,Fix H1 mismatched to page topic on /blog/conversion-focused-website-planning,Easy,True,False,H1_DUPLICATE|TITLE_TAG,RC-04|RC-06,confirmed-3p-mutation,high,1,/blog/conversion-focused-website-planning,+15 pts,,cfc28d97eb20849b,1,"For a UK small business audience reading about conversion-focused web design, a mismatched H1 creates confusion, reduces trust, and signals poor content organization to search engines, potentially lowering rankings and engagement.","Change the H1 to reflect the article's main topic, e.g. 'Conversion-Focused Web Design for UK Small Businesses'.Replace the current H1 with a heading that matches the page title and the content's primary topic. Ensure it is a single, relevant H1. Before: 'Customize your cookie preferences' → After: 'Conversion-Focused Web Design for UK Small Businesses'"
32,Content,Fix H1 heading on /ai-voice-agent-out-of-hours (cookie preference vs article topic),Easy,True,False,H1_DUPLICATE|HEADING_GENERIC|TITLE_TAG,RC-04|RC-06,confirmed-3p-mutation,high,1,/blog/ai-voice-agent-out-of-hours,+15 pts,,a0a8caa3012f9c99,1,"A mismatched H1 reduces topical relevance signals, hurting rankings for queries like 'AI voice agent out of hours UK'. Users may perceive the page as low quality or broken, increasing bounce rate.","Change the H1 from 'Customize your cookie preferences' to a descriptive heading that matches the article topic.Use the page title or a variant that includes key phrase 'AI voice agent out of hours'. Ensure the cookie preference banner does not inject its own H1 into the page. Check CMS or theme settings to prevent this. Review the heading hierarchy: H2s are appropriate, but ensure no other H1s exist on the page."
33,Content,Add precise data & references to /ai-voice-agent-development (article currently lacks citable statistics),Easy,False,False,CITATION,RC-07,recommendation-only,high,1,/blog/ai-voice-agent-development,+15 pts,,2764769bdda1a7e4,3,"Technology decision-makers (UK small businesses) rely on data to justify investment. Missing statistics reduces trust, lowers time-on-page, and limits the chances of being cited by other publishers — directly harming organic growth and authority.","Insert 3-5 industry statistics from reputable sources (e.g., Gartner, Juniper Research, Ofcom) into the 'Introduction' or 'Why call-state design matters' sections.Example: 'According to Juniper Research, AI voice agent interactions will account for 15% of all customer service interactions by 2027.' Add a 'Key Statistics' sidebar or callout box within the first third of the article summarizing the most impactful numbers.Include metrics like cost reduction %, call deflection rate, customer satisfaction lift. Add inline citations or a 'References' section at the end linking to primary sources (st"
34,Content,Improve readability to grade 8-12 for /blog/conversion-focused-website-planning,Medium,False,False,THIN|READABILITY,RC-01|RC-07,recommendation-only,high,1,/blog/conversion-focused-website-planning,+15 pts,,36bbd335a04ec587,3,Small-business owners researching web design are often time-pressed and non-technical. Hard-to-read content increases bounce rate and reduces enquiry form submissions by an estimated 5-10%.,"Shorten sentences to average 15-18 words. Break compound sentences into separate sentences.Replace conjunctions (and, but, or) with periods. Aim for one idea per sentence. Original: 'A website can look polished, load quickly and still underperform commercially.' → 'A website can look polished and load quickly. But it can still underperform commercially.' Replace complex or jargon-heavy words with simpler alternatives.Use tools like Hemingway Editor to identify hard-to-read phrases. Original: 'the operational handoff after someone presses submit' → 'what happens after someone submits a form' Ad"
35,Content,Add Article schema and fix cookie banner H1 on AI voice agent article,Easy,True,False,H1_DUPLICATE|SCHEMA|DATES|COOKIE_H1|TITLE_TAG,RC-02|RC-03|RC-04|RC-06,confirmed-3p-mutation,high,1,/blog/ai-voice-agent-development,+20 pts,,c1f196757b1e1465,1,"Without Article schema, search engines may not display rich snippets (e.g., author, publish date) which can reduce CTR by 10-30% for informational queries. An incorrect H1 confuses both users and crawlers about the page's purpose, potentially hurting rankings for targeted keywords like 'AI voice agent development UK'.","Add Article JSON-LD structured data in the <head> tag.Include properties: @type, headline, author, datePublished, dateModified, publisher, description, image (if available). <script type=""application/ld+json"">{""@context"":""https://schema.org"",""@type"":""Article"",""headline"":""AI Voice Agent Development for UK Businesses"",""author"":{""@type"":""Organization"",""name"":""Silverstone AI""},""datePublished"":""2026-07-09"",""dateModified"":""2026-07-09"",""publisher"":{""@type"":""Organization"",""name"":""Silverstone AI""},""description"":""Learn how to build and buy AI voice agents for UK businesses, covering call state design, i"
36,Content,"Fix H1, add meta description, and strengthen data precision on blog post",Easy,True,False,META_DESC|H1_DUPLICATE|CITATION|COOKIE_H1,RC-01|RC-03|RC-04|RC-07,confirmed-runtime,high,1,/blog/ai-automation-consulting-smarter-operating-system,+25 pts,,3f85b29357305150,2,"Potential readers searching for AI consulting in the UK see a generic cookie H1 in search snippets, drastically reducing CTR. Missing meta description leaves snippet to auto-generate from cookie text. Lack of data points reduces trust and referability, costing readers and backlinks.","Set the H1 to 'AI Consulting UK: A Smarter Small Business Operating System' to match the article title and intent.Override cookie consent element with proper heading or remove conflicting H1. Write a compelling meta description (140-160 characters) summarizing the article's unique value: a framework for UK small businesses to automate workflows.Include high-intent keywords like 'AI consulting UK', 'small business automation', 'GDPR'. Add specific data points: e.g., '63% of UK SMEs report manual admin eats 10+ hours/week', 'Businesses using workflow automation see 30% faster quote turnaround'. "
37,Content,Add data tables for voice agent comparisons to boost AI citable content,Easy,False,False,CITATION|TABLE,RC-07,recommendation-only,high,1,/blog/ai-voice-agent-development,+8 pts,,3c69e9efe24ac585,3,AI systems frequently cite tabular data in responses. Missing tables reduces the chance of being referenced in AI overviews and limits click-throughs from structured snippets.,"Add a comparison table in the 'AI voice agent versus IVR, chatbot, call centre and AI receptionist' section.Include columns for feature, voice agent, IVR, chatbot, call centre, AI receptionist. Rows: natural language, context retention, human handoff, learning capability, cost model. Add a decision table in the 'How to evaluate fit and buy a custom voice AI workflow sensibly' section.Include columns for business need, recommended feature, priority, and example scenario. Rows: high call volume, integration complexity, budget constraints, etc."
38,Content,Add specific data and statistics to blog post (low referenceability score 59),Easy,False,False,CITATION,RC-07,recommendation-only,high,1,/blog/ai-trades-operating-system-websites-automation,+15 pts,,6688e3d851cca223,3,"Readers seeking actionable guidance for their trades business may find the advice less credible, reducing time on page and conversion rates for Silverstone AI's services.","Add a statistic to the Introduction, e.g., 'Trades businesses that automate quote follow-up see a 30-40% increase in conversion rates.'Cite a credible source or Silverstone AI's own client data. Insert after first paragraph: 'According to industry data, businesses using automated follow-up convert 35% more enquiries.' Include a specific number in 'What to automate first': 'Start by automating missed calls—UK trades firms miss an average of 12 calls per week, costing £500 in lost revenue.'Quantify opportunity cost. Replace generic start with: 'Start where volume, repetition, and cost are highes"
39,Content,Add meta description and precise data to AI receptionist guide,Medium,False,False,META_DESC|H1_DUPLICATE|CITATION|COOKIE_H1|TITLE_TAG,RC-01|RC-03|RC-04|RC-06|RC-07,confirmed-3p-mutation,high,1,/blog/ai-receptionist-small-business-guide,+18 pts,,fb95b89d3d9714ae,1,"Missing meta description reduces organic CTR by an estimated 8-12% on high-intent queries like 'AI receptionist UK'. Low data precision hurts rankings for informational queries, losing up to 18% of potential traffic from AI-generated snippets and competitor content with concrete stats.","Add a meta description of 140-160 characters summarizing the guide's practical value for UK small businesses.Include key terms: AI receptionist, UK small business, voice AI, call automation, practical guide. See fix_examples Fix the H1 tag to reflect the page title: 'AI Receptionist UK: Practical Guide for Small Businesses' instead of the cookie preferences heading.Ensure the cookie consent banner doesn't override the page's primary heading. Add specific data points throughout the article to increase data precision.Include statistics on call volume, cost savings, conversion rates, or industry "
40,Content,Fix heading hierarchy and restore H1 on /blog/ai-voice-agent-development,Easy,False,False,H1_DUPLICATE|HEADING_GENERIC|TITLE_TAG,RC-04|RC-06,confirmed-3p-mutation,high,1,/blog/ai-voice-agent-development,+12 pts,,7fed65ca31ddfb48,1,"Misleading H1 means the page likely fails to rank for its primary topic. For a UK AI business, this organic traffic loss could mean fewer qualified leads evaluating voice agent solutions.","Change the H1 from 'Customize your cookie preferences' to 'AI Voice Agent Development for UK Businesses'Ensure the page title and H1 match exactly for consistency. Restructure H2-H4 hierarchy: promote H4s under 'What to take fromthis article' to H3s, and ensure all content sections follow H2 > H3 > H4 order without skipping levels.For example, under H2 'What to take fromthis article', the current H4s should become H3s. Under H2 'Introduction', the body text can have H3s if needed. Hide or move the cookie preference banner H1 away from main content headings (e.g., use a div with aria-label inst"
41,Content,Add JSON-LD structured data (Article/FAQ schema) to /ai-automation-consulting-smarter-operating-system,Easy,True,False,SCHEMA|FAQ|DATES,RC-02|RC-05,obsolete-advice,high,1,/blog/ai-automation-consulting-smarter-operating-system,+20 pts,,cfbe72a8e59e7dc0,3,"Without schema, the page may not qualify for rich results (e.g., article snippets or FAQ carousels), reducing click-through rates from search results. For a tech/automation niche, rich snippets can increase CTR by 20-30% on informational queries.","Add Article JSON-LD structured data to the page head with properties: '@context': 'https://schema.org', '@type': 'Article', 'headline': 'AI Consulting UK: A Smarter Small Business Operating System', 'description': 'Learn what AI & automation consulting should actually fix inside a small business. Use a simple framework to decide whether to automate, assist, redesign or leave a workflow manual.', 'datePublished': '2026-07-15', 'author': {'@type': 'Organization', 'name': 'Silverstone AI'}, 'publisher': {'@type': 'Organization', 'name': 'Silverstone AI'}. Optionally add FAQ schema for the Q&A sec"
42,Content,Add Article + FAQ schema to /blog/ai-trades-operating-system-websites-automation,Easy,True,False,SCHEMA|FAQ,RC-02|RC-05,obsolete-advice,high,1,/blog/ai-trades-operating-system-websites-automation,+20 pts,,c162e61d890d8615,3,"For a tech/AI niche, articles with structured data see up to 30% higher CTR on search results. Missing schema means competitors with rich snippets will capture more clicks, especially on how-to and question-based queries.","Add Article JSON-LD schema to the page's <head> section. Optionally, add FAQ schema for the question/answer pairs implied by the H2 headings (e.g., 'What to automate first in a trades business?')."
43,Content,Add meta description and data table to /app-development,Easy,True,False,META_DESC|TABLE,RC-01|RC-07,recommendation-only,high,1,/services/app-development,+15 pts,,299baaa0bf034b16,3,"Service pages drive conversions for bespoke app development. A missing meta description reduces CTR by 8-12% on branded and long-tail queries. Missing data tables lower the page's ability to win featured snippets and AI overviews, reducing visibility for comparison-intent searches like 'app development process vs competitors'.","Write a meta description of 140-160 chars summarizing the service's unique value: one-user, one-task workflow, UK-built, AI-ready.Focus on speed, risk reduction, and bespoke nature. Bespoke app development with a disciplined first release. UK-based, GDPR-conscious, AI-enhanced. Prove your workflow before scaling. Add an HTML data table comparing delivery phases: discovery, first release, testing, expansion.Include columns for phase name, duration, key activities, and deliverables. Use <table> with <thead> and <tbody>. <table><thead><tr><th>Phase</th><th>Duration</th><th>Activities</th><th>Deli"
44,Content,Fix heading hierarchy: replace H1 'cookie preferences' with article title,Easy,False,False,H1_DUPLICATE|HEADING_GENERIC|COOKIE_H1,RC-03|RC-04,confirmed-runtime,high,1,/blog/ai-trades-operating-system-websites-automation,+15 pts,,27ad368c0c6d07e6,2,"Broken heading hierarchy can reduce content relevance signals by 5-10% for ranking algorithms. For an article targeting trades business owners researching AI systems, a mismatched H1 may lower organic click-through rates and user trust.","Change the H1 from 'Customize your cookie preferences' to the article's main title.Replace the H1 tag text on the page with 'Trades Business Operating System' or the full article title, ensuring it matches the content's topic. Set H1 to: Trades Business Operating System Relocate cookie consent UI to ensure it does not generate an H1.Check that the cookie consent module uses a <div> or <span> with appropriate ARIA roles, not an <h1> tag. Verify the heading hierarchy is sequential (H1 → H2 → H3) with no skipping.Review all headings on the page. The current H2 outline appears correct, but ensure "
45,Content,Fix heading hierarchy and missing meta description on blog article,Easy,True,False,META_DESC|H1_DUPLICATE|HEADING_GENERIC|COOKIE_H1,RC-01|RC-03|RC-04,confirmed-runtime,high,1,/blog/ai-automation-consulting-smarter-operating-system,+12 pts,,2400027617eeb6f3,2,"For an AI consulting article targeting UK small businesses, a missing meta description and broken H1 reduce organic click-through rate by 8-12% on informational queries. Headings with spelling errors (missing spaces) undermine credibility and may confuse site readers.","Set the article title 'AI Consulting UK: A Smarter Small Business Operating System' as the sole H1. Remove or move the cookie banner H1 to a non-heading element (e.g., <div> with ARIA role). Fix typos in H2s: change 'What to take fromthis article' to 'What to take from this article', and 'Where UK small businesses usually get thestrongest return' to 'Where UK small businesses usually get the strongest return'. Add a meta description of 140-160 characters summarizing the article's value: 'Discover how AI & automation consulting helps UK small businesses streamline operations, reduce admin, and "
46,Content,Add meta description and Article schema to AI Receptionist guide,Easy,True,False,META_DESC|SCHEMA|FAQ|DATES,RC-01|RC-02|RC-05,obsolete-advice,high,1,/blog/ai-receptionist-small-business-guide,+20 pts,,8d5aa8dfea36b2fb,3,"Informational pages drive 30-40% of top-of-funnel traffic for AI tools. Missing meta and schema reduces organic CTR by 10-20% and blocks rich result eligibility, losing up to 20 points per scoring metric.","Write a meta description (140-160 chars) summarizing the guide's value for UK small businesses.Include target keywords like 'AI receptionist UK', 'small business', and 'guide'. Discover how UK small businesses can implement an AI receptionist for calls, bookings, and lead capture. A practical framework for readiness, buying, and rollout. Add JSON-LD Article schema in the <head>.Use schema.org/Article with headline, datePublished, author, description, and image if available. Add FAQ structured data based on the H2 questions.Identify FAQ-style H2s: 'What an AI receptionist actually is', 'Where A"
47,Content,Fix heading hierarchy and add meta description on /services/app-development,Easy,False,False,META_DESC|H1_DUPLICATE|HEADING_GENERIC|SCHEMA,RC-01|RC-02|RC-04,confirmed-runtime,high,1,/services/app-development,+15 pts,,c1478446cb3e1e99,2,"Service pages like this one target high-intent prospects searching for app development. A missing meta description reduces click-through rate by up to 10-20%. Poor heading hierarchy confuses users and search engines, potentially lowering rankings for commercial intent keywords.","Add a meta description of 150-160 characters that summarizes the service and includes a call to action.Focus on unique value: bespoke app development, workflow-first approach, UK-based, AI integration. Replace the H1 with a clear, descriptive heading such as 'Bespoke App Development Services'.Keep H1 unique and descriptive of the page content. Fix all H2s: remove spaces that break words, shorten long headings, and ensure logical hierarchy.Examples: 'App projects get over-scoped before the goal is set' becomes 'App projects get over-scoped before the goal is set'. 'A disciplined first release g"
48,Content,Fix missing meta description and optimize readability on AI consulting article,Easy,False,False,META_DESC|H1_DUPLICATE|READABILITY|TABLE|VALUEPROP,RC-01|RC-04|RC-07,confirmed-runtime,high,1,/blog/ai-automation-consulting-smarter-operating-system,+15 pts,,7a12388787ebd0dc,2,"For an AI consulting article targeting UK small businesses, missing meta description reduces organic CTR by an estimated 8-12%. Poor readability (above grade 12) may alienate busy business owners, increasing bounce rate and reducing conversions. Combined, this could lose 15-20% of potential leads.","Write a compelling meta description (140-160 characters) including target keywords and value proposition.Include 'AI automation consulting UK','small business','operating system' and a call to action. UK small businesses: Learn how AI & automation consulting streamlines your operating system. Cut admin, speed up response, and grow smarter. Read our guide. Fix the H1 to match the article title and correct H2 spacing errors.Set H1 to 'AI & Automation Consulting: A Smarter Small Business Operating System'. In H2s, add spaces: 'What to take from this article', 'AI & automation consulting should ac"
49,Content,Add meta description and data table to /services/content-creation,Easy,False,False,META_DESC|CITATION|TABLE,RC-01|RC-07,recommendation-only,high,1,/services/content-creation,+12 pts,,1a687bb5353905b8,3,"Missing meta description reduces CTR by 8-12% on organic queries. The technology/AI audience expect data-driven comparisons; absence of tables lowers trust and AI citation potential, directly impacting conversion and brand authority.","Write a meta description of 150-160 characters summarizing the governed content system, mentioning source-led approach and 500+ campaigns. Add a data table comparing pre-system vs post-system metrics (e.g., output volume, approval time, content shelf-life)."
50,Content,Add published/updated date to article for freshness signal,Easy,True,False,H1_DUPLICATE|DATES|COOKIE_H1,RC-02|RC-03|RC-04,confirmed-runtime,high,1,/blog/ai-receptionist-setup-guide,+10 pts,,70c29a69c96ad518,2,"Readers looking for current AI receptionist guidance may bounce if they can't quickly verify recency, reducing engagement and trust. Date stamps typically increase CTR by 5-10% for informational queries.","Add a clear 'Published on' date below the title, e.g., 'Published: July 9, 2026' or 'Last updated: March 5, 2025' depending on actual revision. Resolve the H1 conflict: change the H1 from 'Customize your cookie preferences' to 'AI Receptionist UK: What to Set Up Before You Buy' or ensure cookie banner doesn't override the article's H1."
51,Content,Improve heading hierarchy and add meta description to content-creation page,Easy,False,False,META_DESC|HEADING_GENERIC|VALUEPROP,RC-01|RC-04|RC-07,confirmed-runtime,high,1,/services/content-creation,+25 pts,,2816bee0c11db07d,2,"Pages without meta descriptions have lower CTR in search results (~5-15% loss). Poor heading hierarchy reduces content accessibility and may cause search engines to misinterpret page structure, lowering ranking potential for keywords like 'AI content system UK'.","Add a meta description of 140-160 characters summarizing the service's value proposition. Clean up H2 headings: remove extra spaces, fix missing apostrophes, and unify formatting (e.g., 'What a governed content system changes'). Ensure all H2s have proper spacing and punctuation. Convert the 'Services', 'Industries', 'Company' H2s as footer links or navigation they likely belong."
52,Content,Improve readability on /services/app-development,Medium,False,False,META_DESC|H1_DUPLICATE|FAQ|THIN|READABILITY,RC-01|RC-04|RC-05|RC-07,confirmed-runtime,high,1,/services/app-development,+15 pts,,ca1163f018c7a909,2,"For a bespoke app development service, clients seek clear processes and outcomes. Poor readability and thin content reduce conversions and cause higher bounce rates, directly affecting lead generation.","Rephrase the H1 to be descriptive and include target keywords, e.g., 'Bespoke App Development Process: From Workflow to Release'. Expand the body to at least 800 words, adding sections like 'Step-by-Step Approach', 'Client Case Studies', and 'FAQ' addressing common concerns. Simplify sentence structure. Replace jargon like 'system states' with 'what the app should do in every situation'. Add a meta description of 150-160 characters summarizing the service and benefits."
53,Content,Add meta description and improve citation density for AI receptionist article,Easy,False,False,META_DESC|THIN|CITATION|VALUEPROP,RC-01|RC-07,recommendation-only,high,1,/blog/ai-receptionist-setup-guide,+12 pts,,ca1130dd8075a3f0,3,"Missing meta description reduces CTR from search results by an estimated 8-12% for commercial-intent AI receptionist queries. Low citations may reduce Google's perception of thoroughness, potentially lowering rankings for competitive UK small business queries.","Write a meta description of 140-160 characters that includes target keywords 'AI receptionist UK', 'setup', 'small business' and a value proposition.Use active voice, include a call-to-action like 'Read our guide' to encourage clicks. Add at least 3 external citations to authoritative UK business or tech sources (e.g., Ofcom telecom guidelines, UK small business association studies) placed naturally in the body.Aim for 1 citation per 500 words. Since word count is 1503, 3 citations are needed."
54,Content,Add meta description and data table to /services/ai-automation,Easy,False,False,META_DESC|CITATION|TABLE,RC-01|RC-07,recommendation-only,high,1,/services/ai-automation,+10 pts,,6b4a05534fb6bc6c,3,"For a B2B AI automation service, missing meta descriptions reduce organic CTR by 8-12% on commercial queries. A data table can increase AI overview citation likelihood and user engagement by providing structured, scannable information.","Write a 150-160 character meta description including key differentiators: UK-based, human-reviewed, 2-4 week deployment, GDPR-conscious. Create a data table comparing automation tiers (e.g., Basic, Advanced, Enterprise) with columns for features, timeline, and price."
55,Content,Add meta description to /services/content-creation (~160 chars),Easy,True,False,META_DESC,RC-01,refuted-live,high,1,/services/content-creation,+8 pts,,58520c92f704dc8c,3,"For a B2B AI service, meta descriptions lift CTR by 5-10% on commercial queries. Missing description means lower click-through from Google, directly reducing lead generation and consultation bookings.","Write a 150-160 character meta description that summarizes the governed content system, emphasizes source-led assets, and includes a call-to-action."
56,Content,Add FAQ section and meta description to /services/app-development,Easy,False,False,META_DESC|FAQ,RC-01|RC-05,obsolete-advice,high,1,/services/app-development,+20 pts,,2bd975ad8698c3b6,3,Service pages without meta descriptions lose an estimated 8-12% CTR from search results. Missing FAQ section misses opportunities to rank for question-based queries that drive high-intent traffic for app development services.,"Add a meta description of 140-160 characters summarizing the bespoke app development service. Add an FAQ section with 5-7 questions addressing common client concerns (e.g., timeline, cost, AI integration, data privacy)."
57,Content,Add specific data and statistics to /ai-receptionist-setup-guide,Medium,False,False,TABLE,RC-07,recommendation-only,high,1,/blog/ai-receptionist-setup-guide,+18 pts,,1f25781efa4c4914,3,"Tech-savvy UK small business owners seek data to justify investment. Without quantified claims, the page loses credibility and misses featured snippet opportunities, reducing lead quality and conversion by an estimated 15-20%.","In the Introduction, add a statistic on average call handling cost or time savings for small businesses. e.g., 'UK small businesses spend an average of £8 per call on reception staff — AI cuts that by 60%.' In 'What an AI receptionist should — and should not — do', add a percentage of calls that are repeatable vs. requiring human escalation. e.g., 'Over 70% of front-desk calls are routine (hours, location, service categories) — ideal for automation.' Add a case study or benchmark table with specific numbers on response time improvement, booking accuracy, or customer satisfaction scores. e.g., "
58,Content,Fix heading hierarchy and add meta description on /ai-automation,Medium,False,False,META_DESC|H1_DUPLICATE|HEADING_GENERIC|FAQ|THIN|TABLE,RC-01|RC-04|RC-05|RC-07,confirmed-runtime,high,1,/services/ai-automation,+25 pts,,95cd0c58013e3aec,2,"For a UK AI automation agency targeting high-intent buyers, missing meta description reduces CTR by 8-12% on commercial queries like 'AI automation UK'. Poor heading hierarchy confuses Google about page structure, potentially limiting snippet eligibility and keyword relevance. The page is not indexed, so no traffic at all.","Add a unique meta description of 140-160 characters summarizing the service: custom workflows, AI judgement, UK-based, human-reviewed.Include key differentiators: 98% extraction accuracy, 2-4 week deployment, GDPR-conscious. Ensure only one H1 exists. Remove or demote the body-text repetition of the H1 phrase 'Make the handoffs work without hiding the exceptions' to plain text or an H2.The first paragraph repeats the H1 verbatim; change it to a subheading like 'Custom workflows that connect triggers, data, rules, AI judgement, approvals and reporting into an operating layer your team can inspe"
59,Content,Add FAQ section to /services/content-creation for AI-citability & SEO,Medium,False,False,SCHEMA|FAQ|INTERNAL_LINK,RC-02|RC-05|RC-07,obsolete-advice,high,1,/services/content-creation,+12 pts,,1fe9e6916e67b9d0,3,"FAQ sections can boost traffic by 10–20% from long-tail queries. For B2B service pages, addressing common blocks (cost, quality, integration) reduces friction and conversion barriers.","Add a FAQ section with 5-7 questions after the 'Questions about AI, quality and publishing' H2.Use schema markup (FAQPage + Question). Questions should address common fears: cost, quality control, human oversight, integration with existing workflows. Wrap each FAQ in <div itemscope itemprop='mainEntity' itemtype='https://schema.org/Question'> and answer with <div itemscope itemprop='acceptedAnswer' itemtype='https://schema.org/Answer'>.Ensure each answer is 2-3 sentences. Link from FAQ answers to relevant service subpages or case studiesImproves internal linking and user journey."
60,Content,Add data table for service comparison on /ai-consulting,Easy,False,False,CITATION|TABLE,RC-07,recommendation-only,high,1,/services/ai-consulting,+12 pts,,f9cfe4cac11aab7f,3,"Technology buyers often compare service tiers or readiness criteria. Without tables, the page loses citations from AI overviews and structured snippets, reducing visibility for comparison-intent queries. Estimated 10-15% lower CTR on those queries.","Insert a table under 'What you receive' listing the four deliverables (Opportunity audit, Readiness testing, Build-vs-buy analysis, Sequenced roadmap) with columns for 'Deliverable', 'Description', 'Timeframe'. Add a comparison table under 'Technology is chosen before the operating problem' showing common pitfalls vs. Silverstone's approach: three columns 'Problem', 'Common outcome', 'Silverstone solution'."
61,Content,Add Article & HowTo schema to /blog/ai-receptionist-setup-guide,Easy,False,False,SCHEMA,RC-02,refuted-live,high,1,/blog/ai-receptionist-setup-guide,+20 pts,,202039698c0b53cd,3,"Without schema, search results appear as plain text, reducing CTR by 20-30% for how-to queries. Rich snippets like step lists or recipe cards can increase engagement by up to 30%.","Add JSON-LD Article schema to the page head. Add JSON-LD HowTo schema covering the setup checklist section, with steps extracted from the H2s and body."
62,Content,Improve readability for AI Automation service page (grade level too high),Medium,False,False,H1_DUPLICATE|THIN|READABILITY|VALUEPROP,RC-01|RC-04|RC-07,confirmed-runtime,high,1,/services/ai-automation,+15 pts,,fbbf65a23956d6c9,2,B2B decision-makers scanning for automation solutions may bounce (CTR -15%) if copy feels academic. Competitors with simpler messaging capture leads. Poor readability reduces conversion on 'AI Automation' queries by ~20%.,"Rewrite H1 to be benefit-driven and simpler: 'Automate Your Workflows Without the Hidden Exceptions'Current H1 is cryptic. New version clarifies value proposition immediately. Replace first 200 words with plain-language summary: 'We build custom workflows that connect your tools, apply business rules, and use AI only where it adds value—so your team stops copy-pasting data.'Drop 'operating layer', 'deterministic logic', 'bounded AI judgement' in favor of concrete outcomes. Shorten H2s to 5-8 words each (e.g., 'Where Automation Fails' instead of 'Automation fails whereownershipdisappears')Elimi"
63,Content,Add FAQ structured data to /industry/physios-chiropractors,Easy,False,False,SCHEMA|FAQ,RC-02|RC-05,obsolete-advice,high,1,/industry/physios-chiropractors,+20 pts,,fa8136a9a83cc61d,3,"For a worldwide AI/machine learning market, FAQ schema can enable rich snippets that answer queries directly in SERPs, improving CTR by 5-10% and reducing bounce rate for informational intents.",Identify all question-answer pairs on the page from H2s and body content.Review the page markup to extract exactly what gets highlighted as Q&A. Add JSON-LD FAQPage structured data in the <head> or before </body>.Use the standard schema.org/FAQPage format with mainEntity array of Question items. Test the schema using Google's Rich Results Test and the Schema Markup Validator.Ensure all questions and answers are correctly marked and valid.
64,Content,Expand /services/ai-consulting from ~470 words and improve heading hierarchy for content depth,Hard,False,False,META_DESC|H1_DUPLICATE|HEADING_GENERIC|FAQ|THIN,RC-01|RC-04|RC-05,confirmed-runtime,high,1,/services/ai-consulting,+20 pts,,262e7fadaab8b53a,2,"Service page for AI consulting targets high-intent B2B buyers; thin content reduces trust and rankings, costing potential leads. Competitors with enriched FAQ/case study content likely capture more organic traffic.","Write a meta description of 140-160 characters summarizing unique offering: independent AI consulting, decision layer, UK-based. Expand all sections to at least 1000 words, adding detailed examples of use cases (e.g., supply chain, customer support) and real metrics. Correct heading hierarchy: ensure one H1, rephrase H2s with consistent casing and complete sentences (e.g., 'Technology Is Often Chosen Before the Operating Problem'). Add an FAQ section at the bottom covering 'What is AI consulting?', 'Why use an independent consultant?', etc."
65,Content,Add FAQ/HowTo schema to /industry/trades (points lost: 20),Easy,True,False,SCHEMA|FAQ,RC-02|RC-05,obsolete-advice,high,1,/industry/trades,+20 pts,,7568c45a11a60a44,3,"FAQ and HowTo rich snippets can increase CTR by up to 30% for informational queries. With a worldwide target market in the competitive AI and trades industry, missing schema means lower visibility for high-intent questions like 'how to automate missed calls for trades'.","Add JSON-LD with FAQPage schema for the question-answer pairs found in H2s and their following content.Identify each H2 that is a question (e.g., 'The phone rings when you can't answer') and extract the answer from the body text. Use the sitewide organization schema with name and URL. Add HowTo schema for the step-by-step process described in 'Missed call to complete brief' (01-05).Use the numbered list as steps with description and optional image. Add Organization schema with name, URL, and contact info (if available).This helps establish brand presence in knowledge panels."
66,Content,Fix heading hierarchy and add meta description on physios-chiropractors page,Medium,False,False,META_DESC|H1_DUPLICATE|HEADING_GENERIC|READABILITY,RC-01|RC-04|RC-07,confirmed-runtime,high,1,/industry/physios-chiropractors,+15 pts,,877437cbd8d9d12e,2,"Poor heading hierarchy reduces readability and confuses screen readers, harming accessibility and user trust. Missing meta description lowers CTR for practitioners searching for automation solutions. Estimated 15% traffic loss from organic search for terms like 'physio practice automation UK'.","Rewrite the meta description to 150-160 characters summarizing the service and targeting physios and chiropractors.Include keywords like 'automation', 'booking', 'intake', 'non-clinical tasks', 'UK', and 'chiropractor'. Restructure headings: keep one H1, reduce H2s to logical sections, and introduce H3s and H4s for sub-points under each H2.Combine related H2s (e.g., 'First enquiry to prepared appointment' and 'Support, after the plan is set' into one H2 with H3 subheadings). Ensure no skipped levels. Add a clear H1 that includes target audience: e.g., 'Physio and Chiropractic Practice Automati"
67,Content,Add meta description and expand content on /services/ai-consulting,Medium,False,False,META_DESC|SCHEMA|FAQ|THIN|READABILITY|TABLE,RC-01|RC-02|RC-05|RC-07,obsolete-advice,high,1,/services/ai-consulting,+25 pts,,069a78c9cac265f9,3,"Technology decision-makers require comprehensive, clear content to evaluate consulting services. Thin content and missing meta description reduce organic CTR and fail to build authority, likely losing leads to competitors with more detailed pages.","Write a unique meta description of 150-160 characters summarizing the consulting service's value. Expand word count to at least 1000 words by elaborating on each section: opportunity audit, readiness testing, build-versus-buy analysis, and roadmap. Add FAQ schema and/or Organization schema to enhance search result appearance. Improve readability by breaking long sentences and using bullet points or tables where appropriate."
68,Content,"Add meta description and FAQ section to /ai-automation (487 words, missing meta)",Easy,True,False,META_DESC|FAQ|THIN,RC-01|RC-05,obsolete-advice,high,1,/services/ai-automation,+20 pts,,08647cdc3d6df526,3,"A missing meta description typically reduces CTR by 8-12% for commercial-intent queries. For a B2B service page, absent FAQs cause lost leads from conversion-intent searches.","Write a 150-160 character meta description summarizing the service, highlighting UK-based, 2-4 week delivery, and GDPR-conscious design. Add an FAQ section with 4-6 questions (e.g., 'How long does setup take?', 'What data do you need?', 'Is my data GDPR compliant?', 'Can you automate existing workflows?', 'What happens if an exception occurs?', 'How do you measure success?')."
69,Content,Fix H1 and heading hierarchy on /industry/trades,Medium,False,False,H1_DUPLICATE|HEADING_GENERIC|FAQ|TITLE_TAG,RC-04|RC-05|RC-06,confirmed-3p-mutation,high,1,/industry/trades,+12 pts,,c58bb522f3313a49,1,"Tradespeople searching for 'AI automation for trades' or 'home services automation' won't see their query reflected in the H1, reducing organic click-through and topical authority. Poor heading structure also hurts accessibility and can confuse AI summaries. 15 points lost in content quality scoring.","Rewrite the H1 to be SEO-friendly, under 60 chars, containing primary keywords.Use the page title as a base: 'AI Automation for Trades and Home Services UK' (41 chars). Change H1 from 'Answer the opportunity before the van is back at the office' to 'AI Automation for Trades and Home Services UK'. Restructure H2s under the new H1: group them logically into 3-4 main sections (e.g., How It Works, FAQ, Features, Benefits). Ensure each H2 is a clear sub-topic.Merge or replace H2s like 'The phone rings when you can't answer' and 'Missed call to complete brief' into a single H2 like 'How Silverstone "
70,Content,Add FAQ section and meta description to /services/ai-consulting,Medium,False,False,META_DESC|FAQ|THIN,RC-01|RC-05,obsolete-advice,high,1,/services/ai-consulting,+25 pts,,d9ecd9e93c430af6,3,"Missing meta description lowers CTR for commercial-intent queries like 'AI consulting UK'. Thin content with no FAQ reduces eligibility for Google's 'People Also Ask' boxes and AI overviews, potentially losing 20-30% of organic traffic for a high-value service page.","Write a meta description of 140-160 characters.Include keywords: 'AI consulting UK', 'automation use cases', 'build vs buy', 'decision roadmap'. Independent AI consulting for UK businesses. Prioritise use cases, test readiness, decide build vs buy. Get a clear roadmap before you commit budget. Add an FAQ section with 5-8 questions.Use the H2 'Questions leadership teams should resolve' as a prompt. Each answer should be 2-3 sentences expanding on existing page content. Q: What is an independent decision layer? A: It's a senior-level consulting engagement that separates technology choice from pr"
71,Content,Add FAQ schema and expand FAQ section to improve citability and SEO,Medium,False,False,SCHEMA|FAQ,RC-02|RC-05,obsolete-advice,high,1,/industry/physios-chiropractors,+15 pts,,c3a8caf3c5f6caa5,3,"For a UK physio/chiropractic automation service, potential clients searching 'how does physio practice automation work' or similar queries expect clear answers. Without FAQ schema and clear Q&A, the page misses up to 30% of featured snippet opportunities, reducing click-through rates from top-of-funnel organic traffic.","Implement FAQSchema (https://schema.org/FAQPage) with Question and Answer markup for each clear question-answer pair on the page.Identify all H2 headers that are actual questions (like 'Questions clinic leaders ask' implies questions exist) or rewrite H2s into explicit questions. Map each question to its corresponding answer paragraph and wrap in schema.org markup. Restructure the 'Questions clinic leaders ask' section into a visual FAQ accordion or expandable list with five or more common questions.Write targeted question-answer pairs addressing: 'What does Silverstone automate?', 'How does i"
72,Content,Improve readability and add meta description for /industry/trades,Medium,False,False,META_DESC|THIN|READABILITY|VALUEPROP,RC-01|RC-07,recommendation-only,high,1,/industry/trades,+12 pts,,517aaf8a86a2acfb,3,Tradespeople searching for automation solutions may skip this result due to unclear snippets. Higher readability scores correlate with 10-15% better engagement and lower bounce rates for B2B service pages.,"Add a meta description of 150-160 characters summarizing the page's value for trades businesses.Include keywords like 'AI automation', 'trades', 'home services', 'UK'. Make it action-oriented. Turn missed calls into booked jobs with Silverstone AI. Automate call handling, quotes, and follow-ups for UK trades and home services. No van shows up to a mystery. Simplify sentence structure and reduce jargon to lower reading level to grade 8-10.Rewrite the first 200 words to be more conversational. Break long sentences into shorter ones. Replace phrases like 'Capture job context, qualify location and"
73,Content,Add FAQ schema and Organization JSON-LD to fitness-coaches page,Easy,True,False,SCHEMA|FAQ,RC-02|RC-05,obsolete-advice,high,1,/industry/fitness-coaches,+20 pts,,c646c094cbf1625d,3,"Without schema, search results show a plain text snippet instead of expandable FAQ rich results. This reduces CTR by 10-30% and blocks eligibility for Google's Q&A features, directly impacting lead generation for fitness coaches.","Add Organization JSON-LD to the <head> using information from the page (name, URL, description, location).Include '@type': 'Organization', 'name': 'Silverstone', 'url': 'https://silverstone-ai.com', 'description': 'Automation for online fitness coaches UK', 'address': {'@type': 'PostalAddress', 'addressLocality': 'London', 'addressCountry': 'UK'} Add FAQPage JSON-LD markup for the 'Questions coaches ask' section.Identify each question/answer pair from the page (e.g., 'How much?' with zero context → 'Turned into a clear, transparent next step — instantly.') and structure as mainEntity array."
74,Content,Add FAQ schema to /industry/hospitality page,Easy,True,False,SCHEMA|FAQ,RC-02|RC-05,obsolete-advice,high,1,/industry/hospitality,+15 pts,,8b9f1dc59bc82436,3,"FAQ pages with schema can achieve ~30% higher CTR on search results. Without it, this page's visibility is reduced for high-intent queries about hospitality automation.","Create FAQPage JSON-LD structured data.Identify each question and answer from the H2s and body content. Use the official FAQPage schema. { ""@context"": ""https://schema.org"", ""@type"": ""FAQPage"", ""mainEntity"": [ { ""@type"": ""Question"", ""name"": ""What does Silverstone AI do for hospitality?"", ""acceptedAnswer"": { ""@type"": ""Answer"", ""text"": ""Silverstone answers instantly from real availability across web, phone, and message, bringing your team in exactly where service becomes judgement."" } }, { ""@type"": ""Question"", ""name"": ""How does Silverstone handle peak demand?"", ""acceptedAnswer"": { ""@type"": ""Answe"
75,Content,Add structured FAQ section and meta description for trades page,Easy,True,False,META_DESC|SCHEMA|FAQ,RC-01|RC-02|RC-05,obsolete-advice,high,1,/industry/trades,+12 pts,,411e41d69efbff12,3,"For a UK trade/home services audience searching for AI automation, a missing meta description reduces CTR by 8-12%. Unstructured FAQs lose rich snippet opportunities in search, which lowers click-through and trust for commercial-intent queries.","Write a 150-160 character meta description highlighting the benefit and including a call-to-action.Include keywords like 'AI automation', 'trades', 'home services', and 'UK'. Capture more leads without dropping tools. AI automation for UK trades & home services. Missed call recovery, smart quoting, and follow-up – tailored for your business. Restructure the 'Questions trade businesses ask' section into a proper FAQ with 5-7 clear Q&A pairs.Use the existing H2 as a heading, then add question H3s and answer paragraphs. Implement FAQ schema (JSON-LD) for each pair. H3: How does Silverstone handle"
76,Content,Fix heading hierarchy on /industry/fitness-coaches,Easy,True,False,H1_DUPLICATE|HEADING_GENERIC|FAQ,RC-04|RC-05,confirmed-runtime,high,1,/industry/fitness-coaches,+12 pts,,574fd2770f28b436,2,"Fitness coaches searching for automation solutions expect clear, scannable information. Poor heading structure can reduce time on page and increase bounce rate, lowering conversion potential for consultation bookings.","Add a single <h1> tag with a keyword-optimized headline such as 'Automation for Online Fitness Coaches UK' or 'Streamline Your Fitness Coaching Business'.This should be the first heading on the page and must be unique. <h1>Automation for Online Fitness Coaches UK</h1> Reorganize content into a hierarchical structure. Use H2 for main sections (e.g., 'Benefits', 'How It Works', 'FAQ') and H3 for subsections.Current H2s like 'Questions coaches ask', 'Services', 'Industries', 'Company' are navigational links, not content headings. Move them outside the main content flow or nest them properly. Curr"
77,Content,Fix heading hierarchy on hospitality FAQ page for better SEO readability,Medium,False,False,META_DESC|H1_DUPLICATE|HEADING_GENERIC|FAQ|THIN|READABILITY,RC-01|RC-04|RC-05|RC-07,confirmed-runtime,high,1,/industry/hospitality,+20 pts,,054721ba8ab1f3e9,2,Hospitality venues searching for automation solutions may not find this page because weak headings and missing meta cause poor snippet display and lower rankings – estimated 15% fewer organic clicks from relevant queries.,"Add a compelling meta description of 150-160 characters that includes primary keywords and a call-to-action. Revise H1 to match the title and be concise, e.g., 'Hospitality Automation for Reservations & Guests'. Fix H2 hierarchy: ensure H2s are properly nested logical sections. Remove spacing errors (e.g., 'truthbeforefluency' -> 'truth before fluency'). Expand content to at least 1000 words with detailed FAQs, real examples, and customer testimonials to improve depth."
78,Content,Add specific data points and statistics (18 pts),Medium,False,False,CITATION,RC-07,recommendation-only,high,1,/industry/ecommerce,+18 pts,,f896314b6db6f558,3,Vague claims without specific data reduce trustworthiness and E-E-A-T signals.,"Locate every vague claim ('many users', 'significant growth', 'often') and replace with a specific number, percentage, or named source Cite the primary source for each statistic with a hyperlink so readers can verify Update any statistics older than 18 months with current figures"
79,Content,Improve readability and add meta description on fitness coaches page,Medium,False,False,META_DESC|FAQ|THIN|READABILITY|VALUEPROP,RC-01|RC-05|RC-07,obsolete-advice,high,1,/industry/fitness-coaches,+15 pts,,7e5189bc224d724d,3,"Fitness coaches searching for automation tools need fast, clear answers. Poor readability and missing meta description likely reduce organic CTR by 10-15% and increase bounce rate, costing leads.","Write a meta description of 150-160 characters that includes key benefits: DM qualification, consultation booking, and UK-built.Use active voice and include target keywords like 'automation for fitness coaches'. Automation for online fitness coaches: qualify DMs, book consultations, automate onboarding. UK-built, human-reviewed, GDPR-conscious. Rewrite the opening paragraphs to be more direct and readable.Target grade 9 reading level. Use shorter sentences and bullet points. Start with a clear value proposition. Stop losing leads between DMs. Silverstone automates your consultation booking, on"
80,Content,Improve readability and add meta description for /industry/hospitality,Medium,False,False,META_DESC|FAQ|THIN|READABILITY|VALUEPROP,RC-01|RC-05|RC-07,obsolete-advice,high,1,/industry/hospitality,+15 pts,,537364a55a30ce07,3,"Hospitality professionals searching for automation solutions need clear, actionable information. Low readability and missing meta description reduce organic CTR by an estimated 10-15% and increase bounce rate, directly impacting lead generation.","Write a meta description of 150-160 characters summarizing the page's value proposition for hospitality operators.Focus on key benefits: real-time availability, group enquiry management, and human-reviewed automation. Simplify H2 headings and introductory body text to grade 8-12 reading level.Replace jargon phrases like 'Reservation truth before fluency' with 'Accurate reservations every time'. Expand body content from 589 to at least 1000 words with concrete examples and FAQs.Add sections: 'How Silverstone Handles Peak Demand', 'Case Study: A London Hotel', 'Pricing Model'."
81,Content,Add FAQ schema to /industry/ecommerce page,Easy,True,False,SCHEMA|FAQ,RC-02|RC-05,obsolete-advice,high,1,/industry/ecommerce,+20 pts,,4046d3b1112436d5,3,"For a B2B automation service, FAQ rich snippets can increase CTR by 10-20% for informational queries related to 'ecommerce automation' and 'customer service automation', leading to more qualified leads.","Implement FAQPage JSON-LD structured data in the <head> section of the page.Create a JSON-LD block with @type: FAQPage containing mainEntity array with Question and Answer objects. Extract the actual questions and answers from the page content. Ensure each Question/Answer pair uses the exact text from the H2s and following paragraphs.For example, 'One question, instantly resolved' is an H2, and the answer starts with 'Where's my order? touches four systems.'"
82,Content,Add structured data (Article schema) to /book page,Easy,True,False,SCHEMA|FAQ|DATES|TITLE_TAG,RC-02|RC-05|RC-06,confirmed-3p-mutation,high,1,/book,+20 pts,,ad3b6ec162b9141f,1,"Book a Discovery Call is a high-conversion page for Silverstone AI's target audience (decision-makers evaluating AI solutions). Without schema, the page misses potential rich results (FAQ, HowTo) that could increase CTR by 10–30% on relevant queries.","Add Article schema in JSON-LD format via Google Tag Manager or directly in the <head>.Include the page title, URL, publication date (if available), and author/org info. Embed FAQ schema for the Q&A sections (e.g., 'Is now the right time?', 'Four questions, thirty minutes').Wrap each H2/H3 pair with Question/Answer markup."
83,Content,Add FAQ schema and expand FAQ content for fitness coaches page,Medium,False,False,SCHEMA|FAQ|THIN,RC-01|RC-02|RC-05,obsolete-advice,high,1,/industry/fitness-coaches,+20 pts,,f39ff56ad19b152c,3,"For online fitness coaches searching for automation, a clear FAQ with schema can drive 15-30% more organic clicks via rich results. Without it, the page misses out on prime SERP real estate.","Create a dedicated FAQ section with 5-7 question-answer pairs based on common coach queries (e.g., pricing, setup, integration with Calendly, GDPR). Add FAQ structured data (Schema.org/FAQPage) to the page in JSON-LD format. Expand word count to at least 800 words by elaborating on the FAQ and adding more detail to existing sections."
84,Content,Add FAQ section with schema to /industry/hospitality (589 words),Medium,False,False,SCHEMA|FAQ|THIN,RC-01|RC-02|RC-05,obsolete-advice,high,1,/industry/hospitality,+15 pts,,059ec0aeb380345b,3,"For a B2B technology site, FAQ content with schema captures featured snippets and voice search, potentially increasing organic CTR by 15-25% for long-tail queries. Missing this on an FAQ page wastes high-intent traffic.","Add an FAQ section with 5-7 common questions and concise answers based on the existing content.Use questions like 'How does Silverstone handle peak demand?', 'What channels does Silverstone integrate with?', 'Is Silverstone GDPR-compliant?' Implement FAQ schema markup (JSON-LD) on the page.Use Google's structured data format marked below."
85,Content,"Fix heading hierarchy on /industry/ecommerce (multiple H1s, skipped levels)",Easy,False,False,H1_DUPLICATE|HEADING_GENERIC,RC-04,confirmed-runtime,high,1,/industry/ecommerce,+15 pts,,d072f0fd3604d76f,2,"Poor heading hierarchy can reduce organic visibility for key service terms like 'eCommerce automation', leading to lower CTR and fewer qualified leads for the agency.","Remove the repeated H1 from the body text (the first sentence).The body starts with 'Scale the experience, not the queue' which acts as a duplicate H1. Either remove it or convert to a paragraph lead-in. Ensure only one H1 tag exists in the HTML.Currently there is only one <h1> but the body text mimics a second H1. Remove the duplicate. Restructure H2s to logically group content and add H3s for sub-sections.For example, under 'One question, instantly resolved', the numbered steps (01, 02, etc.) should be marked as H3 or <strong> with H3 styling. Convert any bold or styled section titles into p"
86,Content,Fix heading hierarchy and add unique meta description on /book,Easy,False,False,META_DESC|H1_DUPLICATE|HEADING_GENERIC|READABILITY,RC-01|RC-04|RC-07,confirmed-runtime,high,1,/book,+12 pts,,a9f88564edf05a41,2,"As a booking page targeting AI/ML decision-makers worldwide, poor headings reduce readability and SEO clarity, lowering conversion rates. A missing meta description can cut CTR by 8-12% on commercial-intent queries, directly impacting lead generation.","Add a unique meta description (140-155 characters) summarizing the call's purpose and value.Include key phrases: 'AI discovery call', '30-minute', 'process automation', 'Silverstone AI'. Restructure the heading hierarchy: ensure one <h1>, continuous <h2> levels, and use <h3> for sub-sections.Map existing visual headings to correct HTML tags: e.g., 'Is now the right time?' -> <h2>, 'A strong fit' -> <h3>, 'Not ready yet' -> <h3>. Remove or consolidate duplicate H2 text like '30-minute discovery' appearing twice in the body.Keep one clear H2 and use H3 for subtopics. Add a skip-to-content link o"
87,Content,Add meta description and conclusion to /blog (category page),Easy,False,False,META_DESC|THIN|INTERNAL_LINK,RC-01|RC-07,recommendation-only,high,1,/blog,+8 pts,,0e63c83d80727a5d,3,"Category pages serve as landing hubs for informational queries. Missing meta description can lower CTR by 8-12%, while thin content (293 words) limits topical authority and internal link distribution for AI/tech queries.","Write a 140-160 character meta description summarizing the blog library and its utility for technology leaders.Include keywords: practical AI guides, machine learning, digital strategy, UK decision-makers. Explore practical AI and digital guides for leaders. Search by service or industry. Make informed technology decisions with Silverstone Intelligence. Add a 'Key takeaways' or 'How to use this library' section below the featured articles to improve depth and provide a natural conclusion.2-3 bullet points summarizing what readers will gain and how to navigate the library. ## How to use this li"
88,Content,Add publication date and fix H1 on AI salon guide,Easy,True,False,H1_DUPLICATE|DATES,RC-02|RC-04,confirmed-runtime,high,1,/blog/salon-barber-ai-guide,+10 pts,,83e8f8853a9173fc,2,"Salon/barber owners evaluating AI tools need current info; missing dates reduce trust and click-through. Without a proper H1, Google may misrepresent the page in SERPs.","Set the page H1 to match the title: 'AI for UK Salons and Barbers'.Ensure the H1 is unique and relevant, not a cookie popup placeholder. Add a visible 'Last updated' or 'Published on' date near the top, e.g., after the reading time line. Published: 10 July 2026 Last updated: [date]"
89,Content,Improve readability of /industry/ecommerce (grade >12 → grade 8-12),Medium,False,False,THIN|READABILITY,RC-01|RC-07,recommendation-only,high,1,/industry/ecommerce,+10 pts,,9ea1b175aae58838,3,eCommerce managers seeking automation solutions may bounce if the copy is unclear. Higher readability can improve time on page and conversion rates by up to 10%.,"Simplify sentence structures: break long sentences into shorter ones, avoid jargon, and use active voice.Aim for an average sentence length of 15–20 words. Replace 'Growth is creating operational debt' with 'As you grow, your operations become more complex.' Rewrite H2s into clear, benefit-driven headings that are easy to scan.Use keywords that match user intent, e.g., 'How We Automate eCommerce Customer Support'. Change 'One question, instantly resolved' to 'Get Instant Answers to Customer Questions'. Add bullet points or numbered lists for key features to improve scannability.Current content"
90,Content,Add meta description and visible dates to /blog,Easy,False,False,META_DESC|H1_DUPLICATE|DATES,RC-01|RC-02|RC-04,confirmed-runtime,high,1,/blog,+6 pts,,bbbf4d56133bacb6,2,"Category pages often rank for broad queries like 'AI guides' or 'digital transformation blog'. Missing meta descriptions can reduce CTR by 5-10%, and missing dates lower trust with decision-makers who need current information.","Add a meta description of 150-160 characters summarizing the blog's value and content categories.Use the existing tagline 'Practical analysis for leaders deciding what to automate...' as inspiration. Practical AI and digital guides for leaders. Search by service or industry to find briefings on automation, analytics, and design. Human-reviewed, UK-built. Add a 'Last updated' date near the top of the page or the section heading.Place it after the H1 or near the first article list. <p class=""last-updated"">Last updated: 23 July 2026</p>"
91,Content,Add quantified data & stats to /blog/salon-barber-ai-guide,Medium,False,False,OTHER,RC-07,recommendation-only,high,1,/blog/salon-barber-ai-guide,+12 pts,,0cb6638dab79bbf1,3,"Tech-savvy salon and barber owners seeking credible AI advice will find vague claims unconvincing, reducing trust and conversion. Lack of stats also weakens the article's ability to rank for informational queries seeking authoritative data.","Add a statistic in the 'Where AI actually fits' section. Example: 'According to a 2023 survey, 68% of UK salons report losing at least 5 bookings per week due to missed calls.' In 'Common mistakes', list 3 data-backed pitfalls. Example: '40% of barbershops using manual booking systems report double-bookings at least once a week.' Add a stat to the 'Digital stack' section: 'Salons using integrated booking + CRM see a 25% increase in repeat visits within 3 months.'"
92,Content,Add meta description to /book and improve readability,Easy,False,False,META_DESC|READABILITY,RC-01|RC-07,recommendation-only,high,1,/book,+10 pts,,f6f484285c747a66,3,"Without a meta description, search snippets are auto-generated, lowering CTR by 8-12% on high-intent queries. Poor readability may deter busy decision-makers, reducing booking conversions.","Write a 150-160 char meta description summarizing the page value.Include keywords like 'discovery call', 'AI', '30-minute'. Book a 30-minute discovery call with Silverstone AI. Bring your biggest AI challenge and get a sensible next step, no strings attached. Rewrite body to improve readability to grade 8-12 level.Break long sentences, add periods, and simplify phrasing."
93,Content,Add meta description and data-backed claims to blog index page,Easy,True,False,META_DESC,RC-01,refuted-live,high,1,/blog,+15 pts,,c5b05b796ea723fa,3,"Missing meta reduces CTR by 5-10% for branded searches. Without data-backed claims, the page appears less authoritative to both users and AI systems, reducing engagement and conversions.","Write a meta description of 150-160 characters summarizing the blog and its value.Include keywords like 'AI guides', 'practical analysis', 'Silverstone AI'. Practical AI and digital guides for leaders. Browse 34+ topics on automation, design, and measurement. UK-built, human-reviewed. Replace vague claims with specific data points in the body text.For example, add the actual number of guides, average time saved, or case study results. Add a count of total guides or industries covered as a numeric callout.E.g., 'Explore 34 topics across 12 industries'."
94,Content,Expand /about page content from 332 to ~1000 words with data and case studies,Medium,False,False,THIN,RC-01,refuted-live,high,1,/about,+25 pts,,5f0f89fa66b3845f,3,"Prospective enterprise clients often research partner credibility via about pages. Missing data reduces trust and conversion rates; competitors with richer content (case studies, metrics) are more likely to win RFPs. Estimated 10-15% loss in B2B leads.","Add a 'By the Numbers' section highlighting company statistics: years in operation, projects delivered, clients served, team size. Include 2-3 brief case study snippets with measurable outcomes (e.g., 'Reduced processing time by 40% for a fintech client'). Expand each discipline bullet point to include an example or statistic demonstrating that discipline's impact."
95,Content,Add Schema Markup to /blog/salon-barber-ai-guide (Article/HowTo),Easy,True,False,H1_DUPLICATE|SCHEMA|DATES|TITLE_TAG,RC-02|RC-04|RC-06,confirmed-3p-mutation,high,1,/blog/salon-barber-ai-guide,+20 pts,,ba325120de008b70,1,"Without structured data, Google cannot display rich snippets (e.g., how-to steps, article previews), reducing CTR for a niche audience searching for AI automation solutions. Competitors with schema may capture more clicks.","Add JSON-LD Article schema with headline, author, datePublished, dateModified, image, and description.Use the page title as headline, set author to 'Silverstone AI', and use the publication date (10 July 2026). Add HowTo schema for the step-by-step guidance in the article (e.g., 'What to build first' section).Extract steps from H2 sections like 'Where AI actually fits...' and 'What to build first...' as individual steps with names and descriptions. Fix the H1 to match the content, e.g., 'AI for UK Salons and Barbers' instead of cookie preferences.Update the H1 to reflect article topic."
96,Content,Add Organization schema markup to /about page,Easy,True,False,SCHEMA,RC-02,refuted-live,high,1,/about,+15 pts,,6821869295211ef6,3,"Without structured data, the page loses opportunity to appear in knowledge panels or rich results, reducing brand visibility and trust for high-intent B2B tech buyers researching Silverstone AI.","Add JSON-LD Organization schema in the <head> of /about.Include fields: name, url, logo, description, sameAs (if social profiles exist), founder, foundingDate, and 'knowsAbout' for AI/technology. See suggestion below."
97,Content,Fix heading hierarchy on /blog/salon-barber-ai-guide,Easy,True,False,H1_DUPLICATE|HEADING_GENERIC|READABILITY|COOKIE_H1,RC-03|RC-04|RC-07,confirmed-runtime,high,1,/blog/salon-barber-ai-guide,+12 pts,,a287c10ecbfba185,2,"For a B2B tech company targeting UK salons and barbers, poor heading structure reduces readability and SEO scoring. Users scanning headings may miss key sections, and search engines may not correctly interpret the page's content hierarchy, potentially lowering rankings for relevant queries and decreasing organic traffic to this article.","Change the H1 to reflect the article's topic. Suggested: 'AI for UK Salons and Barbers: A Practical Guide'.Remove or correct the cookie consent H1 that is incorrectly applied. Ensure only one H1 exists on the page. Remove navigation/UI headings (e.g., 'ContinueExploring', 'Services', 'Industries', 'Company') from the H2 heading hierarchy. They should not be marked as H2s but as list items or navigational elements.Use semantic HTML: main content headings should be H2s, and navigation menus should be in <nav> with appropriate ARIA labels. Reorganize the H2 structure to match the article's logica"
98,Content,Add meta description and structured data to /blog for better CTR and eligibility,Easy,True,False,META_DESC|SCHEMA|VALUEPROP,RC-01|RC-02|RC-07,recommendation-only,high,1,/blog,+20 pts,,7851ef84ac41d2e8,3,"As a blog category page targeting 'practical AI guides' queries, missing meta description likely reduces CTR by 8-12%. Absence of structured data prevents rich snippets (e.g., article list, publish date) that can improve engagement. With 20 points lost, the page is underperforming for its role as a hub.","Write a meta description of 150-160 characters that includes the value proposition and calls to action.Summarize the library's purpose: practical guides for AI and automation decisions. Read before you build. Practical AI and digital guides for leaders deciding what to automate. Search by service or industry to find the right topic. Add JSON-LD structured data for a BlogPosting or CollectionPage schema.Include @type: Blog or CollectionPage with description, publisher, and itemListElement pointing to featured articles. ```json { ""@context"": ""https://schema.org"", ""@type"": ""Blog"", ""name"": ""Practi"
99,Content,Add FAQ section to /book to improve contextual clarity and SEO,Easy,False,False,SCHEMA|FAQ|THIN,RC-01|RC-02|RC-05,obsolete-advice,high,1,/book,+15 pts,,1376a81881f35f52,3,"Missing FAQs reduces page helpfulness for high-intent visitors, lowering conversion on the booking form and missing voice/search traffic for common questions.","Add an FAQ section with 4-6 common questions about the discovery call.Place after the booking console or before the footer. ## Frequently Asked Questions **Do I need technical preparation?** No technical preparation is required. Bring one process, journey or digital problem and enough context to decide the sensible next step. **What happens after the call?** We'll define the most sensible next step—whether that's a defined scope, advisory step, smaller release, or no project. **Is there a cost?** The 30-minute discovery call is complimentary. There is no obligation. **Who should attend?** Idea"
100,Content,Fix heading hierarchy and add meta description on /about,Easy,False,False,META_DESC|H1_DUPLICATE|HEADING_GENERIC|SCHEMA|READABILITY|VALUEPROP,RC-01|RC-02|RC-04|RC-07,confirmed-runtime,high,1,/about,+15 pts,,ab5d13594a6d4e8d,2,"As an about page for an AI company targeting worldwide B2B clients, poor heading structure reduces readability for users and search engines, potentially lowering rankings for brand and relevant queries. Missing meta description reduces CTR from search results.","Reorder headings to have one H1 and use H2 for main sections, H3 for subsections.Current H1 is fine, but the subsequent H2s should be under the H1. Remove any inline heading-like text and ensure proper hierarchy. Change the H2 'Six disciplines, one line of accountability' to stay H2, but ensure the text 'Capability is common. Judgement is rare.' remains as H1. Add a meta description of 150-160 characters summarizing the page.The meta description should highlight the unique value proposition of Silverstone AI: commercial strategy, digital craft, engineering, AI, automation, and restraint. Silve"
101,Content,Add meta description and fix H1 for /ai-automation-consulting-guide,Easy,True,False,META_DESC|H1_DUPLICATE|COOKIE_H1,RC-01|RC-03|RC-04,confirmed-runtime,high,1,/blog/ai-automation-consulting-guide,+12 pts,,273dd2175b3faaf1,2,"Missing meta description reduces CTR by 8-12% on informational SEO queries. A wrong H1 confuses users and search engines, potentially causing lower rankings for core keywords like 'AI automation consulting UK'.","Add a meta description of 140-160 characters summarizing the article's value: specific outcomes (workflow mapping, readiness framework) and target audience (UK small businesses). Change the H1 from 'Customize your cookie preferences' to 'AI & Automation Consulting for UK Small Businesses' (or a variant like 'The Practical Guide to AI & Automation Consulting for UK Small Businesses'). Ensure no cookie banner overwrites the H1. Verify that the page is set to 'Indexed: True' if it is meant to be indexed. Currently it is 'Indexed: False'."
102,Content,Add specific data/statistics and meta description to how-we-work page,Medium,False,False,META_DESC|VALUEPROP,RC-01|RC-07,recommendation-only,high,1,/how-we-work,+18 pts,,8cc0b8fc3d8b2d6a,3,"For an AI/ML technology company targeting worldwide, prospects expect quantified claims. Missing data reduces perceived expertise and conversion rates. No meta description lowers CTR in SERPs.","Add a meta description (140-160 chars) summarizing the page content and value proposition.Use keywords like 'AI delivery method', 'governed launch', 'Silverstone'. Include benefit statement. Insert specific performance data in the 'Why the discipline matters' section.Add actual numbers from Silverstone's client results, e.g., '% improvement in efficiency', 'hours saved', 'accuracy rate'. Add a statistics counter or bullet points throughout the page.E.g., 'x gated stages', 'y failure modes', 'z years of experience'. Any concrete number."
103,Content,Add Article schema markup to /blog/ai-automation-consulting-guide,Easy,True,False,SCHEMA|FAQ|DATES,RC-02|RC-05,obsolete-advice,high,1,/blog/ai-automation-consulting-guide,+20 pts,,edef7916de461ce3,3,"For a tech consulting site targeting UK small businesses, rich snippets can boost organic CTR by 20-30%. Without schema, the page misses visibility on featured snippets and knowledge panels, losing potential leads looking for automation advice.","Add JSON-LD Article schema in the <head> of the page.Use the existing title 'AI & Automation Consulting for UK Small Businesses', author 'Silverstone AI', date published '2026-07-10', and image if available. <script type=""application/ld+json"">{ ""@context"": ""https://schema.org"", ""@type"": ""Article"", ""headline"": ""AI & Automation Consulting for UK Small Businesses"", ""description"": ""Learn which workflows usually deserve automation first, where AI helps, and how to assess readiness."", ""author"": { ""@type"": ""Organization"", ""name"": ""Silverstone AI"" }, ""datePublished"": ""2026-07-10"", ""dateModified"": ""202"
104,Content,Add Organization schema and meta description to /how-we-work,Easy,True,False,META_DESC|SCHEMA,RC-01|RC-02,refuted-live,high,1,/how-we-work,+15 pts,,3736e3a3180967dd,3,"Missing rich snippets reduces CTR by 5-15% on B2B tech queries; no meta description makes snippets auto-generate from body text, lowering click-through.","Add Organization schema (JSON-LD) in <head> with name, url, logo, and sameAs. Add meta description of 140-160 characters summarizing the delivery methodology."
105,Content,Restructure heading hierarchy and add meta description to /how-we-work,Easy,False,False,META_DESC|H1_DUPLICATE|HEADING_GENERIC,RC-01|RC-04,confirmed-runtime,high,1,/how-we-work,+15 pts,,f98977aaf18b884d,2,"As a key 'How we work' page for a B2B AI services company, poor hierarchy and missing meta description reduce organic visibility for high-intent queries like 'AI delivery methodology' or 'controlled AI deployment'. This could cost dozens of qualified leads per month from companies evaluating vendors.","Add a compelling meta description of 150-160 characters summarizing the five-stage delivery process and key differentiators. Ensure only one <h1> per page (currently the main H1 is fine). Convert the current H2s that are main section titles into <h2> or <h3> as appropriate, ensuring a logical hierarchy (H1 -> H2 -> H3). Remove or move the navigation items ('Services', 'Industries', 'Company') from the H2 outline; they belong in a <nav> element or footer, not in content headings."
106,Content,Add meta description & expand content with data for /industry/salons-barbers,Medium,False,False,META_DESC|THIN|CITATION,RC-01|RC-07,recommendation-only,high,1,/industry/salons-barbers,+25 pts,,a77be5deea935b94,3,"Salon owners evaluating software need concrete ROI proof. Without data, they bounce to competitors with case studies (e.g., '30% more rebookings'). Missing meta also lowers CTR by an estimated 8-12% for high-intent queries.","Write a 150-160 character meta description that includes a benefit and triggers action.Include keywords like 'salon booking automation', 'UK', and a quantifiable claim. Automate salon bookings, cancellations & rebooking. UK-built AI fills gaps instantly. See how salons recover 20%+ lost revenue. Add a statistics section with 3-5 real data points from client outcomes.Use numbers like 'average cancellation fill time', 'increase in rebookings', 'calls captured per day'. Cite source if possible. Add a case study or mini success story with specific results (e.g., 'London barbershop increased rebook"
107,Content,"Fix heading hierarchy: H1 to correct, logical H2-H3 structure",Easy,False,False,H1_DUPLICATE|HEADING_GENERIC|TITLE_TAG,RC-04|RC-06,confirmed-3p-mutation,high,1,/blog/ai-automation-consulting-guide,+15 pts,,d6275a9e4ba13029,1,"Poor heading hierarchy confuses search engines about content structure, likely reducing rankings for target queries like 'AI automation consulting UK small businesses'. Users scanning the article may miss key sections, hurting engagement and conversions.","Change the H1 from 'Customize your cookie preferences' to 'AI & Automation Consulting for UK Small Businesses' (matching the page title). Restructure H2s to be clean, single headings without concatenation. Use proper H3 subheadings where needed.Current H2s: 'What to take fromthis article', 'Introduction', 'What AI & automation consultingshould actually do', 'What to automate first if you run asmall UK business', 'Where AI helps, and whererules are better', 'How to assess readiness beforeyou buy anything', 'What a sensible consultingengagement should produce', 'How to choose theright next step'"
108,Content,Add FAQ structured data markup to /industry/salons-barbers,Easy,True,False,SCHEMA|FAQ,RC-02|RC-05,obsolete-advice,high,1,/industry/salons-barbers,+20 pts,,31cb0d9a12c329cd,3,"Salon owners searching for booking automation solutions often ask specific questions (e.g., 'how to handle cancellations?'). FAQ rich snippets can increase CTR by 30%+ for such queries, directly driving more free trial signups.","Add FAQPage JSON-LD structured data to the <head> section of the page.Map each Q&A from the H2 outline and body content into the Question/Answer format. Ensure each question is unique and answer is concise. Optionally add Article or Product schema if the page also features service descriptions, but start with FAQPage."
109,Content,Add meta description and expand content on /how-we-work,Medium,False,False,META_DESC|THIN|VALUEPROP,RC-01|RC-07,recommendation-only,high,1,/how-we-work,+15 pts,,61eb5187c0248f06,3,"For a B2B AI services site, a well-written meta description can improve CTR by 8-12% on competitive queries. Thin content may cause the page to rank lower for commercial-intent searches.","Write a meta description of 150-160 characters summarizing the five-stage process and value proposition.Include keywords like 'AI automation', 'consulting', 'delivery process'. Expand body content to at least 800 words by elaborating on each of the five stages with concrete examples.Add a paragraph for each stage: Diagnose, Scope, Design, Build, Govern."
110,Content,Fix H1 and meta description for blog article,Easy,True,False,META_DESC|H1_DUPLICATE|READABILITY|VALUEPROP,RC-01|RC-04|RC-07,confirmed-runtime,high,1,/blog/ai-automation-consulting-guide,+10 pts,,d73342c97d61d325,2,"Missing meta description reduces CTR from search results by an estimated 8-12%. Irrelevant H1 confuses users and may cause high bounce rates. For a B2B tech article targeting UK small businesses, this could lose 10-15% of potential leads.","Change the H1 to a descriptive, benefit-driven headline that matches the article's focus.Replace 'Customize your cookie preferences' with 'AI & Automation Consulting for UK Small Businesses: A Practical Guide' or similar. Add a meta description of 140-160 characters that summarizes the article and includes target keywords.Include 'AI automation consulting', 'UK small businesses', and a clear value proposition. Review the H2 outline to remove generic navigation H2s (Services, Industries, Company, Continue Exploring) and replace them with article-specific subheadings if needed.Ensure H2s align w"
111,Content,Add a visible publication/update date and fix H1 mismatch,Easy,False,False,H1_DUPLICATE|DATES|TITLE_TAG,RC-02|RC-04|RC-06,confirmed-3p-mutation,high,1,/blog/hospitality-automation-guide,+10 pts,,7f68750c3947b9b4,1,"UK hospitality business owners reading this guide need to trust that advice is current. Missing dates reduces credibility, especially for a guide on automation technology that evolves quickly. A corrected H1 and visible date can improve CTR and trust.","Change the H1 from 'Customize your cookie preferences' to the article title: 'Hospitality Automation for UK Small Businesses'This is likely a template error. Ensure the H1 matches the page title. Current: <h1>Customize your cookie preferences</h1> → Suggested: <h1>Hospitality Automation for UK Small Businesses</h1> Add a clearly visible 'Published on' and 'Last updated' date near the top of the article, ideally right after the H1 or in the byline area.Use a format like 'Published: 10 July 2026 | Updated: [date]'. Place it above the introduction. Add under H1: <p class=""article-date"">Published:"
112,Content,Fix heading hierarchy structure (15 pts),Medium,False,False,H1_DUPLICATE|HEADING_GENERIC,RC-04,confirmed-runtime,high,1,/industry/salons-barbers,+15 pts,,1ddfeeb69fc8dd98,2,Broken heading hierarchy confuses screen readers and search engine crawlers.,Audit the H1–H3 order: every page should have exactly one H1 that matches the primary topic Fix skipped heading levels (e.g. an H3 placed directly under the H1 with no H2 in between) Ensure each H2 introduces a distinct subtopic and each H3 nests logically under its parent H2
113,Content,Add data tables and expand thin content on /services/ai-receptionists,Medium,False,False,THIN|TABLE,RC-01|RC-07,recommendation-only,high,1,/services/ai-receptionists,+7 pts,,20ac35c9c002c276,3,"For a technology service page targeting worldwide buyers, thin content reduces credibility and engagement. Without data tables comparing plans or features, visitors cannot easily evaluate options, decreasing conversion rates and making the page less citable by AI systems.","Add a comparison table of AI receptionist plans (e.g., Basic, Pro, Enterprise) with columns for features like booking handling, human handover, multi-language, etc. Expand body content to at least 800 words covering the listed H2 sections, including proof points and pricing."
114,Content,Add schema markup and expand FAQ content for /industry/gyms-fitness-studios,Medium,False,False,SCHEMA|FAQ|THIN,RC-01|RC-02|RC-05,obsolete-advice,high,1,/industry/gyms-fitness-studios,+18 pts,,c19f6edc8ff79eea,3,"Gym owners searching for lead tracking and retention tools have high commercial intent; missing schema and thin content reduce eligibility for rich snippets and featured snippets, directly impacting trial signups and demo requests.","Add FAQPage JSON-LD structured data to the <head>.Extract the actual questions and answers from the 'Questions operators ask' section and structure them in FAQPage schema. Expand the FAQ section with 5-7 detailed, conversational questions.Each answer should be 100-150 words covering how Silverstone solves specific pain points (leads, retention, class management). Include concrete examples and stats where possible. Add an Organization schema with sameAs profiles (LinkedIn, Twitter) and contact info.This builds trust and local relevance for UK-based queries."
115,Content,Add meta description and improve data precision in hospitality guide,Medium,False,False,META_DESC|H1_DUPLICATE|COOKIE_H1,RC-01|RC-03|RC-04,confirmed-runtime,high,1,/blog/hospitality-automation-guide,+15 pts,,f8bcbd38ec745660,2,"For a tech/AI targeting UK hospitality SMBs, missing meta description reduces CTR by up to 30% on search snippets. Lack of data precision makes content less authoritative, reducing organic traffic and conversions for high-intent queries like 'hospitality automation ROI'.","Add a compelling meta description (140-160 characters) summarizing the guide's value.Include target keyword 'hospitality automation UK' and a benefit. Learn how UK hospitality SMBs cut costs and boost bookings with AI automation. Specific steps for website, receptionist, and operations. Insert specific statistics and quantified claims throughout the article.Add data points such as '85% of UK hospitality businesses report...', 'businesses using AI automation see X% increase in bookings', or 'average cost of missed call is £Y'. Use sources like UKHospitality reports or industry studies. Replace "
116,Content,Improve readability & expand content on /industry/salons-barbers,Medium,False,False,FAQ|THIN|READABILITY,RC-01|RC-05|RC-07,obsolete-advice,high,1,/industry/salons-barbers,+20 pts,,013e895008093788,3,"Salon and barber owners searching for automation solutions need clear, easy-to-digest info. Poor readability and thin content may cause high bounce rates and loss of leads to competitors with more accessible content.","Add proper spacing in headings: 'A full diary can still leak revenue', 'The rules behind a booking that actually works', etc. Restructure the FAQ section as actual questions (e.g., 'How does Silverstone handle missed calls?') followed by concise answers (2-3 sentences). Increase word count to 1000-1200 words by expanding each process step with real-world examples and benefits for salon owners. Simplify language to grade 8-10 reading level: replace jargon like 'consent-led reactivation' with 'Ask past clients if they want to come back'."
117,Content,Add structured data (JSON-LD) to hospitality automation guide,Medium,False,False,SCHEMA|FAQ|DATES,RC-02|RC-05,obsolete-advice,high,1,/blog/hospitality-automation-guide,+20 pts,,18567a89b10da716,3,"Without structured data, the page misses eligibility for rich results (FAQ, HowTo carousel) that can increase CTR by 20-30% for informational queries. For a UK small business audience, higher visibility drives more qualified leads.","Add JSON-LD Article schema with headline, datePublished, dateModified, author, description, image, and publisher.Place in <head> or within <script type=""application/ld+json"">. Use Article subtype 'Article' since it's a blog post. Add FAQ schema for the Q&A sections. Extract question-answer pairs from H2s: 'Where hospitality businesses lose money first', 'What to automate...should stay human', etc. Add HowTo schema for actionable steps, e.g., 'What a sensible UK hospitality build should include'.Define step by step with tool, material, and time if applicable."
118,Content,Fix heading hierarchy and add meta description to /industry/gyms-fitness-studios,Medium,False,False,META_DESC|H1_DUPLICATE|HEADING_GENERIC|SCHEMA|FAQ|THIN|INTERNAL_LINK|TITLE_TAG|IMAGE_ALT|VALUEPROP,RC-01|RC-02|RC-04|RC-05|RC-06|RC-07,confirmed-3p-mutation,high,1,/industry/gyms-fitness-studios,+25 pts,,e3f400f4b0aad621,1,"Gym operators searching for a unified member management solution will see a thin, poorly structured page. Missing meta means auto-generated snippets, likely losing 8-12% CTR on high-intent queries like 'gym automation UK'. The heading chaos reduces chances of voice search answers and featured snippets.","Add a meta description between 140-160 characters summarizing the page's value proposition. Restructure headings: keep one H1 per page should be the H1. If 'Make every genuine enquiry visible to the team' is the H1, then all sections should be H2s. Consider changing the page title to match the H1 or vice versa. Expand content from 584 to at least 1200 words. Add an FAQ schema using JSON-LD. Under the first H2, add 2-3 paragraphs explaining how the software works, with concrete examples. Add internal links to relevant service or product pages (e.g. /features, /pricing). Add alt text to images ("
119,Content,Add meta description to /pricing and expand content with specific data,Medium,False,False,META_DESC|THIN,RC-01,refuted-live,high,1,/pricing,+25 pts,,bb2856961257c162,3,"For a high-intent pricing page, missing meta description reduces CTR by 8–12% on branded/commercial queries. Thin content without data fails to build trust, losing potential enterprise leads to competitors who provide transparent pricing information.","Write a 140-160 character meta description summarizing the bespoke pricing approach and outcome-driven results.Include keywords like 'AI pricing', 'bespoke', 'discovery', and 'ROI'. Silverstone AI prices the problem, scope, and execution standard after discovery. Transparent proposals, measurable outcomes. Start with a free consultation. Add a 'Results by the Numbers' section with at least 3 specific data points (e.g., average project ROI, time saved, typical cost ranges).Pull statistics from the 'Verified Silverstone AI results' mentioned but not quantified. Use exact numbers if available. Av"
120,Content,Fix heading hierarchy and expand content for /ai-receptionists,Medium,False,False,META_DESC|HEADING_GENERIC|SCHEMA|FAQ|THIN,RC-01|RC-02|RC-04|RC-05,confirmed-runtime,high,1,/services/ai-receptionists,+25 pts,,54b0d82368e33ac0,2,"AI receptionist services are a high-intent commercial query. A missing meta description reduces CTR by 10-20% in SERPs. Thin content fails to answer user questions, leading to lower dwell time and higher bounce rates. Competitors likely have extensive service pages, causing loss of potential leads.","Add meta description (140-160 chars) that includes target keywords and a call to action.Use keywords like 'AI receptionist', 'automated front desk', '24/7 call handling'. AI Receptionist Services UK from Silverstone AI. Automate your front desk with 24/7 call handling, booking, and human handover. Try Grace live now. Expand page content to at least 800 words covering: how AI receptionist works, key features (call handling, booking, handover), industries served, pricing, case studies, and FAQ.Organize sections clearly under existing H2 headings. Add a new H2 'Pricing & Packages' and 'FAQ'. Add "
121,Content,Fix H1 and heading hierarchy on hospitality automation article,Easy,False,False,H1_DUPLICATE|HEADING_GENERIC|READABILITY,RC-04|RC-07,confirmed-runtime,high,1,/blog/hospitality-automation-guide,+15 pts,,d338f382a70f2e31,2,"Broken heading structure confuses both users and search engines, reducing readability and likely harming keyword targeting. For a blog post targeting SMBs in UK hospitality, this can lead to lower engagement and missed conversions.","Set the H1 to the article title: 'Hospitality Automation for UK Small Businesses'. Ensure only one H1 exists per page; remove the cookie preferences H1 or change it to a button/div. Reorganize the H2s to match the content structure. Use proper headings for sections: 'Introduction', 'Where hospitality businesses lose money first', 'What to automate in hospitality, and what should stay human', etc. Remove non-content H2s like 'ContinueExploring', 'Build the nextSilverstone system around your real workflow', 'Services', 'Industries', 'Company'. Ensure the body starts with the actual article intro"
122,Content,Add meta description and schema markup to /pricing page,Easy,True,False,META_DESC|SCHEMA|VALUEPROP,RC-01|RC-02|RC-07,recommendation-only,high,1,/pricing,+15 pts,,efb91897a4c12ed1,3,"Missing meta description reduces CTR on commercial-intent queries by 8-12%; missing schema means no rich snippets, lowering click-through rates for pricing pages.","Write a 140-160 character meta description summarizing the value proposition: bespoke pricing based on problem, scope, and execution standard.Include keywords 'AI pricing', 'bespoke', 'discovery' to match search intent. Add JSON-LD structured data. Use Product schema with 'offers' or Organization schema with 'makesOffer' for services."
123,Content,Expand /industry/gyms-fitness-studios from 584 words to 1500+ words with clearer structure and lower reading level.,Hard,False,False,FAQ|THIN,RC-01|RC-05,obsolete-advice,high,1,/industry/gyms-fitness-studios,+20 pts,,39025571736a1406,3,Gym and fitness studio owners searching for 'automation for gyms' expect a clear explanation of how Silverstone solves lead leakage. Thin content with high reading level causes high bounce rates and low conversion (estimated 20-30% lower lead capture rate from this page).,"Expand each H2 section to 100-200 words with concrete examples and subheadings.For 'Demand is leaking between systems', add a paragraph explaining a typical scenario: a lead comes via Instagram, another via phone, no single view leads to missed follow-ups. Then explain how Silverstone unifies them. Add a 'How It Works' section with 3-4 steps (e.g., Capture, Route, Follow Up, Convert) using numbered lists.Use the existing 'The trial is a journey, not an event' as a base but expand each step with details on who does what and when. Write an FAQ section addressing common questions from the H2 'Que"
124,Content,Restructure heading hierarchy and optimize meta description on /pricing,Medium,False,False,META_DESC|H1_DUPLICATE|HEADING_GENERIC|SCHEMA|FAQ|THIN,RC-01|RC-02|RC-04|RC-05,confirmed-runtime,high,1,/pricing,+15 pts,,bde9497894e7194d,2,"Pricing pages are high-intent for B2B AI buyers—missing meta reduces CTR 5-10%, poor heading hierarchy hurts featured snippet eligibility, thin content reduces conversion trust, and no FAQ content misses voice queries.","Add a meta description of 140-160 chars summarizing the bespoke pricing approach.Include keywords like 'AI pricing,' 'bespoke,' 'discovery-first'. Change the first visible text to a proper H1 heading.Replace 'No generic packages...' with an <h1> tag containing a clear, benefit-driven heading. Normalize H2 headings: capitalize properly, avoid cryptic phrasing.Rewrite headings as questions or clear statements (e.g., 'How We Price Our Projects'). Expand content to at least 800 words: add a FAQ section addressing common pricing concerns.Include typical budget ranges, discovery process, ROI example"
125,Content,Expand /ai-receptionists from 89 to 1000+ words with clear service details,Medium,False,False,META_DESC|SCHEMA|FAQ|THIN|READABILITY,RC-01|RC-02|RC-05|RC-07,obsolete-advice,high,1,/services/ai-receptionists,+45 pts,,75559e6584a58eb1,3,"For an AI & machine learning service targeting businesses worldwide, this page fails to answer buyer questions about features, integrations, pricing, or ROI. Thin content leads to low CTR, poor rankings, and lost leads—competitors with comprehensive pages will capture the traffic.","Write a meta description (140-160 chars) summarizing the AI receptionist service, including keywords like 'AI receptionist UK', 'automated call handling', '24/7 answer service'. Silverstone AI's AI receptionist handles calls, books appointments, and transfers to humans. See a live demo and start your free trial. 24/7/365. Add an introductory section explaining what an AI receptionist is, target industries, and key benefits (cost savings, never miss a call, consistent handoff). An AI receptionist powered by Silverstone AI can answer routine enquiries, schedule appointments, and escalate to live"
126,Content,Add publication/update date and fix H1 on blog page,Easy,True,False,H1_DUPLICATE|DATES|TITLE_TAG,RC-02|RC-04|RC-06,confirmed-3p-mutation,high,1,/blog/ai-voice-agent-buyers-guide,+15 pts,,22ea1183e6aaaa2f,1,"For small businesses researching AI voice agents, a missing date may cause doubt about the content's relevance, increasing bounce rates. Incorrect H1 hurts SEO relevance for the target keyword 'AI voice agents UK small businesses' and may confuse readers.","Change the H1 to 'AI Voice Agents in the UK for Small Businesses' to match the page title and content focus. Add a 'Published on' and 'Last updated' line near the top of the article (e.g., above the first paragraph).Format as 'Published: 10 July 2026 | Updated: [current date]' to signal freshness."
127,Content,Add meta description & structured FAQ to gym-automation page,Easy,False,False,META_DESC|SCHEMA|FAQ|THIN,RC-01|RC-02|RC-05,obsolete-advice,high,1,/industry/gyms-fitness-studios,+20 pts,,b5adf8feac015d4b,3,"For a B2B AI/ML SaaS targeting gyms, this page is a key lead gen tool. A missing meta description reduces CTR by 8-12% on branded and solution-intent queries. Thin FAQ coverage means the page is less likely to appear in AI overviews and rich snippets, costing trial sign-ups.","Write a compelling meta description (140-160 chars) that includes target keywords and value prop.Current: (none). Suggested: 'Automate gym lead tracking, trials & retention with Silverstone AI. Connect website, phone & social into one view — built for UK fitness studios.' <meta name=""description"" content=""Automate gym lead tracking, trials & retention with Silverstone AI. Connect website, phone & social into one view — built for UK fitness studios."" /> Add a structured FAQ section with Q&A schema markup.Based on existing H2 'Questions operators ask', expand with 5-7 common FAQs from the page c"
128,Content,Add meta description to /pricing and expand content from 308 words,Medium,False,False,META_DESC|FAQ|THIN,RC-01|RC-05,obsolete-advice,high,1,/pricing,+15 pts,,efd0d4f31d93241f,3,"For an AI/ML technology company targeting worldwide customers, pricing pages are high-intent commercial pages. Missing meta description reduces CTR by an estimated 8-12% on branded and non-branded queries. Thin content limits ranking for long-tail commercial queries like 'Silverstone AI pricing' or 'bespoke AI pricing model'. Lost conversions from undecided buyers who cannot find price transparenc","Write a 150-160 character meta description summarizing the bespoke pricing approach and call to action.Include keywords like 'bespoke pricing', 'AI project pricing', 'Silverstone AI' to target relevant queries. Discover Silverstone AI's bespoke pricing model. No packages. We price the problem, scope, and execution after discovery. Get a written proposal tailored to your needs. Expand the page content to at least 800 words, adding sections that address user concerns before contacting.Add a typical price range or budget indicator (e.g., 'Projects typically range from £X to £Y'), testimonials, a "
129,Content,Expand AI receptionist page from 89 to 600+ words with FAQ,Medium,False,False,META_DESC|FAQ|THIN,RC-01|RC-05,obsolete-advice,high,1,/services/ai-receptionists,+25 pts,,bc58b60eeee8c1fa,3,"Service pages for AI receptionist tools target high-intent B2B buyers; thin content loses estimated 40-60% of organic traffic to competitors with richer pages, reducing demo bookings and trial signups.","Write a compelling meta description of 150-160 characters highlighting key benefits.Include phrases like 'AI receptionist UK', '24/7 call handling', and 'free demo'. AI Receptionist UK | 24/7 call handling, booking & handover. Try Grace live on this page. No installation required. Add an FAQ section addressing at least 8 common questions.Questions: How does the AI handle complex queries? Can it integrate with our CRM? Is there a human handover? What languages are supported? How much does it cost? How does onboarding work? What if the AI doesn't understand? Is it GDPR compliant? Expand each H2 "
130,Content,Add meta description and improve content precision on AI voice agent guide,Easy,False,False,META_DESC|H1_DUPLICATE|CITATION|VALUEPROP,RC-01|RC-04|RC-07,confirmed-runtime,high,1,/blog/ai-voice-agent-buyers-guide,+15 pts,,6d6f9efdddd332de,2,"Small businesses researching AI voice agents rely on quantified benefits to justify purchase. Without a meta description, CTR drops ~8-12%. Vague claims reduce credibility and likelihood of backlinks, limiting organic reach for commercial-intent queries.","Fix the H1 to match the article title and reflect the actual content topic.Replace 'Customize your cookie preferences' with 'AI Voice Agents in the UK for Small Businesses' or a similar informative H1. Write a meta description of 150-160 characters that includes primary keywords and a value proposition. Discover how AI voice agents help UK small businesses handle missed calls, qualify leads, and route callers. Learn buying criteria, compliance tips, and implementation steps. Add specific statistics or data points to substantiate claims (e.g., industry stats on call abandonment rates, cost per "
131,Content,Add JSON-LD structured data (Article schema) to blog post,Easy,True,False,SCHEMA|DATES,RC-02,refuted-live,high,1,/blog/ai-voice-agent-buyers-guide,+20 pts,,75a88583493b5c71,3,"For a technology SaaS site targeting AI voice agents, Article schema can enable headline/author/date rich results, improving CTR by ~30% on informational queries. Without it, the page loses stand-out potential in SERPs.","Add JSON-LD Article schema to the <head> of the page.Include @type: Article, headline, description, author, publisher, datePublished, dateModified, and image (if available). Validate the structured data using Google's Rich Results Test.Copy-paste the JSON-LD block into the test tool and fix any errors."
132,Content,Add JSON-LD structured data (Article) to /small-business-ai-automation,Easy,True,False,SCHEMA|DATES,RC-02,refuted-live,high,1,/blog/small-business-ai-automation,+20 pts,,7e90b9f9ba2f7928,3,"As a tech blog targeting UK small businesses, missing Article schema means lower CTR for keywords like 'AI automation for small businesses UK'. Rich snippets can increase CTR by 20-30%.","Add JSON-LD Article schema in the <head> of the page.Include properties: @context, @type, headline, description, author, datePublished, dateModified, publisher, image (if available), mainEntityOfPage."
133,Content,Add FAQ/Organization schema to /industry/dentists (missing structured data),Easy,True,False,SCHEMA|FAQ,RC-02|RC-05,obsolete-advice,high,1,/industry/dentists,+15 pts,,1ffa5e16f75ee7a4,3,"Dental practice owners searching for automation solutions may not see rich snippets, reducing click-through rate by 10-30% and losing leads to competitors with enhanced listings.","Add FAQPage schema in JSON-LD for the Q&A section identified by H2 'Questions practice leaders ask'. Add Organization schema with name, URL, logo, and description for Silverstone AI."
134,Content,Fix heading hierarchy & add meta description on /blog/small-business-ai-automation,Easy,False,False,META_DESC|H1_DUPLICATE|HEADING_GENERIC|COOKIE_H1,RC-01|RC-03|RC-04,confirmed-runtime,high,1,/blog/small-business-ai-automation,+15 pts,,972af92b49e5a462,2,"Missing meta description reduces CTR 8-12% on high-intent queries like 'AI automation UK small business'. Wrong H1 confuses search engines, likely blocking indexation (page is not indexed). UK small business owners searching for practical AI advice will skip this page for competitors with clear snippets and structure.",Replace the H1 with the actual article title: 'AI Automation for UK Small Businesses'.Check Magento CMS block or page builder; ensure the cookie consent module is not overriding the H1 tag. Rewrite the H2 hierarchy to reflect the body content logically: drop 'What to take fromthis article' (H2) and promote subheads as H3 or H4.Suggested structure: H1: AI Automation for UK Small Businesses | H2: Introduction / What AI automation actually means / What to fix first / A decision framework / Common use cases / What a good implementation looks like / How to buy without wasting money. Use H3 for sub-
135,Content,Fix heading hierarchy and add meta description on /industry/dentists,Easy,True,False,META_DESC|H1_DUPLICATE|HEADING_GENERIC|FAQ,RC-01|RC-04|RC-05,confirmed-runtime,high,1,/industry/dentists,+20 pts,,1da12c262e71d7fe,2,"For a UK dental practice automation site, missing meta description reduces CTR from searchers looking for 'dental practice phone automation' (currently rank 31). Confusing heading hierarchy may prevent Google from indexing the page as an FAQ, costing potential leads from dentists seeking HIPAA/GDPR-compliant automation.","Rewrite to have exactly one H1 that includes a primary keyword like 'Dental Practice Automation'. Reorganize H2s into a logical FAQ order with clean spacing and capitalization (e.g., 'How does Silverstone protect clinical judgement?') Add a meta description of 150-160 characters summarizing the dental automation benefits using 'dental practice phone automation'. Ensure no heading levels are skipped (H1 -> H2 -> H3, not H1 -> H3)."
136,Content,Fix meta description and readability on /small-business-ai-automation,Medium,False,False,META_DESC|H1_DUPLICATE|READABILITY|COOKIE_H1|VALUEPROP,RC-01|RC-03|RC-04|RC-07,confirmed-runtime,high,1,/blog/small-business-ai-automation,+15 pts,,c5b2c0fab493c13e,2,"Missing meta description reduces organic CTR by an estimated 8-12%, critical for a blog targeting commercial-intent small business readers. Low readability (grade 13+) loses audience engagement, increasing bounce rate and reducing time on page.","Add a compelling meta description (140-160 chars) summarizing the article's value proposition for UK small businesses.Include key benefits: AI automation, workflow prioritization, decision framework. Learn where AI automation fits your UK small business. Prioritize workflows that leak time and margin. Use our automate-assist-leave-alone framework. Fix H1 to reflect article topic instead of cookie preferences.Current H1 'Customize your cookie preferences' is likely a cookie banner that overrode the intended H1. Ensure article H1 is set to something like 'AI Automation for UK Small Businesses'. "
137,Content,Add meta description and improve readability for /industry/dentists,Easy,False,False,META_DESC|READABILITY,RC-01|RC-07,recommendation-only,high,1,/industry/dentists,+20 pts,,b91067b5662159b1,3,"Dentists searching for phone automation solutions need clear, scannable content. Missing meta description lowers CTR by 20-30% for high-intent queries. Poor readability increases bounce rate and reduces lead conversions.","Write a 140-160 character meta description summarizing the page's value for dental practices.Include keywords like 'dental practice phone automation' and 'UK'. Rewrite body content to achieve a grade 8-10 reading level.Shorten sentences, use simpler words, and break up long paragraphs."
138,Content,Add FAQ content and meta description to /industry/dentists,Medium,False,False,META_DESC|SCHEMA|FAQ|THIN,RC-01|RC-02|RC-05,obsolete-advice,high,1,/industry/dentists,+20 pts,,699ca6d2357ca224,3,"Dental practices searching for automation solutions have high commercial intent. Missing meta description reduces CTR by 8-12%, and thin FAQ content loses voice search and AI overview opportunities. Estimated traffic loss: moderate for top queries like 'dental practice phone automation'.","Write a 140-160 character meta description including 'dental practice automation', 'UK', 'patient admin', and 'call handling'. Expand the 'Questions practice leaders ask' section into a proper FAQ with 8-10 common questions, each with a 50-100 word answer. Include questions like 'How does Silverstone AI integrate with my practice management system?' and 'Is patient data stored securely?' Add structured FAQ schema using JSON-LD to enable rich snippets and voice search eligibility. Increase overall word count from 569 to ~1200 words by adding a 'How It Works' section and a 'Comparison' section v"
139,Content,Add meta description and page freshness to home page,Easy,False,False,META_DESC|DATES|VALUEPROP,RC-01|RC-02|RC-07,recommendation-only,high,1,/,+15 pts,,20cdb1153c45495c,3,Home pages drive top-of-funnel traffic for AI agencies. Missing meta description reduces CTR by 8-12% for brand and non-brand queries. No timestamps undermine credibility for a technology site where recency matters.,"Write a meta description (140-160 characters) that includes value proposition, target audience, and a call to action. Add a 'Last updated' date in the footer or near the hero section (e.g., 'Updated March 2025'). Expand the body to 300+ words covering services, industries, and a clear CTA to improve topical depth."
140,Content,Add publication date and meta description to estate agents article,Easy,True,False,META_DESC|H1_DUPLICATE|DATES,RC-01|RC-02|RC-04,confirmed-runtime,high,1,/blog/ai-estate-agents-systems-agencies,+15 pts,,437a62f184d3ddfa,2,"For an AI/tech site targeting UK estate agents, missing freshness signals reduce credibility and click-through rates by an estimated 10-15% on search results. Informational queries power lead generation; weak snippets lose traffic to competitors.","Add a meta description of 140-160 characters summarizing the article's value for small UK estate agencies. Add a visible 'Published on' or 'Last updated' date line below the H1 or in the article header. Fix the H1 from 'Customize your cookie preferences' to match the article title, e.g., 'AI for Estate Agents: UK Systems for Small Agencies'."
141,Content,Expand home page content and add quantified claims (75 words → ~500+),Medium,False,False,META_DESC|THIN,RC-01,refuted-live,high,1,/,+35 pts,,83a4122814771142,3,"Homepages with under 200 words typically see 30-50% lower engagement and reduced trust. For a UK AI studio competing for 'AI automation' searches, a thin homepage loses conversions from research-buyers who want proof. Missing meta description cuts CTR by 8-12% on brand and high-intent queries.","Write a compelling meta description (150-160 chars) that includes key differentiator and target keywords.Emphasize UK-specific business, AI voice automation, and growth without headcount. Expand body content to 400-600 words covering: what problems solved, how it works (brief), measurable results (add statistics), and client verticals. Add a 'Trusted by' or 'Results' section with at least 2-3 specific numbers (e.g., '10,000+ calls answered monthly', '70% reduction in missed enquiries'). Structure H2s as descriptive sections: 'What We Do', 'Proven Results', 'Industries We Serve', 'Get Started'."
142,Content,Add meta description and improve data precision in AI article,Easy,False,False,META_DESC|H1_DUPLICATE|COOKIE_H1,RC-01|RC-03|RC-04,confirmed-runtime,high,1,/blog/ai-estate-agents-systems-agencies,+15 pts,,9882d2b8faaf6b45,2,Tech audiences trust articles with concrete data; thin precision reduces time-on-page and backlink potential. A meta description can lift organic CTR by 8-12%.,"Set the correct H1 to the article title: 'AI for Estate Agents | UK Systems for Small Agencies' and hide the cookie preference H1.Ensure the cookie banner uses a non-H1 heading or is moved out of the main content hierarchy. Write a 140-160 character meta description that includes a key statistic and benefit.Example: 'Discover how UK estate agents save 15+ hours/week using AI systems for lead routing, diary management, and valuation follow-ups. Practical guide for small agencies.' Add specific numbers throughout the article.Where the text says 'slower response times', insert a statistic from in"
143,Content,Add meta description and specific data to blog article,Medium,False,False,META_DESC|H1_DUPLICATE|COOKIE_H1,RC-01|RC-03|RC-04,confirmed-runtime,high,1,/blog/homepage-first-redesigns-misdiagnose-conversion,+15 pts,,2a3cf4d6b453352d,2,"Technology professionals seeking AI/machine learning insights rely on data-backed content. Missing meta description reduces organic CTR by 5-15%. Vague claims without evidence cause the page to underperform in AI overviews and featured snippets, losing estimated 50+ monthly clicks from informational queries.","Add a compelling meta description (140-160 characters) that includes a statistic and a call-to-action.Write: 'Discover why homepage redesigns often miss conversion bottlenecks. Backed by data: 68% of B2B leads drop off on service pages. Read our guide before your next redesign.' <meta name=""description"" content=""Discover why homepage redesigns often miss conversion bottlenecks. Backed by data: 68% of B2B leads drop off on service pages. Read our guide before your next redesign."" /> Enhance body copy with specific numbers, statistics, or quantified claims.In the 'Introduction' section, replace "
144,Content,Add Article schema markup to /ai-estate-agents-systems-agencies,Easy,True,False,H1_DUPLICATE|SCHEMA|DATES,RC-02|RC-04,confirmed-runtime,high,1,/blog/ai-estate-agents-systems-agencies,+20 pts,,c1f5cd6d8a67bc92,2,"For an AI/ML tech site targeting UK estate agents, missing schema reduces click-through rates by 5-15% on search results and forfeits eligibility for rich features like headline and date display.","Implement Article schema (JSON-LD) in the <head> including headline, datePublished, dateModified, author, publisher, and description. Add HowTo schema if the article provides actionable steps (e.g., 'What to automate first'). Fix H1 from 'Customize your cookie preferences' to match the article title."
145,Content,Add Article schema to blog post for rich snippet eligibility,Easy,False,False,SCHEMA|DATES,RC-02,refuted-live,high,1,/blog/homepage-first-redesigns-misdiagnose-conversion,+20 pts,,a06701ae555452ef,3,AI & machine learning articles compete for attention in a crowded field. Rich snippets with Article schema typically boost CTR by 20-30% on average. Missing this reduces organic traffic potential for a content piece designed to educate CTOs/technical leads—impacting thought leadership visibility and downstream conversions.,"Add JSON-LD Article schema to the <head> of this page.Include headline, author, datePublished, dateModified, image (if available), description, and publisher (Organization). Use the Silverstone AI brand name and logo URL for publisher."
146,Content,Fix H1 and heading hierarchy on AI estate agents article,Easy,True,False,H1_DUPLICATE|HEADING_GENERIC|READABILITY|TITLE_TAG,RC-04|RC-06|RC-07,confirmed-3p-mutation,high,1,/blog/ai-estate-agents-systems-agencies,+15 pts,,eb9dd48f7011ee5e,1,"For a technology/AI site targeting worldwide estate agencies, a mismatched H1 reduces topical relevance and readability, potentially lowering rankings and click-through rates by 5-10% for targeted queries.",Change the H1 from 'Customize your cookie preferences' to 'AI for Estate Agents | UK Systems for Small Agencies' (matching the page title) or a more engaging version like 'AI-Powered Systems for UK Estate Agencies'.Ensure the H1 reflects the primary topic and matches user intent. Reorganize H2s logically. Remove or rephrase non-descriptive headings like 'ContinueExploring' and 'Build the nextSilverstone systemaround your real workflow.' Replace with clear topic headings such as 'Conclusion' and 'Get Started with Silverstone AI'.Ensure all H2s follow a logical flow from introduction to conclusi
147,Content,Expand /home from 75 to 1000+ words with clear structure,Hard,False,False,META_DESC|THIN|READABILITY,RC-01|RC-07,recommendation-only,high,1,/,+25 pts,,48e4d15ec96d7c77,3,"Homepage is the first impression for visitors and Google. Thin content reduces ranking potential for brand and non-brand queries, lowers engagement, and misses opportunities to convert visitors into leads.","Write a compelling meta description between 140-160 characters that includes key services and target audience. Expand body copy to 1000+ words. Add sections: Hero with clear USP, Services overview (AI voice, AI reception, automation workflows), Industries served, Client success metrics, and a strong call-to-action. Improve readability to grade 8-12 level. Use bullet points and short paragraphs."
148,Content,Fix heading hierarchy: main H1 'Customize your cookie preferences' not topic-appropriate,Easy,False,False,H1_DUPLICATE|HEADING_GENERIC|COOKIE_H1|TITLE_TAG,RC-03|RC-04|RC-06,confirmed-3p-mutation,high,1,/blog/homepage-first-redesigns-misdiagnose-conversion,+15 pts,,529c30d51a2a13b1,1,"For a B2B technology audience, a mismatched H1 confuses search engines and users, reducing click-through rates and topical authority. This can lower rankings for the intended keywords ('homepage redesign conversion problems') and misdirect visitors.",Change the H1 from 'Customize your cookie preferences' to a topic-appropriate heading reflecting the article content.Use the existing title tag or one of the H2s as inspiration. Ensure only one H1 on the page. Homepage Redesign Conversion Problems: Why Aesthetics Aren't the Bottleneck Remove or relocate the cookie preferences H1 if it is part of a cookie consent widget; ensure it uses a non-heading HTML element.Check the page template and ensure the cookie consent text is not wrapped in an H1 tag. Verify the heading hierarchy: H1 -> H2 -> H3 (if used). No skipped levels.Current H2s are properl
149,Content,Add meta description to /services/web-design-development and enhance with comparison table,Easy,False,False,META_DESC|TABLE,RC-01|RC-07,recommendation-only,high,1,/services/web-design-development,+12 pts,,3917e88af09e405c,3,"For a tech B2B service, meta description absence can reduce CTR by 8-12% on high-intent queries. Missing tables reduce engagement and AI citability, potentially losing qualified leads.","Write a meta description between 140-160 characters summarizing the bespoke web design service, targeting conversions and UK market.Include key differentiators: 'bespoke', 'conversion-focused', 'UK-built', 'CRM/calendar integration'. Bespoke web design & development in the UK. We build conversion-focused sites wired into your CRM and calendar. Get a site that earns its place. Add a comparison table after H2 'Experience the finished product before you commission it' or within 'What you receive' section.Create a table comparing Silverstone AI vs typical agencies: e.g., rows for 'Scope before bui"
150,Content,Add citations to authoritative sources in no-show follow-up article,Easy,False,False,CITATION,RC-07,recommendation-only,high,1,/blog/automate-no-show-follow-up,+15 pts,,f524e8461c45e2e7,3,"For a UK fitness coaching audience, citations from authoritative sources (e.g., NHS, UK Active) increase credibility and trust, leading to higher engagement and conversion.","Add a citation from a UK health or fitness authority (e.g., NHS guidelines on patient communication) to back the claim that structured follow-up improves engagement.Insert a hyperlink to the source text. For example, refer to the NHS's 'Making Every Contact Count' approach. Cite a study on automation ethics or no-show rates from a reputable journal (e.g., Journal of Medical Internet Research) to support the branching model discussion.Hyperlink the citation in the relevant H2 section. According to a 2023 study on automated appointment reminders, no-show rates can be reduced by up to 30% when fo"
151,Content,Add meta description and fix H1 for /blog/homepage-first-redesigns-misdiagnose-conversion,Easy,True,False,META_DESC|H1_DUPLICATE|VALUEPROP,RC-01|RC-04|RC-07,confirmed-runtime,high,1,/blog/homepage-first-redesigns-misdiagnose-conversion,+10 pts,,505aaaa4ebe739ad,2,"Without a meta description, Google auto-generates a snippet, likely lowering CTR from search. A mismatched H1 confuses both users and crawlers about the page's main topic, potentially reducing rankings for related queries.","Create a 150-160 character meta description summarizing the article's value proposition.Include key terms: homepage redesign, conversion bottlenecks, service page gaps, buyer routes. Change the H1 from 'Customize your cookie preferences' to 'Homepage Redesign Conversion Problems: Why It May Not Fix Your Real Issue'Ensure H1 matches the article's core topic and includes primary keywords."
152,Content,Add specific data points to article (improve referenceability),Easy,False,False,OTHER,RC-07,recommendation-only,high,1,/blog/fitness-coach-enquiry-automation,+18 pts,,d6e92eb98d6b3e01,3,"For a technology/AI site targeting UK fitness coaches, missing data points reduces referral traffic from professional blogs and decreases time-on-page, which signals low value to search engines.","Add a specific statistic about lead response time: e.g., 'Coaches who respond within 5 minutes are 21x more likely to convert a lead (Harvard Business Review).' In the 'practical build path' section, add concrete numbers: e.g., 'In our case study, one coach reduced no-shows by 40% and booked 12 extra consultations per month.' Include a data point from the fitness industry: e.g., 'According to a 2023 report, 70% of fitness leads expect a reply within 1 hour.'"
153,Content,Fix heading hierarchy and expand content on /services/web-design-development,Medium,False,False,META_DESC|H1_DUPLICATE|HEADING_GENERIC|FAQ|THIN|READABILITY,RC-01|RC-04|RC-05|RC-07,confirmed-runtime,high,1,/services/web-design-development,+20 pts,,f185a34e7ddaaad9,2,"As a service page for web design & development, missing meta description and thin content reduce organic CTR and rankings. Homeowners/panicked buyers (panic mode) need reassurance; unclear headings and low word count cause bounce. Estimated 15-20% traffic loss vs. optimized competitors.","Write meta description (140-160 chars) including target keywords.Include 'bespoke web design UK', 'conversion-focused development', and 'Silverstone AI'. Bespoke web design & development UK by Silverstone AI. We build conversion-focused, strategy-driven websites that turn visitors into booked calls. Rewrite H1 to be descriptive and keyword-rich.Current H1 is too vague. Use 'Bespoke Web Design & Development UK | Conversion-Focused Websites'. H1: Bespoke Web Design & Development UK | Conversion-Focused Websites Fix all H2s: correct spacing errors and ensure clear, readable headings.Change 'expen"
154,Content,Add specific data and statistics to fitness no-show blog post,Easy,False,False,CITATION,RC-07,recommendation-only,high,1,/blog/automate-no-show-follow-up,+12 pts,,8fe48a1dc65f12ea,3,"For AI & ML content targeting fitness coaches, missing data reduces EEAT. Readers (fitness business owners) need hard numbers to justify automation investment. Current vagueness lowers trust and SEO authority.","Add a statistic in the Introduction about industry average no-show rates or conversion impact.For example: 'According to a 2023 FitPro study, UK fitness coaches experience a 15-20% first-consultation no-show rate. Proper follow-up can recover 40% of those leads.' Insert after '...or leave it?': 'Industry data shows that fitness coaches lose 20% of consultations to no-shows, but automated follow-up can recover up to 40% of those leads.' Add quantified benefits for each maturity level.In Level 1 mention average recovery rates; in Level 2 include response time improvements; in Level 3 cite multi-"
155,Content,Add meta description and fix H1 for the PMS downtime article,Easy,True,False,META_DESC|H1_DUPLICATE|COOKIE_H1,RC-01|RC-03|RC-04,confirmed-runtime,high,1,/blog/how-dental-practices-should-run,+15 pts,,3520a41e1d3a8d8d,2,"Missing meta description causes search snippets to auto-generate, likely reducing organic CTR by 5-10% for dental practice managers searching for PMS downtime guidance. A mismatched H1 confuses users and search engines, reducing topical authority and click-through rates.","Write a meta description of 140-160 characters summarizing the article's value for dental practices.Include key terms like PMS downtime, fallback process, UK dental practice, and restoration steps. Learn how to create a PMS downtime procedure for your dental practice. Set fallback records, manage calls, and restore data without duplicates. Change the H1 from 'Customize your cookie preferences' to a relevant heading.The page's first visible H1 should match the article topic, not a cookie banner. Replace with: 'How to Run a Dental Practice During PMS Downtime'"
156,Content,Add structured data (JSON-LD) to the blog article,Easy,True,False,SCHEMA|DATES,RC-02,refuted-live,high,1,/blog/fitness-coach-enquiry-automation,+20 pts,,a13721532c2da062,3,"For a tech/AI site targeting UK fitness coaches, rich snippets can increase organic CTR by 20-30% on informational queries. Without schema, the content blends into standard blue links, reducing visibility in a competitive niche.","Add Article schema in JSON-LD format to the <head> of the page. Include properties: @context, @type, headline, author, datePublished, dateModified, publisher, description, image (if available). Verify the schema using Google's Rich Results Test."
157,Content,Add specific data points to boost referenceability (downtime article),Easy,False,False,TABLE,RC-07,recommendation-only,high,1,/blog/how-dental-practices-should-run,+18 pts,,d9d75d0496ab5f2f,3,"Dental practice decision-makers rely on concrete data to justify procedure changes. Missing statistics reduces trust and adoption, likely decreasing conversion of readers into leads for Silverstone AI's automation solutions.","Add a statistic on dental PMS downtime frequency or cost in the introduction.Example: 'According to a 2023 HealthTech survey, 42% of UK dental practices experienced at least one PMS outage lasting more than 2 hours in the past year.' Include quantified benefits of a fallback procedure (e.g., reduce duplicate bookings by X%). Add a numbered checklist or table with specific metrics (e.g., response times, record restoration steps)."
158,Content,Add Article structured data to /automate-no-show-follow-up,Easy,True,False,SCHEMA|DATES,RC-02,refuted-live,high,1,/blog/automate-no-show-follow-up,+20 pts,,872ef2faf5138971,3,"Technology/AI audiences often search for structured content. Without Article schema, the page loses eligibility for rich results (headline, image, date) in SERPs, which can reduce click-through rates by 20-30% for informational queries.","Add JSON-LD Article schema to the page's <head> or immediately after <body>.Include @context, @type: 'Article', headline, datePublished, dateModified, author, image, description, publisher (Organization), mainEntityOfPage."
159,Content,Add meta description and improve readability on /services/web-design-development,Medium,False,False,META_DESC|FAQ|THIN|READABILITY,RC-01|RC-05|RC-07,obsolete-advice,high,1,/services/web-design-development,+15 pts,,5c2cb96624bb9563,3,Service pages with missing meta descriptions lose ~8-12% CTR from search. Low readability may cause bounce rates 20-30% higher among non-technical buyers looking for web design services.,"Write a concise 150-160 character meta description including key services and value prop.Include 'bespoke web design', 'development UK', 'conversion-focused', and 'CRM integration'. Bespoke web design & development in London. Conversion-focused websites with CRM, calendar & booking integration. See live examples before you commission. Simplify copy from grade 14+ to grade 8-10.Replace jargon like 'commercial system', 'human-reviewed automation', 'governed content' with plain language. Break long sentences into shorter ones. Use more subheadings and bullet points. Original: 'A site that makes a"
160,Content,Fix heading hierarchy: H1 mismatch on /blog/fitness-coach-enquiry-automation,Easy,True,False,H1_DUPLICATE|HEADING_GENERIC|TITLE_TAG,RC-04|RC-06,confirmed-3p-mutation,high,1,/blog/fitness-coach-enquiry-automation,+15 pts,,aa615e611faface9,1,"Fitness coaches searching for enquiry automation tips will be confused by a cookie-related H1, reducing trust and increasing bounce rate. Poor hierarchy undermines content comprehensibility and keyword relevance, likely costing organic traffic and lead conversions.","Change the H1 to match the page title: 'How UK Fitness Coaches Turn Enquiries Into Consultations'. Remove or rephrase the 'ContinueExploring' H2; it adds no value. If it's a call-to-action, move it after the main content. Ensure H2s follow a logical sequence: Introduction, Problem, Solution, Build Path, Results."
161,Content,Fix H1 to reflect article content (cookie → no-show follow-up),Easy,True,False,H1_DUPLICATE,RC-04,confirmed-runtime,high,1,/blog/automate-no-show-follow-up,+10 pts,,c719e2496c7c53f4,2,"For a tech/AI site targeting fitness coaches, a mismatched H1 reduces topic relevance signals to search engines and may confuse readers, lowering engagement and conversion rates on what is likely a high-intent article.","Replace the H1 text with a clear, descriptive title matching the article topic."
162,Content,Fix hidden H1 and missing meta description on blog article,Easy,True,False,META_DESC|H1_DUPLICATE|COOKIE_H1,RC-01|RC-03|RC-04,confirmed-runtime,high,1,/blog/fitness-coach-enquiry-automation,+15 pts,,d8879009d59cdd54,2,"Blog readers and search engines see a cookie banner as the main heading, confusing relevance. Missing meta description reduces organic click-through rate by 10-20% for informational queries.","Set the H1 to match the article title: 'How UK Fitness Coaches Turn Enquiries Into Consultations'Remove the cookie banner H1; ensure the cookie consent plugin uses a different heading tag or is hidden from screen readers. Change <h1>Customize your cookie preferences</h1> to <h1>How UK Fitness Coaches Turn Enquiries Into Consultations</h1> Add a meta description of 140-160 characters summarizing the post's value.Include keywords: UK fitness coaches, enquiries, consultations, automation. <meta name=""description"" content=""Learn how UK fitness coaches turn enquiries into booked consultations with "
163,Content,Add FAQ section to /services/web-design-development for higher conversion and AI citability,Easy,False,False,SCHEMA|FAQ|READABILITY,RC-02|RC-05|RC-07,obsolete-advice,high,1,/services/web-design-development,+10 pts,,f3191682f1a815d6,3,"B2B buyers searching for web design services often use question-based queries. A FAQ section can capture long-tail traffic and improve CTR via structured snippets. For Silverstone AI's target market (worldwide businesses), missing FAQ means lower organic visibility and fewer pre-qualified leads.","Identify the 5-7 most common questions serious buyers ask based on the H2 'Questions serious buyers ask' and market research.Focus on questions about: typical timeline, cost range, process (e.g., 'What does the design process look like?'), case studies, ongoing support, ROI. Add a structured FAQ section before the footer, using <details> and <summary> HTML tags or an accordion component so it's machine-readable.Use Schema.org FAQPage markup (JSON-LD) to enable rich snippets in search results. Write concise, value-driven answers that match the brand voice (professional, outcome-focused). Each a"
164,Content,Add publication date and fix meta/H1 on estate agent automation article,Easy,False,False,META_DESC|H1_DUPLICATE|DATES,RC-01|RC-02|RC-04,confirmed-runtime,high,1,/blog/estate-agent-automation-guide,+15 pts,,30f20f4eb48fcd7b,2,"For a blog article targeting estate agents, missing meta description lowers CTR by 8-12% on search results. Missing publication date reduces trust and perceived freshness, especially for time-sensitive automation advice. The H1 error confuses users and may hurt ranking signal.","Add a visible 'Published on' or 'Last updated' date at the top of the article, e.g., 'Published: 10 July 2026' or 'Last updated: 10 July 2026'. Add a meta description (140-160 chars) summarizing the article's value, e.g., 'Discover which estate agency tasks to automate first: valuation enquiries, missed-call recovery, viewing workflows, and CRM handoffs. Avoid revenue leaks with smart automation.' Fix the H1 to match the article title: 'Estate Agent Automation in the UK' or a more engaging headline like 'The Ultimate Guide to Estate Agent Automation in the UK'."
165,Content,Add Article structured data (JSON-LD) to dental PMS downtime page,Easy,True,False,SCHEMA|FAQ|DATES,RC-02|RC-05,obsolete-advice,high,1,/blog/how-dental-practices-should-run,+20 pts,,a135a461ab32026c,3,"Without Article or FAQ schema, this page may miss rich results (e.g., FAQ snippet, article headline/date), reducing visibility and CTR for dental practice queries by an estimated 5-10%.","Add a JSON-LD script to the <head> with Article schema.Include properties: @context, @type, headline, datePublished, dateModified, author, image, description, publisher. <script type=""application/ld+json""> { ""@context"": ""https://schema.org"", ""@type"": ""Article"", ""headline"": ""Dental PMS Downtime Plan | Silverstone AI"", ""description"": ""How to create a fallback process for dental practice management system downtime, including front desk tasks, fallback records, booking queues, and restoration steps."", ""datePublished"": ""2026-07-21"", ""dateModified"": ""2026-07-21"", ""author"": { ""@type"": ""Organization"","
166,Seo,Expand content and target keywords to improve domain eminence,Hard,False,False,THIN|INTERNAL_LINK,RC-01|RC-07,recommendation-only,high,0,,+15 pts,,8faa359417af9801,3,"For a tech/AI site, low eminence means fewer organic visitors, reducing lead generation and brand credibility in the competitive AI market.","Conduct keyword research for high-volume, low-competition AI/ML terms relevant to your niche. Publish 5-10 in-depth articles (1500+ words) targeting these keywords, with internal links to existing content. Update existing blog posts with new information and internal links to improve topical relevance."
167,Content,"Replace placeholder H1, add meta description, and include specific data to boost content quality and indexation",Medium,False,False,META_DESC|H1_DUPLICATE|COOKIE_H1,RC-01|RC-03|RC-04,confirmed-runtime,high,1,/blog/estate-agent-automation-guide,+25 pts,,56272e16b3f847d7,2,"For an AI automation provider targeting UK estate agents, this page could rank for high-intent queries like 'estate agent automation UK' and 'automation for small estate agencies'. Missing metadata and weak content depth hurt organic visibility, while the placeholder H1 confuses both users and search engines. Improving these elements could increase organic traffic from relevant terms by 20-30%.","Replace H1 with a compelling headline that matches page topic and target keywords.Current H1 is a cookie consent placeholder. Use a headline that includes target terms like 'Estate Agent Automation UK' or 'UK Estate Agent Automation Guide'. Estate Agent Automation UK: The Complete Guide for Small Agencies Write a meta description (150-160 characters) summarizing the article's value for estate agents.Include key benefits like 'automate valuations', 'viewing workflows', and 'improve response times'. Learn how UK estate agents can automate valuations, viewing workflows, and CRM handoffs to reduce"
168,Seo,Improve keyword positioning to top 10 for key AI/ML terms,Hard,False,False,INTERNAL_LINK,RC-07,recommendation-only,high,0,,+20 pts,,1c2dbf415bcd011e,3,"Low keyword visibility reduces organic traffic for high-intent AI/ML queries, leading to fewer leads, conversions, and brand awareness in a competitive space.","Identify top 20 keyword opportunities where competitors rank in top 10 but this domain is not present, using a keyword gap analysis tool. Create or optimize existing pages targeting those keywords with comprehensive content, supporting headers, and internal links. Build relevant backlinks to these pages to boost authority and improve rankings over time."
169,Content,Add external citations and fix problematic H1 on /build-a-prototype-instead,Easy,False,False,META_DESC|H1_DUPLICATE|THIN|CITATION,RC-01|RC-04|RC-07,confirmed-runtime,high,1,/blog/build-a-prototype-instead,+25 pts,,bdc62f39ee26d5ca,2,"For an AI/ML tech audience, lack of citations reduces credibility and may cause loss of trust. The incorrect H1 confuses users and search engines, potentially lowering engagement and rankings. With 10 points lost on citation density, the page risks being seen as thin or unoriginal.","Fix the H1 to match the article topic. Ensure the page template does not misplace the cookie modal heading as the primary H1.Reconfigure the content management system or theme to output the article title as the H1. Set H1 to 'Prototype vs MVP for UK Startups: A Practical Guide'. Add external citations from authoritative sources. Aim for at least 3-4 citations across the article (1 per ~500 words).Find reputable sources that support key claims: definitions of prototype vs MVP, industry statistics on startup success, or case studies. Link to them inline. Update the meta description (currently mi"
170,Content,Fix heading hierarchy and add unique H1 to blog article,Easy,False,False,META_DESC|H1_DUPLICATE|HEADING_GENERIC|READABILITY,RC-01|RC-04|RC-07,confirmed-runtime,high,1,/blog/how-dental-practices-should-run,+15 pts,,83a85044a324a3bb,2,"For a B2B technology site targeting dental practices, a broken heading hierarchy confuses search engines and users, reducing readability and topic relevance. Correct headings can improve organic CTR and keyword rankings for 'dental PMS downtime' queries.","Change the H1 from 'Customize your cookie preferences' to a unique, descriptive H1 matching the article title, e.g., 'Dental PMS Downtime Plan: How Dental Practices Should Run During System Outages'.Ensure only one H1 exists on the page. Review all H2 headings for consistency and fix spacing/typos (e.g., 'What to take fromthis article' -> 'What to Take from This Article').Consider restructuring H2s to follow logical flow: Introduction, Decide What the Front Desk Must Still Be Able to Do, What the Fallback Capture Record Should Contain, How Calls, Web Forms and Messages Should Queue During Down"
171,Content,Add meta description and improve data precision on prototype vs MVP article,Medium,False,False,META_DESC|H1_DUPLICATE,RC-01|RC-04,confirmed-runtime,high,1,/blog/build-a-prototype-instead,+25 pts,,59344831e0ef78de,2,"For a tech startup blog, data-driven content improves credibility and AI preference. Without precise numbers, the article ranks lower for competitive queries like 'prototype vs MVP costs UK' and reduces audience trust, leading to fewer leads.","Write a meta description of 140-160 characters summarizing the article's value with a hook about saving time/money.Include 'prototype', 'MVP', 'startup', and 'UK' for relevance. Add specific statistics: e.g., cost ranges, timeframes, or success rates from reputable sources.Example: 'According to a 2023 CB Insights study, 35% of startups fail due to no market need...' Update the H1 from 'Customize your cookie preferences' to a proper headline matching the title.Use 'Prototype vs MVP: Which One Should UK Startups Build First?'"
172,Content,Add JSON-LD structured data to blog article (Article + FAQ schema),Easy,True,False,SCHEMA|FAQ,RC-02|RC-05,obsolete-advice,high,1,/blog/estate-agent-automation-guide,+20 pts,,2d9537d48f12e2bb,3,"Without schema, the article misses eligibility for rich snippets (FAQ, HowTo) which can increase CTR by 20-30% on informational queries. For a tech niche targeting UK small businesses, this limits organic visibility and lead generation.","Add Article and FAQ structured data (JSON-LD) using the page's existing content as questions and answers. If the article describes a step-by-step process, add HowTo schema for the automation steps."
173,Content,Add citations to authoritative sources in /physio-chiropractic-ai-guide,Easy,False,False,THIN|CITATION,RC-01|RC-07,recommendation-only,high,1,/blog/physio-chiropractic-ai-guide,+12 pts,,99b9ee71ff8c3d1a,3,"For a UK physio/chiropractic audience, citations to authoritative bodies (NHS, CSP, HCPC) build trust. Missing citations reduces chance of featured snippets and backlinks, lowering organic traffic from clinical professionals searching for AI solutions.","Add at least 1 citation per 500 words (4 total) from authoritative UK healthcare or AI sources. Link to NHS guide on access to physiotherapy, CSP's AI guidance, and HCPC standards. Include a 'References' section at the end of the article listing all cited sources."
174,Seo,Build quality backlinks to increase domain authority from 41.7,Hard,False,False,OTHER,RC-07,recommendation-only,high,0,,+30 pts,,eb43ecfd7881dade,3,"Low domain authority reduces organic rankings for competitive AI keywords, decreasing visibility and traffic. Competitors with stronger backlink profiles dominate search results, costing potential leads and revenue.","Create high-value, data-driven content (e.g., research reports, benchmarks, whitepapers) to attract natural backlinks.Publish original studies or case studies that demonstrate AI expertise and include shareable data visualizations. Launch a digital PR outreach campaign targeting technology and AI journalists, bloggers, and influencers.Identify top-tier publications (TechCrunch, VentureBeat, MIT Tech Review) and pitch stories about your AI innovations or industry insights. Implement a guest posting strategy on relevant AI and tech blogs with links back to your content.Contribute articles to est"
175,Content,Fix heading hierarchy: add descriptive H1 and restructure H2s for clarity,Easy,False,False,META_DESC|H1_DUPLICATE|HEADING_GENERIC,RC-01|RC-04,confirmed-runtime,high,1,/blog/estate-agent-automation-guide,+15 pts,,96eb57a12e06d9e5,2,"Poor heading structure confuses readers and search engines, reducing time-on-page and organic CTR. For a content-driven site in AI/machine learning, this can lower topical authority and lead generation by 10-15%.","Change H1 to a descriptive title matching article content, e.g., 'Estate Agent Automation in the UK: A Practical Guide for Small Agencies'. Fix all H2 formatting errors: insert spaces where missing (e.g., 'from this', 'estate agencies', 'a estate agency', 'should stay'). Ensure hierarchical structure: after H1, H2s should outline sections logically. Remove extraneous H2s like 'Continue Exploring' and promotional lines ('Build the next Silverstone system...')—move to a separate CTA section or under a different H2. Add meta description (140-160 chars) summarizing the guide, e.g., 'Learn how UK e"
176,Content,Add JSON-LD schema markup to /blog/build-a-prototype-instead,Easy,True,False,SCHEMA|FAQ|DATES,RC-02|RC-05,obsolete-advice,high,1,/blog/build-a-prototype-instead,+20 pts,,f74c614203a6bf55,3,"Without schema, the article misses out on rich results such as headline, author, and date information, which can improve CTR by up to 30% for informational queries. This is critical for a UK startup audience comparing prototyping vs MVP approaches.","Implement JSON-LD Article schema on the page.Include properties: @context, @type, headline, author, datePublished, dateModified, image (if any), description, mainEntityOfPage, publisher. Add FAQPage schema if the H2s represent common questions.The H2 outline includes questions like 'What decision are you actually trying to make?' and 'When a prototype is the cheaper and safer step?' – these can be structured as FAQ entries."
177,Content,Add specific data/statistics to physio-chiropractic AI article,Easy,False,False,CITATION,RC-07,recommendation-only,high,1,/blog/physio-chiropractic-ai-guide,+15 pts,,50f3eb8574c7fddb,3,"For a technology/healthcare audience, missing data credibility reduces the article's authority as a reference piece, likely lowering CTR from SERPs and reducing trust signals for lead generation.","Add a statistics section or sprinkle quantified claims throughout the article.Include industry benchmarks, e.g., conversion rates, call answer rates, or time savings. Cite sources where possible. Update the introduction with a compelling statistic.Replace 'Calls land during sessions and go unanswered' with a concrete number, e.g., 'Studies show 60% of initial patient calls go unanswered during busy clinic hours.'"
178,Content,Add published/updated date to /blog/ecommerce-brands-websites-apps-ai-systems,Easy,True,False,SCHEMA|DATES,RC-02,refuted-live,high,1,/blog/ecommerce-brands-websites-apps-ai-systems,+10 pts,,c1669cacf81555ea,3,"For a technology/AI business targeting worldwide eCommerce brands, missing a clear published date reduces trust and can lower CTR from search results by up to 5-10% for queries seeking up-to-date information. It also weakens relevance signals for Google's freshness algorithm, potentially hurting rankings for competitive queries like 'eCommerce AI systems 2025'.","Add a visible 'Published on' or 'Last updated' date near the title or at the top of the article body, formatted as 'Published: 21 July 2026' or 'Last updated: 21 July 2026'.Use a clear, standard date format (e.g., '21 July 2026' or 'July 21, 2026') and place it immediately after the title or byline. Below the article title, add: 'Published: 21 July 2026 | 8 min read' Ensure the date is also included in structured data (e.g., schema.org Article markup with datePublished and dateModified) if possible, though this requires developer involvement.If schema isn't feasible, a visible textual date is "
179,Content,Fix cookie-consent H1 and add meta description on dental automation guide,Easy,True,False,META_DESC|H1_DUPLICATE|THIN|TITLE_TAG,RC-01|RC-04|RC-06,confirmed-3p-mutation,high,1,/blog/dental-practice-automation-guide,+15 pts,,c2b88989d07037ad,1,"For a UK dental practice automation guide, a missing meta description lowers CTR by 8-12% on high-intent queries. A wrong H1 misleads users and search engines, reducing relevance signals and likely causing the page to not rank despite 1460 words of content.",Change the H1 from 'Customize your cookie preferences' to the page title or a more descriptive headline. Write a meta description of 140-160 characters summarizing the guide's value for UK dental practices.
180,Content,"Fix heading hierarchy: H1 is cookie consent, not article topic",Easy,False,False,H1_DUPLICATE|HEADING_GENERIC|COOKIE_H1,RC-03|RC-04,confirmed-runtime,high,1,/blog/build-a-prototype-instead,+15 pts,,04b0e4874371c0dc,2,"This heading misconfiguration hurts SEO by not signaling the page's main topic to search engines. For a tech blog targeting UK startups, it reduces the chance of ranking for terms like 'prototype vs MVP UK' and can lower CTR from search snippets.","Set the article title as the H1, replacing the cookie consent banner's H1. Add a hidden or off-screen H1 for cookie preferences if needed.Ensure the cookie consent widget uses an ARIA label or a lower heading level (e.g., H2) so it doesn't conflict with the main content heading. Restructure the H2 outline to match the article's actual sections. Remove navigational H2s like 'ContinueExploring', 'Services', 'Industries', 'Company' from within the article content. Use H2s only for logical article sections."
181,Content,Add JSON-LD schema markup to physio-chiropractic-ai-guide article,Easy,True,False,H1_DUPLICATE|SCHEMA|FAQ|DATES|COOKIE_H1|TITLE_TAG,RC-02|RC-03|RC-04|RC-05|RC-06,confirmed-3p-mutation,high,1,/blog/physio-chiropractic-ai-guide,+20 pts,,e3c20ce964788ad1,1,"For a tech/AI services site targeting clinics, missing schema can cost 20-30% click-through rate on relevant queries by preventing rich snippets (e.g., article date, FAQ dropdowns). This directly reduces lead generation for Silverstone AI's B2B offering.","Fix the H1 tag. Currently it reads 'Customize your cookie preferences' which is a cookie banner overlay, not the article title. Change it to 'AI for UK Physio & Chiropractic Clinics'.This ensures the main heading matches the page title and content focus. Add Article JSON-LD schema in the <head> with properties: @context, @type, headline, datePublished, dateModified, author, publisher, description, image.Use the page's actual publish date (10 July 2026) and author info from Silverstone AI. Add FAQPage schema if the article contains question-answer sections. The H2s like 'Why access friction app"
182,Content,"Fix H1, add meta description, and improve data precision for dental automation article",Easy,False,False,META_DESC|H1_DUPLICATE,RC-01|RC-04,confirmed-runtime,high,1,/blog/dental-practice-automation-guide,+30 pts,,2b98f4e24cc23dfb,2,"Missing meta description reduces CTR in search results; wrong H1 confuses users and search engines; lack of data points reduces credibility and likelihood of earning backlinks, leading to low organic traffic for a high-intent audience of dental practice owners.","Replace the H1 with a relevant heading such as 'The UK Dental Practice Automation Guide' or 'Automate Your Dental Practice: A Practical Guide'. Add a meta description of 150-160 characters summarizing the guide and including a call to action. Include specific statistics throughout the article, e.g., average time saved per appointment, percentage of missed calls recovered, or typical cost of manual admin."
183,Content,Add date visibility and expand content on /industry,Medium,False,False,H1_DUPLICATE|THIN|DATES|INTERNAL_LINK,RC-01|RC-02|RC-04|RC-07,confirmed-runtime,high,1,/industry,+30 pts,,4c6dc56075c45b00,2,"Category pages drive sectional authority. Thin content and no freshness signal can reduce rankings for sector-related queries, limiting discovery of industry-specific solutions.","Add a visible 'Last updated' or 'Published on' date near the top of the content.Place near the H1 or as a small line below it. Last updated: June 2025 Expand the page to at least 800 words covering each of the nine UK sectors.List the nine industries with brief descriptions and links to dedicated industry pages. Add a section: 'Industries We Serve: Healthcare, Retail, Finance, Legal, Hospitality, Manufacturing, Education, Real Estate, Logistics – each with a tailored AI system.' Include internal links to individual industry pages.Link each industry name in the expanded list to its respective p"
184,Content,Fix H1 and heading hierarchy on physio-chiropractic-ai-guide,Easy,True,False,H1_DUPLICATE|HEADING_GENERIC|READABILITY,RC-04|RC-07,confirmed-runtime,high,1,/blog/physio-chiropractic-ai-guide,+15 pts,,b3fde28a09cecc34,2,"The incorrect H1 suggests a cookie settings page, likely reducing organic click-through and rankings for physio/chiropractic AI queries. Proper hierarchy improves readability and retention for clinic owners evaluating AI tools.",Change the H1 tag from 'Customize your cookie preferences' to 'AI for UK Physio & Chiropractic Clinics'. Ensure only one H1 per page and that H2s logically follow under it.
185,Content,Add specific data points to /ecommerce-brands-websites-apps-ai-systems,Easy,False,False,CITATION,RC-07,recommendation-only,high,1,/blog/ecommerce-brands-websites-apps-ai-systems,+15 pts,,7d80e5c96a8698f2,3,"For a tech/AI site targeting UK eCommerce brands, missing data reduces trust and likelihood of being cited. Competitors with data-backed claims rank higher for informational queries.","Add a stat to 'Introduction': e.g., 'According to a 2024 study, 70% of eCommerce brands lose revenue due to system handoffs.' In 'Where brands usually leak value', add percentages: e.g., 'Mobile checkout abandonment averages 80% for UK brands.' In 'Where AI helps most', cite a source: e.g., 'McKinsey reports AI reduces customer service resolution time by 40%.'"
186,Content,Add JSON-LD structured data and fix H1 mismatch,Easy,True,False,H1_DUPLICATE|SCHEMA|FAQ|DATES,RC-02|RC-04|RC-05,confirmed-runtime,high,1,/blog/dental-practice-automation-guide,+20 pts,,719b770e7191d5e7,2,"Missing structured data reduces eligibility for rich snippets (e.g., FAQ, HowTo), which can boost CTR by 30% for informational queries. The incorrect H1 misleads users and search engines, likely increasing bounce rate and reducing time on page for a target audience of dental practice owners.","Update the H1 to match the article title: 'Dental Practice Automation: UK Systems Guide' or a similar descriptive headline. Add JSON-LD Article schema with headline, datePublished, author, description, and image. If applicable, wrap the 'What to take from this article' and 'Introduction' sections in FAQPage schema with questions/answers, or use HowTo schema for the decision framework."
187,Content,Add meta description and 13 missing timestamps to /industry,Easy,True,False,META_DESC|THIN|DATES,RC-01|RC-02,refuted-live,high,1,/industry,+18 pts,,0c262933a6411367,3,"Missing meta description can reduce CTR ~8-12% on branded and industry queries (e.g., 'UK AI for healthcare'). No timestamps hurt credibility for B2B tech buyers who need recency. Thin 235-word content limits ranking for long-tail sector-specific terms.","Write a meta description of 140-160 characters summarizing the page: industry-specific AI solutions for UK sectors, verified results, human-reviewed automation.Include key sectors (e.g., healthcare, legal, retail) and value prop (purpose-built, UK-built, GDPR-conscious). Add a timestamp to the page: 'Last updated: [date]' and 'Published: [date]' near the top or bottom.Use the actual date of last content review. If unknown, use current date and set a schedule for quarterly updates. Add timestamps to any claimed results or data points. For example, add 'As of [month year]' after 'Verified Silver"
188,Content,Add structured data (Article schema) missing on /blog/ecommerce-brands-websites-apps-ai-systems,Easy,True,False,H1_DUPLICATE|SCHEMA|DATES|TITLE_TAG,RC-02|RC-04|RC-06,confirmed-3p-mutation,high,1,/blog/ecommerce-brands-websites-apps-ai-systems,+20 pts,,e11e286471b8365d,1,"For a tech/AI audience, rich snippets can lift CTR by 20-30% on informational queries. Missing schema means less visibility for queries around eCommerce AI systems, reducing organic discovery for a niche with high intent.","Add JSON-LD Article schema in the <head> of the page.Include properties: @context, @type: Article, headline, description, datePublished (21 July 2026), author (Silverstone AI), image (if any). Use existing H1 'Customize your cookie preferences' as headline? Actually the H1 is a technical error; the article title should be used. The title tag is 'eCommerce Websites, Apps and AI Systems | Silverstone AI'. Use that as headline. Description: Summarize the article in 1-2 sentences. <script type=""application/ld+json"">{ ""@context"": ""https://schema.org"", ""@type"": ""Article"", ""headline"": ""eCommerce Webs"
189,Content,Expand /industry page from 235 words with quantified proof points,Medium,False,False,FAQ|THIN|CITATION|TABLE,RC-01|RC-05|RC-07,obsolete-advice,high,1,/industry,+25 pts,,1a3e27d500291eda,3,"Enterprise AI buyers need quantifiable proof points to justify investment; without them, the page loses 18 points on referenceability, likely reducing lead quality and conversion rates by 15-25%.","Expand 'Nine industries, nine purpose-built systems' section to include at least one specific metric per industry (e.g., average time saved, cost reduction percentage, or efficiency gain). Add a 'Verified Results' table with 3-5 anonymized client case studies including numbers (e.g., 'UK healthcare client reduced admin time by 40%'). Rewrite 'Measured where your sector feels it' paragraph to cite a specific statistic, such as '86% of users report faster patient booking within 2 weeks.' Increase total word count to at least 600 words by adding a FAQ section with 5 industry-specific questions."
190,Content,Add visible publish/update date and meta description to blog article,Easy,False,False,META_DESC|H1_DUPLICATE|DATES,RC-01|RC-02|RC-04,confirmed-runtime,high,1,/blog/content-creation-framework,+15 pts,,daf143f20a1b6b2b,2,"For AI/ML content, dated articles lose credibility and reduce click-through rates by 20-30%. Missing meta description means search snippets are auto-generated, often poorly, hurting CTR on queries like 'content creation frameworks' currently ranking at position 24.","Add a meta description (140-155 chars) summarizing the article's core value.Include keywords: UK small business content framework, AI workflow, commercial impact. Add a visible 'Published on' or 'Last updated' date near the top of the article.Use the existing date '10 July 2026' as the publish date, or set a 'Last updated' date if recently reviewed. Fix the H1 to match the article title (e.g., 'Content Creation Framework for UK Small Businesses') instead of the cookie preferences text.Ensure only one H1 per page and that it aligns with the page topic."
191,Content,Fix heading hierarchy and add meta description for dental automation guide,Easy,True,False,META_DESC|H1_DUPLICATE|HEADING_GENERIC|COOKIE_H1,RC-01|RC-03|RC-04,confirmed-runtime,high,1,/blog/dental-practice-automation-guide,+18 pts,,55271e79c681c5b3,2,"Poor heading hierarchy hurts SEO topical relevance and user comprehension. Missing meta description reduces click-through rates from search results. For a technology/automation niche, this could lose up to 15% of potential organic traffic to competitors with better snippets.","Change the H1 tag to 'Dental Practice Automation: UK Systems Guide' to match the title and article topic. Remove or move the cookie consent H1 to a less prominent element (e.g., aria-label or hidden).The current H1 is a cookie banner; ensure the main article heading is the primary H1. Clean up H2 headings: fix spacing (e.g., 'fromthis article' to 'from this article', 'adental practice' to 'a dental practice') and ensure each H2 is a logical section header.Current H2s have missing spaces and inconsistent capitalization. Add a meta description of 140-160 characters summarizing the guide and its "
192,Content,Add meta description and improve H1 on /blog/content-creation-framework,Easy,False,False,META_DESC|H1_DUPLICATE|TITLE_TAG|VALUEPROP,RC-01|RC-04|RC-06|RC-07,confirmed-3p-mutation,high,1,/blog/content-creation-framework,+15 pts,,55a660a35350bcb3,1,"Without a meta description, Google auto-generates snippets from body text, missing key selling points like 'UK small businesses' and 'content workflow with AI'. The wrong H1 confuses search engines and users, potentially reducing organic CTR by 10-15% for informational queries targeting UK small business owners.",Write a meta description (140-160 chars) that includes the target keyword and value proposition.Use: 'Learn how UK small businesses can build a practical content creation framework with AI. Turn expertise into reusable assets without overcomplicating your workflow.' Change the H1 from 'Customize your cookie preferences' to the article's actual topic.Replace H1 with 'A Practical Content Creation Framework for UK Small Businesses' to align with the page title and user intent.
193,Content,Add meta description and structured data to /industry,Easy,True,False,META_DESC|SCHEMA|FAQ,RC-01|RC-02|RC-05,obsolete-advice,high,1,/industry,+15 pts,,c948a797bbca4cd3,3,"For a B2B technology site targeting worldwide businesses, missing meta description reduces organic CTR by 8-12% on category pages, and no schema markup prevents eligibility for industry-specific rich results (e.g., FAQ, HowTo) that could increase visibility.","Write a meta description of 140-160 characters summarizing the page and its nine industry sectors. Add JSON-LD structured data (e.g., Organization or WebPage schema) with relevant properties."
194,Content,Add visible last-updated date to /services and expand thin content (224 words),Medium,False,False,H1_DUPLICATE|THIN|TABLE|DATES,RC-01|RC-02|RC-04|RC-07,confirmed-runtime,high,1,/services,+15 pts,,aa52b989e6d13ccb,2,"UK businesses evaluating AI services expect transparent, current information. Missing freshness signals and thin content reduce trust and may cause visitors to bounce to competitors. Estimated 10-15% lower engagement and conversion on this page.","Add a 'Last updated: [date]' or 'Published on [date]' timestamp near the H1 heading, styled subtly. Expand each H2 section with 2-3 sentences of actionable detail, increasing total word count to at least 600 words. Add a summary table or bullet list of the seven service disciplines with one-line descriptions."
195,Content,Add FAQ schema and meta description to /industry/estate-agents,Easy,False,False,META_DESC|SCHEMA|FAQ,RC-01|RC-02|RC-05,obsolete-advice,high,1,/industry/estate-agents,+15 pts,,ec48b0142da9bd61,3,"Missing meta description reduces CTR on branded and long-tail queries; missing FAQ schema prevents Google from expanding search snippets with Q&A, potentially losing clicks to competitors with rich results.",Add a meta description of 150-160 characters summarizing the page's value for UK estate agents. Add FAQPage JSON-LD structured data covering all Q&A pairs visible on the page.
196,Content,Add meta description and strengthen data precision for /blog/content-creation-framework,Medium,False,False,META_DESC|VALUEPROP,RC-01|RC-07,recommendation-only,high,1,/blog/content-creation-framework,+15 pts,,69f5b3acfc7e0ce4,3,"For a UK small business audience, missing meta descriptions reduce organic CTR by 8-12%. Lack of data precision leads to lower trust and engagement from commercial-intent readers (small business owners seeking actionable frameworks), potentially losing conversions.",Write a meta description of 150-160 characters that summarizes the article's value proposition and includes a keyword phrase.Focus on UK small businesses struggling with content consistency. Include 'content creation framework' and a benefit like 'save time' or 'convert expertise to assets'. Build a practical content creation framework for your UK small business. Learn how to turn expertise into assets without the scramble. AI-powered workflow tips inside. Add specific statistics and quantified claims throughout the article to improve data precision.Replace vague statements with citable data. 
197,Content,Add meta description and fix H1 mismatch on /ecommerce-ai-systems-guide,Easy,False,False,META_DESC|H1_DUPLICATE|COOKIE_H1,RC-01|RC-03|RC-04,confirmed-runtime,high,1,/blog/ecommerce-ai-systems-guide,+15 pts,,71690732b0d9b4f2,2,"Missing meta description reduces CTR by 8-12% in competitive B2B AI/eCommerce queries. The H1 mismatch confuses search engines and users, potentially lowering rankings for target keywords like 'AI systems eCommerce'.","Add a meta description of 140–160 characters that summarizes the article's value: 'Learn how AI systems improve eCommerce operations, reduce friction, and build a smarter operating system for UK brands.' Change the H1 from 'Customize your cookie preferences' to 'AI Systems for eCommerce Brands' (matching the title/theme). Ensure the cookie banner uses a different heading level (e.g., H2) or remove the heading from the cookie notice."
198,Content,Fix heading hierarchy and add meta description on /industry/estate-agents,Medium,False,False,META_DESC|H1_DUPLICATE|HEADING_GENERIC|FAQ|THIN,RC-01|RC-04|RC-05,confirmed-runtime,high,1,/industry/estate-agents,+12 pts,,2393fe49dfd8f277,2,"Estate agents searching for AI automation solutions expect clear value props. A missing meta description reduces organic CTR by 8-12% and poor heading hierarchy can limit featured snippet eligibility, costing Silverstone AI leads.","Add a meta description of 140-160 characters summarizing the value: automate property enquiry handling for UK estate agents.Include 'portal leads', 'phone calls', and 'live diary' to match search intent. See example below. Restructure headings: keep a single H1 ('AI Automation for Estate Agents UK') and convert the current H1-like body text to H2.Rename H2s with proper spacing and logical hierarchy: H2s should be topical subheadings rather than taglines. See example below. Fix spacing errors in H2s: 'Where instructionsleak' → 'Where Instructions Leak', 'Built forevery deskin the agency' → 'Bui"
199,Content,Add timestamps and expand /services from 224 to ~1000 words,Medium,False,False,SCHEMA|FAQ|THIN|DATES,RC-01|RC-02|RC-05,obsolete-advice,high,1,/services,+15 pts,,6462ef7f7b61ba25,3,B2B buyers evaluating AI services rely on recency signals to trust claims. Missing timestamps and thin content reduce conversion likelihood by an estimated 15-20% on this high-intent hub page.,"Add a 'Last updated' or 'Published' date prominently near the top or in the page footer. Add detailed service descriptions (300+ words per major service listed) covering scope, process, deliverables, and timeline. Add a 'Case studies' or 'Results' section with actual client examples and dates to back up 'Proof before promises'. Include FAQ schema with queries about service pricing, timelines, and industries served."
200,Content,Add meta description and schema markup to eCommerce AI article,Easy,False,False,META_DESC|H1_DUPLICATE|SCHEMA|FAQ|DATES|COOKIE_H1,RC-01|RC-02|RC-03|RC-04|RC-05,confirmed-runtime,high,1,/blog/ecommerce-ai-systems-guide,+20 pts,,3dcadde022d2e7a0,2,"Homepage-level E-E-A-T signals weakened; missing meta description reduces CTR by estimated 8-12% for informational queries like 'AI eCommerce systems UK'. No schema means eligible rich snippets (FAQ, HowTo) are lost, reducing visibility in competitive SERPs.","Write a compelling meta description (150-160 chars) summarizing the article's value: AI systems for eCommerce brands; fix joins between storefront, fulfilment, service; build a coherent operating system.Include primary keyword 'AI systems for eCommerce' naturally. Discover how UK eCommerce brands can fix operational join points with practical AI systems—beyond fashionable tools. Reduce friction, protect margin. Fix the H1 to reflect the article title: 'AI Systems for eCommerce Brands' (remove cookie preference override). Ensure H1 matches the page topic.The cookie banner is overriding the H1; "
201,Content,Fix H1 mismatch and add structured data for /blog/content-creation-framework,Easy,True,False,H1_DUPLICATE|SCHEMA|FAQ|DATES|COOKIE_H1,RC-02|RC-03|RC-04|RC-05,confirmed-runtime,high,1,/blog/content-creation-framework,+20 pts,,37a0152d6425ea93,2,"Missing H1 alignment hurts topical relevance and CTR. No schema prevents rich snippet eligibility (e.g., headline, author, date), reducing visibility on long-tail queries like 'content creation framework UK small businesses', which currently ranks #24.","Update the H1 to match the article title: 'Content Creation Framework for UK Small Businesses' or a compelling variant.Ensure it is in the <h1> tag, not buried in cookie consent code. Add JSON-LD Article schema to the page head.Include properties: @type: Article, headline, author (e.g., Silverstone AI), datePublished, dateModified, description, mainEntityOfPage, image (if available). Optionally add FAQ or HowTo schema if the article includes Q&A or step-by-step sections.The H2 outline suggests 'How to build...' sections - these could be marked as HowTo steps."
202,Content,Add meta description and expand content with data-backed claims,Medium,False,False,META_DESC|SCHEMA|THIN|TABLE|PERF,RC-01|RC-02|RC-07|RC-08,unverified,medium,1,/services,+35 pts,,2c2caee81e73767c,3,"UK businesses evaluating an AI services partner need concrete evidence of impact – missing meta drops CTR by 5-12%, while absence of data points reduces trust and conversion for this high-consideration purchase.","Add a 150-160 character meta description summarizing the range of AI, web, app, and content services with a key benefit or number. Expand body content to 800+ words by adding a 'Results by the numbers' section with at least 3 specific case study stats (e.g., '33% increase in lead conversion for a London estate agency', '40 hours saved per week for a clinic recall system'). Insert a table or bulleted list with service-specific metrics (e.g., average load time improvement, cost reduction, response time gains). Add schema markup (e.g., Service, AggregateRating, or Product) to help search engines "
203,Content,Improve readability and add schema to estate agents page,Medium,False,False,META_DESC|SCHEMA|FAQ|THIN|READABILITY,RC-01|RC-02|RC-05|RC-07,obsolete-advice,high,1,/industry/estate-agents,+15 pts,,565e37f3308bfb0b,3,Estate agents evaluating AI automation have low tolerance for confusing copy. Poor readability reduces engagement and conversions; missing meta description means low CTR from search results.,"Add a meta description of 140-160 characters summarizing the page's value for estate agents.Include key benefits: instant enquiry capture, live diary, branch workflow. Restructure the H2s and body to fix spacing issues and improve readability.Review all headings and ensure no missing spaces (e.g., change 'Where instructionsleak' to 'Where instructions leak'). Aim for reading grade 8-10. Add FAQ schema markup using the questions from the 'Questions agency leaders ask' section.Use JSON-LD with question/answer pairs to enable rich snippets. Increase word count from 633 to at least 1000 words with"
204,Content,Fix H1 to match article topic and add meta description,Easy,True,False,META_DESC|H1_DUPLICATE|TITLE_TAG,RC-01|RC-04|RC-06,confirmed-3p-mutation,high,1,/blog/ecommerce-ai-systems-guide,+15 pts,,49b1ca2331e095db,1,"Missing H1 and meta description on an AI/eCommerce guide reduces organic CTR by an estimated 5-10%. For a technology B2B audience, this could mean fewer qualified leads from search.","Update the H1 to match the article's primary topic and be consistent with the page title.Set H1 to: 'AI Systems for eCommerce Brands: A Practical Guide'. <h1>AI Systems for eCommerce Brands: A Practical Guide</h1> Add a meta description of 150-160 characters summarizing the article's value.Focus on key benefit: improving operational coherence for UK B2B audiences. <meta name=""description"" content=""Learn how to build a coherent AI operating system for your eCommerce brand. Fix the joins between storefront, fulfilment, and service. Practical advice for UK businesses."">"
205,Seo,Add Key Takeaways section for AI snippet generation,Easy,False,False,H1_DUPLICATE|TLDR,RC-04|RC-07,confirmed-runtime,high,1,/blog/build-a-prototype-instead,+15 pts,,3e9afbf0709a2047,2,"For a tech startup blog targeting UK founders, missing key takeaways reduces click-through from AI-driven search features and Google's featured snippets. Competitors with TL;DR sections gain 15-25% more snippet visibility on decision-intent queries like 'prototype vs MVP'.","Insert a 'Key Takeaways' section after the H1 or before the introduction.Write 3-5 bullet points summarizing the core advice: prototype vs MVP decision rule, when to build each, and one practical test. **Key Takeaways** - Prototypes test workflow, usability, and stakeholder alignment; MVPs test market demand and live operations. - Choose a prototype when the biggest risk is user experience; choose an MVP when it's real-world adoption. - Before briefing an agency, write down the single decision you need to make next."
206,Content,Add JSON-LD structured data (Organization + Service) to /services,Easy,True,False,SCHEMA|FAQ,RC-02|RC-05,obsolete-advice,high,1,/services,+20 pts,,542574b5b21a9d43,3,"Without schema, Google cannot display rich results (e.g., service cards, breadcrumbs, FAQ snippets), reducing CTR for service-intent queries. For a Magento site in AI/ML niche, this means lost visibility on high-intent searches.","Add Organization schema with name, URL, logo, and contact info.Use JSON-LD in <script> tag in <head>. { ""@context"": ""https://schema.org"", ""@type"": ""Organization"", ""name"": ""Silverstone AI"", ""url"": ""https://silverstone-ai.com"", ""logo"": ""https://silverstone-ai.com/logo.png"", ""contactPoint"": { ""@type"": ""ContactPoint"", ""telephone"": ""+44-..."", ""contactType"": ""customer service"" } } Add Service schema for the main offerings listed on the page.Use WebApplication or Service type for each discipline mentioned (web, app, content, AI services). { ""@context"": ""https://schema.org"", ""@type"": ""Service"", ""name"""
207,Content,Add FAQ section and structured FAQ schema to /industry/estate-agents,Medium,False,False,SCHEMA|FAQ,RC-02|RC-05,obsolete-advice,high,1,/industry/estate-agents,+15 pts,,93d9f3259ca16f89,3,"Estate agents searching for AI automation solutions often use question-based queries (e.g., 'how does AI handle valuation enquiries?'). Missing FAQ coverage reduces chances of appearing in featured snippets and AI-generated answers, losing high-intent leads to competitors.","Add a visible FAQ section with at least 5-7 common questions and concise answers. Use the existing body content to derive Q&As (e.g., 'How do you prevent instruction leaks?', 'How fast is the implementation?').Place the FAQ section after the 'Questions agency leaders ask' heading. Ensure questions reflect real searches (e.g., 'How does Silverstone integrate with my CRM?', 'What's the typical onboarding time?'). Add FAQ schema markup using JSON-LD. Include each Q&A as an item in a mainEntity list. { ""@context"": ""https://schema.org"", ""@type"": ""FAQPage"", ""mainEntity"": [{ ""@type"": ""Question"", ""nam"
208,Content,Fix meta description and cookie banner H1 on /blog/ecommerce-ai-systems-guide,Easy,True,False,META_DESC|H1_DUPLICATE|COOKIE_H1|TITLE_TAG|VALUEPROP,RC-01|RC-03|RC-04|RC-06|RC-07,confirmed-3p-mutation,high,1,/blog/ecommerce-ai-systems-guide,+12 pts,,1a79f2029398989c,1,"For a technology site targeting worldwide marketers and eCommerce professionals, a missing meta description reduces organic CTR by an estimated 8-12%. The incorrect H1 further confuses crawlers, potentially suppressing impressions and clicks on queries like 'eCommerce AI systems'.",Add a meta description (140-160 chars) that summarizes the article's value proposition for eCommerce brands. Change the H1 on the article page to 'AI Systems for eCommerce Brands' (the same as the title tag) and move the cookie preference text to a banner or footer.
209,Seo,Add meta description and structured data to /bespoke-app-development-guide,Easy,False,False,META_DESC|H1_DUPLICATE|SCHEMA|FAQ|TABLE|DATES,RC-01|RC-02|RC-04|RC-05|RC-07,confirmed-runtime,high,1,/blog/bespoke-app-development-guide,+15 pts,,2036071f4090003e,2,"Missing meta description lowers CTR by an estimated 8-12%, especially for high-intent queries like 'bespoke app development UK'. Without FAQ or Article schema, the page cannot generate rich snippets, reducing click-through from AI-powered search features.","Write a compelling meta description of 140-160 characters that mentions key topics: workflow-first approach, minimum useful product, UK small businesses, bespoke app development. Fix the H1 from 'Customize your cookie preferences' to a more relevant heading like 'Bespoke App Development: A Complete Guide for UK Small Businesses'. Add Article schema markup (JSON-LD) with proper headline, description, author, datePublished, and image. Add a comparison table (e.g., web app vs mobile app vs internal tool) with columns: Use Case, Pros, Cons, Best For."
210,Seo,Add meta description and boost citation density on app development page,Easy,False,False,META_DESC|THIN|CITATION,RC-01|RC-07,recommendation-only,high,1,/services/app-development,+15 pts,,57d5418fb544c9fa,3,"Missing meta description reduces organic CTR by 5-10% for commercial-intent queries like 'bespoke app development UK'. Low citation density weakens geo-relevance in AI overviews, risking 20-30% traffic loss from AI search engines.","Write a compelling meta description (140-160 chars) that includes 'UK', 'bespoke', and key differentiators.Mention London-based, human-reviewed, and AI integration to match user intent. Bespoke app development in the UK: workflow-first, AI-enhanced. London-based team delivers a testable first release in weeks, not quarters. Add 2-3 external citations or references per 500 words to improve citation density.Include reputable sources or case studies that support the methodology (e.g., 'Lean Startup' by Eric Ries for MVP approach, UK tech regulations for GDPR). Add a sentence: 'Our approach aligns"
211,Seo,Add meta description and key takeaways to article,Easy,False,False,META_DESC|H1_DUPLICATE|TLDR,RC-01|RC-04|RC-07,confirmed-runtime,high,1,/blog/ai-trades-operating-system-websites-automation,+15 pts,,754aeacdc550faa3,2,"As an AI/ML tech site targeting worldwide trades businesses, missing meta and TL;DR reduces CTR from AI overviews (which prefer concise summaries) and lowers organic traffic from Google's featured snippets.","Write a 140-160 character meta description summarizing the article value.Include key terms: trades business, operating system, AI, automation, UK. Learn how trades businesses can build one connected operating system with AI to reduce missed calls and automate workflows. Add a styled 'Key Takeaways' box with 3-4 bullet points after the H1 or before the first H2.Use the existing 'What to take from this article' list but format as a callout box. • Most trades firms need one system, not more tools • Automate missed calls, quotes, and bookings • Choose a build partner that improves operations"
212,Seo,Add Article schema markup to /blog/build-a-prototype-instead,Easy,True,False,SCHEMA|DATES,RC-02,refuted-live,high,1,/blog/build-a-prototype-instead,+15 pts,,660f4e9b0d8f55b0,3,"Without structured data, the article is less likely to appear in rich results (e.g., headline, image, and author info), potentially reducing click-through rates by an estimated 5-10% for informational queries.","Add JSON-LD Article schema to the <head> of the page. Include properties: @context, @type, headline, description, image (if any), datePublished, author, publisher."
213,Seo,Add meta description and fix H1 mismatch on /bespoke-app-development-guide,Easy,True,False,META_DESC|H1_DUPLICATE,RC-01|RC-04,confirmed-runtime,high,1,/blog/bespoke-app-development-guide,+15 pts,,daaf763b63c9cc32,2,This article targets local SEO for UK small businesses searching for app development. A mismatched H1 and missing meta description reduce click-through rates by an estimated 10-15% on high-intent queries and may prevent indexing for commercial terms like 'bespoke app development UK'.,"Replace the H1 with the article title: 'Bespoke App Development for UK Small Businesses'.Ensure the H1 matches the page's primary topic and is the first heading on the page. Write a meta description of 150-160 characters summarizing the article's value for UK SMEs.Include key differentiators: workflow-first approach, MUP definition, build vs buy."
214,Seo,Add meta description to /services/app-development,Easy,True,False,META_DESC,RC-01,refuted-live,high,1,/services/app-development,+8 pts,,2f5193195bbd7a92,3,"For a technology services company targeting worldwide clients, every organic click matters. Without a meta description, CTR on relevant queries like 'bespoke app development UK' could be 8-12% lower, directly impacting lead generation.","Write a compelling meta description of 140-160 characters that highlights the unique value: workflow-driven, AI-assisted, UK-based bespoke app development. Include primary keywords such as 'bespoke app development UK' and emphasize the methodology (prove workflow first) to attract high-intent visitors."
215,Seo,Add external citations and optimize meta for /ai-trades-operating-system,Easy,False,False,META_DESC|H1_DUPLICATE|THIN|CITATION,RC-01|RC-04|RC-07,confirmed-runtime,high,1,/blog/ai-trades-operating-system-websites-automation,+15 pts,,12f4636c80a74673,2,"Tech/industry articles without citations score lower on AI-driven search and E-E-A-T signals, potentially losing 10-20% of organic traffic from knowledge panels and AI overviews. Missing meta description reduces CTR by 8-12% on research queries.","Add 2-3 external citations from authoritative sources (e.g., UK gov stats on trades businesses, industry studies) placed strategically in the body.Aim for at least 1 citation per 500 words. Insert hyperlinks to stats or quotes from reputable sites like gov.uk, FMB, or trade associations. Write a meta description of 140-160 characters summarizing the article's value for trades businesses.Include keywords like 'trades business automation', 'AI receptionist', 'UK trades'. Avoid generic phrases. Fix H1 to match article topic (currently shows cookie preferences). Update to a relevant H1 like 'AI fo"
216,Seo,Add FAQ section to prototype-vs-MVP article for GEO,Easy,False,False,FAQ|CITATION,RC-05|RC-07,obsolete-advice,high,1,/blog/build-a-prototype-instead,+15 pts,,39dc6480325faf1b,3,"For a UK startup audience researching build stages, missing FAQ means lower chance of being cited in ChatGPT/Perplexity/Google AI answers, reducing organic discovery and authority.",Add a FAQ section with 3-5 questions and concise answersPlace after the 'practical decision test' section and before 'Continue Exploring'. Keep answers 1-2 sentences.
217,Seo,Add structured data (Article schema) to blog article,Easy,True,False,SCHEMA|DATES,RC-02,refuted-live,high,1,/blog/bespoke-app-development-guide,+15 pts,,a51cb258dac5573b,3,"Without Article schema, it is harder for search engines (including AI engines like ChatGPT) to surface this content as a rich result, potentially reducing visibility among AI-generated answers and traditional rich snippets.","Add JSON-LD Article structured data to the page's <head>.Include properties: @context, @type, headline, author, datePublished, dateModified, image (if any), description."
218,Seo,Add FAQPage schema to blog post for rich result eligibility,Easy,True,False,SCHEMA|FAQ,RC-02|RC-05,obsolete-advice,high,1,/blog/ai-trades-operating-system-websites-automation,+15 pts,,bed261555de00367,3,"For a tech/AI site targeting UK trades businesses, FAQ rich snippets can increase CTR by 10-20%, driving more qualified leads to the blog and ultimately to conversion pages.",Identify the question-answer pairs from the existing H2 headings and body content. Insert FAQPage JSON-LD schema in the <head> of the page with at least 3 QA pairs.
219,Seo,Add FAQ section and meta description to blog article,Easy,True,False,META_DESC|H1_DUPLICATE|SCHEMA|FAQ|TITLE_TAG,RC-01|RC-02|RC-04|RC-05|RC-06,confirmed-3p-mutation,high,1,/blog/bespoke-app-development-guide,+30 pts,,e2e4025b1feca6e1,1,"Without a meta description, organic CTR is lowered. Missing FAQ reduces visibility in AI overviews (ChatGPT, Perplexity, Google AI) which prefer structured Q&A. This can lose leads from UK small businesses searching for bespoke app development guidance.","Add a meta description of 140-160 characters.Summarize the article's value: workflow-first approach, minimum useful product, and commercial decisions. Learn how UK small businesses can choose the right app development approach: workflow-first, minimum useful product, and build vs buy decisions. Add an FAQ section with 3-5 questions and concise answers.Use JSON-LD structured data for FAQ schema. Include questions like: 'Should I start with a web app or mobile app?', 'What is a minimum useful product?', 'How do I decide between build vs buy?' Fix the H1 from 'Customize your cookie preferences' t"
220,Seo,Add meta description and improve depth on physio/chiropractic FAQ page,Medium,False,False,META_DESC|FAQ|CITATION,RC-01|RC-05|RC-07,obsolete-advice,high,1,/industry/physios-chiropractors,+40 pts,,a54ab5d66ac6bbd0,3,"Physio and chiropractic practices searching for automation solutions are comparison-shopping. Without a meta description, CTR drops 8-12%. Low citation density reduces trust and E-E-A-T signals, especially for Google AI and Perplexity, which may suppress this page for local healthcare queries.","Write a compelling meta description of 140-160 characters that highlights UK-focus, human-reviewed automation, and patient access benefits. UK-based physio & chiropractic automation: handle enquiries, booking, forms & rebooking while keeping care human. GDPR-conscious, designed by clinicians. Add at least 3-5 external citations to authoritative sources (e.g., NHS guidelines on patient data, GDPR compliance references, CQC standards) in relevant sections. In the 'Support, after the plan is set' section, cite a data protection source for reminder consent requirements. Expand the 'Questions clini"
221,Seo,Add JSON-LD structured data (WebPage/Service schema) to /services/app-development,Easy,True,False,SCHEMA|DATES,RC-02,refuted-live,high,1,/services/app-development,+15 pts,,b633643e79433207,3,"For a technology company targeting worldwide clients, missing schema reduces eligibility for rich snippets and AI-driven search features. Schema markup can increase CTR by 20-30% for service pages and improves visibility in Google's AI overviews and Perplexity/chatGPT search results.","Add JSON-LD structured data in the <head> section with WebPage schema including name, description, URL, and inLanguage.Include basic WebPage properties like @type, name, description, url, publisher, dateModified. Add Service schema with serviceType, provider, areaServed, and description to better match the service page content.Use potentialAction or offers if applicable. Include country-level areaServed for UK targeting. Validate the implementation using Google's Rich Results Test or Schema.org Validator.Ensure no syntax errors and that required fields are present."
222,Seo,Add JSON-LD schema markup for Article page,Easy,True,False,SCHEMA|DATES,RC-02,refuted-live,high,1,/blog/ai-trades-operating-system-websites-automation,+10 pts,,4c7b3191a90ed2be,3,"Without schema, the page is less likely to appear in AI overviews and rich snippets, reducing organic visibility and CTR for informational queries.","Add JSON-LD Article schema to the <head> or <body> of the page.Include properties: @context, @type, headline, author, datePublished, image, description. Test the schema using Google's Rich Results Test.Ensure no errors and that the schema is valid."
223,Seo,Add key takeaways section for AI citation and missing meta description,Easy,False,False,META_DESC|H1_DUPLICATE|CITATION|COOKIE_H1,RC-01|RC-03|RC-04|RC-07,confirmed-runtime,high,1,/blog/fitness-coach-enquiry-automation,+15 pts,,cb868987cc5c52bc,2,"AI systems like ChatGPT, Perplexity, and Google AI often cite concise summaries; without a key takeaways box, the page loses visibility in AI-generated answers. Missing meta description reduces organic CTR by an estimated 8-12% for informational queries like 'fitness coach enquiry automation'.","Add a 'Key Takeaways' section at the top of the article with 3-4 bullet points summarizing the main insights.Place after the introduction or after the estimated reading time, before the main content. Use a distinct box or styling. Write a meta description of 150-160 characters summarizing the article's value for UK fitness coaches. Discover how UK fitness coaches turn enquiries into consultations with a focused website, structured follow-up, and AI-supported workflows. Learn the practical build path. Fix the H1 to match the article title: 'How UK Fitness Coaches Turn Enquiries Into Consultatio"
224,Seo,Add FAQ structured data to /industry/physios-chiropractors,Easy,True,False,SCHEMA|FAQ,RC-02|RC-05,obsolete-advice,high,1,/industry/physios-chiropractors,+30 pts,,708d74b83547315c,3,"For a tech/AI site targeting worldwide, FAQ schema can generate rich results in Google, potentially increasing CTR by 10-20% on informational queries. Without it, competitors with schema may capture more visibility.",Add JSON-LD structured data to the page head. Use FAQPage schema (or WebPage as fallback) with mainEntity list containing question/answer pairs extracted from the body.
225,Seo,Add meta description and key takeaways section for AI Overview readiness,Easy,False,False,META_DESC|H1_DUPLICATE|CITATION|COOKIE_H1|TLDR,RC-01|RC-03|RC-04|RC-07,confirmed-runtime,high,1,/blog/content-creation-framework,+15 pts,,73f0c10a9af82b9b,2,"For a UK small business audience searching for content frameworks, a missing meta description can reduce CTR by 8-12%. Lack of a summary box lowers chances of being cited in AI-generated answers, reducing organic visibility from growing AI search traffic.","Write a meta description of 150-160 characters summarizing the article's value for UK small businesses.Include 'content creation', 'UK small businesses', 'AI', 'workflow' to match user queries. Fix the H1 to reflect the article title: 'Content Creation Framework for UK Small Businesses' instead of cookie consent.The current H1 is likely from a popup; ensure the main heading is correct and properly coded. Add a 'Key Takeaways' or 'TL;DR' section at the top or bottom of the article.Use a bulleted list of 3-5 concise points summarizing the article's main insights. Place it after the introduction "
226,Seo,Add FAQ section to /services/app-development for AI visibility,Easy,False,False,SCHEMA|FAQ,RC-02|RC-05,obsolete-advice,high,1,/services/app-development,+25 pts,,36425398a3874ec4,3,"Potential clients searching for 'bespoke app development UK' or 'AI app proof of concept' may miss the page entirely in AI overviews and chatbot responses. Competitors with FAQ sections capture those zero-click answers, reducing click-through and lead generation for Silverstone AI.",Add an FAQ section after 'A release built to reduce risk' with 3-5 questions targeting common customer queries. Use structured data (FAQPage schema) to mark up the Q&A for better indexing.
227,Seo,Add meta description & citations to fitness coach article,Easy,True,False,META_DESC|CITATION,RC-01|RC-07,recommendation-only,high,1,/blog/fitness-coach-enquiry-automation,+15 pts,,f67876c5a18fe72c,3,"For a UK fitness coaching audience, missing meta description can reduce organic CTR by 8-12%, losing potential consultation bookings. Low citation density may cause AI systems to deprioritize the page in featured snippets and AI overviews.","Add a 150-160 character meta description summarizing the article's value for fitness coaches.Include key phrases like 'UK fitness coaches', 'enquiry-to-consultation funnel', and 'AI automation' to match search intent. Add 2-3 external citations to authoritative sources.Cite studies on lead response times in the fitness industry or research on AI in small business workflows."
228,Seo,Add FAQ with 3–5 common questions on /industry/physios-chiropractors,Easy,False,False,SCHEMA|FAQ|CITATION,RC-02|RC-05|RC-07,obsolete-advice,high,1,/industry/physios-chiropractors,+15 pts,,9526b4810df01f3b,3,"For a UK-based AI automation provider targeting physio and chiropractic clinics, missing FAQ content reduces chances of being cited by AI overviews and chatbots, potentially losing high-intent leads that ask specific questions like 'How does Silverstone handle appointment booking?'",Add an FAQ section with 3-5 common questions and concise answers under the H2 'Questions clinic leaders ask'. Implement FAQPage schema markup using JSON-LD for each question and answer. Ensure each Q&A targets a specific long-tail keyword relevant to physio/chiropractic automation.
229,Seo,Add meta description and FAQPage schema to /blog/content-creation-framework,Easy,False,False,META_DESC|SCHEMA|FAQ|VALUEPROP,RC-01|RC-02|RC-05|RC-07,obsolete-advice,high,1,/blog/content-creation-framework,+12 pts,,45c3c21eb909a578,3,"For a B2B technology site targeting UK small businesses, a 155-character meta description could boost CTR by ~8-15%, especially for commercial-intent queries. FAQPage schema could qualify the page for rich snippets, increasing organic visibility by an estimated 20-30% on voice and AI overview results.","Add a 140-160 character meta description summarizing the article's value proposition for UK small businesses.Use the brand voice: professional, practical, and results-oriented. UK small businesses: stop guessing. Build a practical content system with AI that turns expertise into assets. Learn the framework now. Identify 5-7 question-answer pairs from the article content and mark them up with FAQPage schema JSON-LD.Ensure each question is a self-contained H3 and its answer is the following paragraph. Validate with Google's Rich Results Test. See fix_examples below for the full schema."
230,Seo,Add Article schema & meta description to improve CTR and AI visibility,Easy,True,False,META_DESC|SCHEMA|DATES,RC-01|RC-02,refuted-live,high,1,/blog/fitness-coach-enquiry-automation,+25 pts,,6f66706a82957815,3,"For a tech blog targeting UK fitness coaches, missing meta description reduces organic CTR by 8-12% on search results. No schema means lower visibility in AI overviews and knowledge panels, potentially losing 30% of AI-driven referral traffic.","Add a meta description between 140-160 characters summarizing the article's value for UK fitness coaches.Summarize the problem (handoff between enquiry and booking) and the solution (AI + automation). Add JSON-LD structured data using Article schema.Include @context, @type: Article, headline, description, author, datePublished, image."
231,Seo,Add a direct answer to FAQ page for physios and chiropractors,Easy,True,False,FAQ|VALUEPROP,RC-05|RC-07,obsolete-advice,high,1,/industry/physios-chiropractors,+35 pts,,4210a8a6e2e4b214,3,"57% of FAQ queries now surface featured snippets or AI answers; without a direct answer, the page loses visibility in these rich results, reducing organic traffic and leads for physio/chiropractic clinics.","Rewrite the opening paragraph to directly answer 'What is Silverstone for physios and chiropractors?' Move the definition/fact to the first sentence; keep marketing fluff after the answer. Include key value proposition: booking automation, intake management, and compliance for UK clinics."
232,Seo,Add FAQ section to improve GEO score and capture zero-click answers,Easy,True,False,SCHEMA|FAQ,RC-02|RC-05,obsolete-advice,high,1,/blog/fitness-coach-enquiry-automation,+15 pts,,a5c163f090dce39b,3,"Without FAQ content, the page is less likely to be surfaced in AI-generated answers (ChatGPT, Google AI, Perplexity). For a technology/AI niche site, this misses zero-click traffic opportunities and reduces authority signals in generative search.","Add an H2 'Frequently Asked Questions' near the end of the article, before the 'Build the next Silverstone system' CTA section. Write 3-5 Q&A pairs that address common questions fitness coaches have about enquiry automation. Use the existing content to derive answers. Mark up the FAQ with structured data (e.g., FAQPage schema) to enable rich results."
233,Seo,Fix H1 mismatch and missing meta description on /blog/content-creation-framework,Easy,True,False,META_DESC|H1_DUPLICATE,RC-01|RC-04,confirmed-runtime,high,1,/blog/content-creation-framework,+15 pts,,e4a0ca9225ff88df,2,"Small business owners searching for content frameworks will see irrelevant snippet text or auto-generated fragments, reducing CTR and wasting traffic potential. Incorrect H1 may confuse search engines and prevent proper indexing, directly losing organic leads.","Replace H1 'Customize your cookie preferences' with the article title 'Content Creation Framework for UK Small Businesses'. Write a 150-160 character meta description summarizing the article's value, e.g., 'Build a practical content creation system with AI. Learn why UK small businesses need a structured workflow, not guesswork.'"
234,Seo,Add Article schema markup to /blog/small-business-web-development,Easy,True,False,H1_DUPLICATE|SCHEMA|COOKIE_H1,RC-02|RC-03|RC-04,confirmed-runtime,high,1,/blog/small-business-web-development,+15 pts,,b58373bad8650ce3,2,"For a blog article targeting UK small businesses, lacking Article schema means no rich results (headline, author, publish date) in Google, potentially reducing CTR from AI overviews and news carousels in a competitive tech niche.","Add JSON-LD Article schema to the page <head> or body.Use the following template, replacing placeholder values with actual data. See fix_examples. Ensure the H1 reflects the article title instead of cookie preferences.Change H1 from 'Customize your cookie preferences' to 'Web Design & Development for UK Small Businesses' to avoid confusion. Verify the page is indexable and not blocked by robots or cookie wall.Check that the cookie consent does not hide content from crawlers."
235,Seo,Add TL;DR section and meta description to blog article,Easy,False,False,META_DESC|CITATION|TLDR|VALUEPROP,RC-01|RC-07,recommendation-only,high,1,/blog/hospitality-automation-smes-build-first,+60 pts,,b90d64bbcbb80095,3,"For a tech/AI site targeting UK SMEs, missing meta description reduces organic CTR by 8-12% on informational queries. Without a TL;DR, AI systems may not cite the article, reducing visibility in AI overviews where hospitality professionals often start their research.","Add a meta description of 140-160 characters summarizing the article's value proposition and key actionable insight.Focus on the UK hospitality audience, mentioning practical automation steps and commercial gains. Discover which hospitality automation tools UK SMEs should build first. Reduce missed calls, streamline bookings, and keep human control where it matters. Add a 'Key Takeaways' or 'TL;DR' section at the top of the article, before the introduction.Use bullet points or a styled box summarizing the main recommendations from the article. <div class='key-takeaways'><h3>Key Takeaways</h3><"
236,Seo,Add Article schema and fix H1 on /content-creation-framework,Easy,True,False,H1_DUPLICATE|SCHEMA|DATES,RC-02|RC-04,confirmed-runtime,high,1,/blog/content-creation-framework,+15 pts,,a41cfaf956d30b46,2,"Article pages without schema lose rich result eligibility (e.g., headline, date, author in SERPs), reducing CTR by ~30% on AI overview queries. The wrong H1 confuses users and undermines topical relevance, especially for UK small business owners seeking structured guidance.","Change the H1 from 'Customize your cookie preferences' to 'Content Creation Framework for UK Small Businesses' (matching the title).Edit the page's H1 tag in Magento's page editor to reflect the article's actual topic. <h1>Content Creation Framework for UK Small Businesses</h1> Add JSON-LD Article schema to the <head> with properties: @context, @type, headline, datePublished, dateModified, author, description, image.Include the article's publication date (10 July 2026), author name (Silverstone AI or actual author), and a brief description of the article. <script type=""application/ld+json"">{ """
237,Seo,Add Key Takeaways box and meta description to blog article,Easy,True,False,META_DESC,RC-01,refuted-live,high,1,/blog/content-creation-system-should-build-not,+15 pts,,2126c0aa89c0ce6a,3,"Without meta description, CTR from search results suffers. Without a Key Takeaways section, the article loses visibility in AI-generated answers, reducing traffic from AI search tools.","Write a meta description (140-160 chars) summarizing the article's value for UK small businesses.Include key terms like 'content system', 'UK small business', 'AI content creation'. Learn how UK small businesses can build a content system that drives revenue, with practical steps and where AI fits. Add a 'Key Takeaways' section at the top of the article, after the intro or before the H2 'What to take fromthis article'.Use a boxed or bullet-point format listing 3-4 main points from the article. Key Takeaways:\n- Disconnected content wastes time and weakens commercial performance.\n- Build a con"
238,Seo,Add FAQ section & meta description to small biz web dev article,Medium,False,False,META_DESC|SCHEMA|FAQ,RC-01|RC-02|RC-05,obsolete-advice,high,1,/blog/small-business-web-development,+15 pts,,d251c91f87236b64,3,"For a tech/AI SaaS targeting UK small business owners, missing FAQ section means losing visibility in AI overviews (ChatGPT, Perplexity, Google AI). Estimated 8-12% lower CTR from organic results and reduced chance of appearing in voice search answers.","Add a meta description of 140-160 characters summarizing the article's value.Use primary keyword 'web design UK small business' and include a call-to-action. Learn how UK small businesses can build high-performance websites: conversion paths, hybrid vs bespoke, and AI-assisted workflows. Start building your commercial system today. Add an FAQ section at the end of the article with 3-5 questions and answers.Use schema.org/FAQPage markup to enable rich results. Q: What is the best website builder for a UK small business? A: It depends on workflow complexity. Templates suit simple sites, hybrids "
239,Seo,Add meta description and FAQPage schema to blog article,Easy,False,False,META_DESC|H1_DUPLICATE|SCHEMA|FAQ|VALUEPROP,RC-01|RC-02|RC-04|RC-05|RC-07,confirmed-runtime,high,1,/blog/hospitality-automation-smes-build-first,+20 pts,,a0b16d6187a84297,2,"Without a meta description, search snippets are auto-generated, reducing CTR by an estimated 8-12% for this article targeting UK hospitality SMEs. Missing FAQPage schema prevents rich results (e.g., expandable FAQs in SERPs), which can increase CTR by up to 30% for informational queries.","Write a 150-160 character meta description summarizing the article's value proposition for UK hospitality SMEs.Include keywords like 'hospitality automation', 'UK SMEs', 'AI reception', 'booking journey'. Discover what UK hospitality SMEs should build first to reduce friction: AI reception, automated bookings, and smart follow-up. Practical guide for real results. Fix the H1 tag to match the article title: 'Hospitality Automation: What UK SMEs Should Build First'.The current H1 is 'Customize your cookie preferences', likely a site-wide default. Update it to the article's H1. Change <h1>Customi"
240,Seo,Add meta description and improve geo-readiness for blog article,Easy,True,False,META_DESC|CITATION,RC-01|RC-07,recommendation-only,high,1,/blog/content-creation-system-should-build-not,+12 pts,,dfac001155efe34a,3,"Blog content for UK small businesses targeting high-intent queries (e.g., 'content system for small business') loses organic CTR due to missing meta description, and low citations reduce perceived authority, potentially dropping rankings by 2-3 positions.","Add a meta description of 150-160 characters summarizing the article's unique angle. Improve citation density by adding at least 2-3 external references to authoritative sources within the article (e.g., UK government business stats, industry reports)."
241,Seo,Add meta description and external citations to blog article,Easy,False,False,META_DESC|CITATION|VALUEPROP,RC-01|RC-07,recommendation-only,high,1,/blog/conversion-focused-website-planning,+15 pts,,91f69e68cbc304d7,3,"For a B2B AI and ML tech audience, a meta description can improve CTR by 8-12% on search results. Low citation density reduces credibility and may lead AI systems (e.g., ChatGPT, Google AI) to disregard content, impacting referral traffic and brand authority.","Write a 150-160 character meta description that includes target keywords and a clear value proposition.Focus on UK small businesses, conversion-focused design, and the article's unique insight. Add external citations to authoritative sources: link to reputable marketing studies, SEO guidelines (e.g., Google), or UK business statistics.Place citations in sections like 'Why attractive websites still fail to convert' and 'Technical quality, migration and accessibility are commercial decisions'."
242,Seo,Add direct answer and meta description for UK small business web design article,Easy,False,False,META_DESC|H1_DUPLICATE|THIN|COOKIE_H1|VALUEPROP,RC-01|RC-03|RC-04|RC-07,confirmed-runtime,high,1,/blog/small-business-web-development,+20 pts,,0f561a103bc60cf2,2,"For a tech/AI site targeting UK small businesses, search engines and AI assistants will struggle to extract a succinct answer, reducing featured snippet chances and AI-generated answer inclusion, which drives organic traffic from informational queries.","Add a concise definition or key fact within the first 150 words.Insert a sentence like 'Small business web development is the process of building a commercial website that converts visitors into leads and supports operations.' Move the introductory text after a bolded answer statement. Write a 140-160 character meta description that includes the primary keywords.Include 'UK small businesses', 'web design', 'web development' and a benefit. Learn web design and development for UK small businesses. Silverstone AI builds commercial websites that capture demand, qualify leads and support operations"
243,Seo,Add meta description and fix H1 for hospitality automation article,Easy,True,False,META_DESC|H1_DUPLICATE,RC-01|RC-04,confirmed-runtime,high,1,/blog/hospitality-automation-smes-build-first,+15 pts,,9b43c3c3cbdcab0d,2,"For a technology/AI site targeting hospitality SMEs, missing meta descriptions can lower CTR by 8-12% on informational queries. A mismatched H1 confuses search engines and may prevent the page from ranking for its target keywords like 'hospitality automation UK'.",Replace the H1 tag content from 'Customize your cookie preferences' to the actual article heading 'Hospitality Automation: What UK SMEs Should Build First'. Add a meta description between 140-160 characters summarizing the article's value for UK hospitality SMEs.
244,Seo,Add Schema Markup to Article Page for AI/LLM Readiness,Easy,True,False,SCHEMA|DATES,RC-02,refuted-live,high,1,/blog/conversion-focused-website-planning,+25 pts,,00fa78393efb0c43,3,"Without Article schema, this page misses opportunities for rich results (headline, author date) and AI-driven discovery on ChatGPT/Perplexity, reducing organic CTR and potential leads for a B2B target market.","Add JSON-LD Article schema to the <head> section of the page.Include properties: @type: Article, headline, author, datePublished, dateModified, image, description, publisher (Organization). <script type=""application/ld+json""> { ""@context"": ""https://schema.org"", ""@type"": ""Article"", ""headline"": ""Conversion-Focused Web Design for UK Small Businesses"", ""description"": ""Learn how service architecture, page ownership, and technical foundations drive conversions in UK small business web design."", ""author"": { ""@type"": ""Organization"", ""name"": ""Silverstone AI"" }, ""datePublished"": ""2026-07-07"", ""dateModif"
245,Seo,Add meta description and increase word count on AI consulting page,Medium,False,False,META_DESC|FAQ|THIN|TLDR,RC-01|RC-05|RC-07,obsolete-advice,high,1,/services/ai-consulting,+15 pts,,239c36ce661089cc,3,"Missing meta description reduces CTR from search results by 8-12%. Thin content loses opportunities for featured snippets and AI summaries. For a consulting page, this can directly reduce lead generation from high-intent queries.","Write a meta description (140-160 chars) summarizing the consulting service and its value.Include keywords like AI consulting, automation, decision layer, UK. Independent AI consulting for UK businesses. Prioritise use cases, test readiness, and build a roadmap to automation. 60% average overhead reduction. Expand content from 470 to at least 1000 words.Add detailed sections explaining the consulting process, client outcomes, and FAQ. Add a 'Why independent AI consulting matters' section with statistics and case studies. Add a 'Key Takeaways' or 'TL;DR' section at the top of the page.This help"
246,Seo,Add JSON-LD Article schema to blog post for AI search visibility,Easy,False,False,H1_DUPLICATE|SCHEMA|DATES,RC-02|RC-04,confirmed-runtime,high,1,/blog/hospitality-automation-smes-build-first,+15 pts,,a04806111275070b,2,"Without schema, the article may not appear as a rich result, reducing CTR from AI overviews and search snippets. Chat GPT and Perplexity scorers show low geo-readiness (element_score=0). This could lose up to 30% of potential AI-generated traffic for UK hospitality queries.","Add Article JSON-LD structured data to the <head> of the page.Include fields: @context, @type, headline, author, datePublished, dateModified, image, description. <script type=""application/ld+json""> { ""@context"": ""https://schema.org"", ""@type"": ""Article"", ""headline"": ""Hospitality Automation: What UK SMEs Should Build First"", ""author"": { ""@type"": ""Person"", ""name"": ""Silverstone AI"" }, ""datePublished"": ""2026-07-18"", ""dateModified"": ""2026-07-18"", ""image"": ""https://silverstone-ai.com/path-to-image.jpg"", ""description"": ""For hospitality owners, the real question is not whether AI matters. It is where t"
247,Seo,Add FAQ section to improve generative engine visibility,Easy,True,False,SCHEMA|FAQ|THIN,RC-01|RC-02|RC-05,obsolete-advice,high,1,/blog/conversion-focused-website-planning,+15 pts,,431a437e08e93071,3,"For a UK small business audience searching 'how to plan a conversion-focused website,' FAQ snippets in AI overviews can drive 2-3x more featured snippet visibility. Lacking this pattern reduces discoverability in ChatGPT, Perplexity, and Google AI results.","Add an H2 heading 'Frequently Asked Questions' after the last body section, before the 'Continue Exploring' section.Place it above the final promotional sections to keep relevance high. Write 3-5 questions that address common buyer doubts: e.g., 'How much does a conversion-focused website cost?', 'How long does a typical web design project take?', 'Do you offer post-launch SEO support?'Answers should be 30-60 words each, concise and actionable. Mark up the FAQ with Schema.org FAQPage structured data for rich results.Use JSON-LD format; schema type 'FAQPage' with mainEntity array of Question it"
248,Seo,Add FAQPage schema to boost AI visibility for /blog/content-creation-system,Easy,False,False,H1_DUPLICATE|SCHEMA|FAQ,RC-02|RC-04|RC-05,confirmed-runtime,high,1,/blog/content-creation-system-should-build-not,+15 pts,,b66f3674767ea266,2,"For an AI & ML site targeting worldwide, missing FAQ schema means lower eligibility for rich snippets and AI-generated summaries, reducing organic CTR and AI referral traffic by an estimated 15-20% for FAQ-rich queries.","Fix H1 conflict so it matches article title, then add FAQPage schema for the Q&A sections.Adjust the H1 to reflect the article topic, then implement structured data for each FAQ pair. Update H1 from 'Customize your cookie preferences' to 'Content Systems for UK Small Businesses | Silverstone AI'. Wrap each FAQ section with <div> tags containing itemprop and schema markup, or use JSON-LD in the <head>.Create a JSON-LD block listing mainEntity as Question/Answer pairs from the article. { ""@context"": ""https://schema.org"", ""@type"": ""FAQPage"", ""mainEntity"": [{ ""@type"": ""Question"", ""name"": ""Why most"
249,Seo,Add structured data tables to /services/ai-consulting for AI-readiness,Medium,False,False,SCHEMA|CITATION|TABLE,RC-02|RC-07,recommendation-only,high,1,/services/ai-consulting,+15 pts,,4e265111de2a56a5,3,"For a B2B AI consulting service targeting worldwide decision-makers, missing tables reduces clarity on offerings vs. competitors, lowering conversion potential and AI citation likelihood.","Add a comparison table showing 'Build vs. Buy vs. Customize' with columns: Criteria, Build, Buy, Customize and rows: Time, Cost, Control, Risk, Scalability. Add a data table summarizing 'What you receive' with columns: Service, Description, Deliverable, Timeline (e.g., Opportunity audit, Readiness testing, etc.)."
250,Seo,Add meta description to /book and include authoritative citations,Easy,False,False,META_DESC|FAQ|THIN|CITATION,RC-01|RC-05|RC-07,obsolete-advice,high,1,/book,+10 pts,,fa8d41a8882b49bf,3,"Missing meta description reduces CTR by an estimated 8-12% on commercial-intent queries. Low citation density weakens credibility with AI-powered search engines (ChatGPT, Perplexity, Google AI), potentially lowering visibility in generative answers.","Add a meta description of 140-160 characters summarizing the discovery call value and CTAs.Include keywords like 'AI consultation', '30-minute call', 'process automation'. Add 2-3 links to authoritative sources to support claims about GDPR, automation, or AI best practices.For example, link to ICO guidelines for GDPR, or a reputable research paper on AI in business processes. Consider adding FAQ or testimonial sections to increase word count and natural citation opportunities."
251,Seo,Add Article schema markup to blog post for AI search visibility,Easy,False,False,SCHEMA|THIN|DATES,RC-01|RC-02,refuted-live,high,1,/blog/content-creation-system-should-build-not,+12 pts,,de134526089e3140,3,"For an AI/ml site targeting worldwide audience and AI search engines (ChatGPT, Perplexity, Google AI), missing Article schema reduces the chance of appearing in AI-generated summaries and featured snippets. Competitors with markup gain 2-5x more visibility in generative search results.","Add JSON-LD Article schema to the <head> of the page with required fields: @context, @type, headline, author, datePublished, dateModified, image, description.Use the existing page data: title 'Content Systems for UK Small Businesses | Silverstone AI', date '16 July 2026', word count 1438, and author name (Silverstone AI or individual if known). See fix_examples for full code."
252,Seo,"Rewrite opening to deliver a clear, direct answer in first 150 words",Easy,False,False,META_DESC|H1_DUPLICATE|THIN|CITATION|TITLE_TAG|VALUEPROP,RC-01|RC-04|RC-06|RC-07,confirmed-3p-mutation,high,1,/blog/conversion-focused-website-planning,+30 pts,,fbec12d04de66e32,1,"AI overviews and voice search favour concise, direct answers. Missing a clear upfront definition reduces visibility in featured snippets and chatbot citations by an estimated 30-50% for informational queries, directly affecting organic traffic to this article.","Replace the first 150 words with a single, clear sentence or short paragraph that directly answers the core question implied by the title (e.g., 'What is conversion-focused web design?'). Start with that definition, then continue with the article content. Update the H1 tag to match the page title (e.g., 'Conversion-Focused Web Design for UK Small Businesses') instead of the current cookie preference heading. Ensure the meta description is added (should be 140-160 characters) and includes the core value proposition and target keywords."
253,Seo,Add meta description and schema markup to /ai-consulting,Easy,False,False,META_DESC|SCHEMA,RC-01|RC-02,refuted-live,high,1,/services/ai-consulting,+15 pts,,400f7719b1e32c39,3,"Service pages for AI consulting target high-intent commercial queries; missing meta description reduces organic CTR by 8-12%. Lack of schema means AI engines (ChatGPT, Perplexity, Google AI) may poorly represent this page, missing out on growing AI-driven search traffic.","Write a meta description of 140-160 characters summarizing the consulting service with key benefits.Include phrasing like 'independent view', 'prioritised roadmap', 'build-versus-buy analysis' to match body content. Get an independent AI & automation consulting view before committing budget. 60% average ops reduction. UK-based, GDPR-conscious. Prioritise use cases, test readiness, decide build vs buy. Add JSON-LD WebPage schema to the page head.Use WebPage schema with description, name, and breadcrumb. Optionally add Service schema. <script type=""application/ld+json"">{""@context"": ""https://sche"
254,Seo,Add key takeaways summary and fix meta description & H1,Easy,False,False,META_DESC|H1_DUPLICATE|READABILITY|CITATION|COOKIE_H1|TLDR|VALUEPROP,RC-01|RC-03|RC-04|RC-07,confirmed-runtime,high,1,/blog/salon-barber-ai-guide,+15 pts,,b18fcedb9d7646d6,2,"Salon owners searching for AI solutions expect a clear, scannable overview. Without meta description, CTR on branded queries may drop. Without a key takeaways section, the page is less likely to be cited in AI search results, reducing organic visibility among tech-savvy salon owners.","Change the H1 from 'Customize your cookie preferences' to 'AI for UK Salons and Barbers: A Practical Guide'.The current H1 is likely a cookie banner heading; the real page heading should match the article title and be placed in the <h1> tag. Replace the cookie banner heading with the correct H1. Write a meta description of 150-160 characters summarizing the article's value proposition.Include key phrases: UK salons, barbers, AI, automation, booking, avoid mistakes. Learn how UK salons and barbers can use AI for booking, follow-ups, and operations without losing the human touch. Avoid common sy"
255,Seo,Add 'Key Takeaways' section to align with AI citation patterns,Easy,False,False,READABILITY|CITATION,RC-07,recommendation-only,high,1,/blog/ai-receptionist-setup-guide,+20 pts,,1288dfb033e2b7a4,3,"Silverstone AI's target audience researches AI receptionist solutions via AI assistants. Without a crisp summary, the article is 30-50% less likely to be cited in AI overviews, reducing organic discovery among UK business decision-makers.","Create a 'Key Takeaways' box at the top of the article, between the title and the introduction.Use a visually distinct box (e.g., grey background, icon) with 4-5 bullet points summarizing the core recommendations. Ensure it is machine-readable and above the fold. <div class='key-takeaways'><h3>Key Takeaways</h3><ul><li>Define scope, privacy boundaries and exception ownership before buying.</li><li>Booking, CRM, channel context and named human escalation matter more than a polished demo.</li><li>A useful AI receptionist is a controlled front desk, not just a voice layer.</li></ul></div> Add a '"
256,Seo,Add meta description and schema markup to /book (conversion page),Easy,True,False,META_DESC|SCHEMA|CITATION|VALUEPROP,RC-01|RC-02|RC-07,recommendation-only,high,1,/book,+15 pts,,a3d823db132e4c59,3,"For a B2B technology services site, discovery call bookings are a primary conversion; a clear meta description can improve CTR by 8-12% on commercial-intent queries, while schema markup increases eligibility for rich results and AI-engine citations.","Write a 140-155 character meta description that summarizes the call's purpose and value proposition. Implement JSON-LD structured data (Article schema if the page is considered an article, or WebPage schema) matching the content type."
257,Seo,Add FAQ section and meta description to AI Consulting page,Easy,True,False,META_DESC|SCHEMA|FAQ,RC-01|RC-02|RC-05,obsolete-advice,high,1,/services/ai-consulting,+30 pts,,4c7f82397e1fd8b7,3,"For a technology consulting firm targeting worldwide clients, missing meta description reduces organic CTR by 8-12% on branded and consultative queries. Zero FAQ coverage means AI overviews (ChatGPT, Perplexity, Google AI) ignore the page, losing visibility on 30%+ of generative search traffic.","Add meta descriptionWrite a 150-160 character description summarizing the independent decision layer, benefits, and call to action. Independent AI consulting: prioritise use cases, test readiness, build vs buy. 60% avg ops reduction. UK-based, human-reviewed. Get your roadmap. Add FAQ sectionInsert a FAQ section near the bottom with structured data (FAQPage schema) containing 3-5 questions. 1. What is AI consulting from Silverstone? 2. How is Silverstone independent? 3. What results can I expect? 4. How does delivery work? 5. What industries do you serve?"
258,Seo,Add H1 and meta description to salon-barber-ai-guide,Easy,True,False,META_DESC|H1_DUPLICATE,RC-01|RC-04,confirmed-runtime,high,1,/blog/salon-barber-ai-guide,+10 pts,,eca9a63f7ddd118b,2,"For a technology/AI site targeting UK salons, missing meta description lowers organic CTR by 8-12%. Incorrect H1 misleads search engines about the page topic, potentially reducing rankings for commercial-intent queries like 'AI for salons UK'.","Add a meta description of 140-160 characters summarizing the article's value for salon and barber owners.Include key benefits: practical AI uses, workflow automation, common mistakes. Change the H1 from 'Customize your cookie preferences' to a headline matching the article topic, e.g., 'AI for UK Salons and Barbers: A Practical Guide'.Ensure the H1 is relevant and descriptive."
259,Seo,Add FAQPage schema to article FAQ section for rich results,Easy,False,False,H1_DUPLICATE|SCHEMA|FAQ,RC-02|RC-04|RC-05,confirmed-runtime,high,1,/blog/ai-receptionist-setup-guide,+15 pts,,d97640062eb37234,2,"For a UK-targeting AI/ML tech site, FAQ rich snippets can increase organic CTR by 15-30% on informational queries. Without them, competitors with FAQPage markup may gain visibility in Google and AI overviews.","Add FAQPage schema markup to the article's FAQ section.Use JSON-LD format within the <head> or <body>. Include all question-answer pairs from the content. <!-- FAQPage schema example --> <script type=""application/ld+json""> { ""@context"": ""https://schema.org"", ""@type"": ""FAQPage"", ""mainEntity"": [ { ""@type"": ""Question"", ""name"": ""What should an AI receptionist do?"", ""acceptedAnswer"": { ""@type"": ""Answer"", ""text"": ""Handle repeatable, low-risk, front-door tasks: opening hours, location details, service categories, availability checks against a live booking source, basic qualification questions, messag"
260,Seo,Add FAQ section and meta description to booking page,Easy,False,False,META_DESC|SCHEMA|FAQ,RC-01|RC-02|RC-05,obsolete-advice,high,1,/book,+25 pts,,d35c55736084953e,3,"For a UK-based AI consultancy targeting worldwide leads, a missing meta description can reduce CTR by 8-12% on commercial-intent queries. Without FAQ content, the page misses visibility in AI overviews and voice answers for common prospect questions like 'Is now the right time for AI?'.","Write a 140-160 character meta description summarizing the call's value and process. Add an FAQ section with 3-5 common questions and concise answers, targeting queries like 'Is now the right time for AI?', 'What happens in a discovery call?', 'How long does it take?'. Structure the FAQ with proper FAQPage schema markup."
261,Seo,Add meta description and TL;DR summary to /services/ai-automation,Easy,False,False,META_DESC|TLDR|VALUEPROP,RC-01|RC-07,recommendation-only,high,1,/services/ai-automation,+30 pts,,be44d2f73e471594,3,"Missing meta description reduces organic CTR by an estimated 8-12% for a service page targeting AI automation queries. The absence of a digestible summary makes it harder for AI assistants (like ChatGPT, Perplexity) to extract and surface key information, potentially losing referral traffic from AI-driven discovery.","Write and add a meta description of 140-160 characters summarizing the page's value proposition.Include keywords like 'AI automation', 'workflow automation', 'handoffs', custom. Mention 98% document extraction accuracy and 2-4 week deployment. Silverstone AI delivers custom workflow automation that handles handoffs between systems with AI judgement. 98% extraction accuracy. Live in 2-4 weeks. UK-based. Add a 'Key Takeaways' box near the top or bottom of the page content.Extract 4-5 bullet points from the existing copy that convey the core offer, differentiators, and results. Key Takeaways: - C"
262,Seo,Add FAQPage schema to /blog/salon-barber-ai-guide,Easy,True,False,SCHEMA|FAQ|TLDR,RC-02|RC-05|RC-07,obsolete-advice,high,1,/blog/salon-barber-ai-guide,+25 pts,,6c5249c13be96375,3,This article targets UK salon/barber owners searching for AI implementation advice. FAQ rich snippets can increase CTR by 20-30% for informational queries and improve presence in Google AI overviews and Perplexity/chatGPT answer boxes.,"Identify the FAQ-style question-answer pairs in the article body (e.g., 'Where AI actually fits', 'Common mistakes', 'What to build first').Look for subheadings that pose questions or list items that can be reframed as Q&A pairs. Most owners do not need an 'AI strategy'. They need fewer gaps... Add structured data in JSON-LD format to the page's <head> with FAQPage schema containing each main question and its answer.Ensure each MainEntity is a Question (name, acceptedAnswer/Answer text). Wrap the script in <script type=""application/ld+json"">. { ""@context"": ""https://schema.org"", ""@type"": ""FAQPa"
263,Seo,Add TL;DR/key takeaways section for AI citation readiness,Easy,False,False,H1_DUPLICATE|CITATION|TLDR,RC-04|RC-07,confirmed-runtime,high,1,/blog/ai-automation-consulting-guide,+15 pts,,d73bbd561f84ea06,2,"UK small business owners using AI assistants for research may miss this content entirely, reducing organic traffic from AI-driven queries and lowering the site's authority in the UK market.","Insert a 'Key Takeaways' box immediately after the H1 or at the top of the article body, listing 3-5 bullet points that summarize the article. Wrap the box in a <div> with a class like 'key-takeaways' and ensure it uses semantic HTML (e.g., <ul> with <li> items) for better AI parsing."
264,Seo,Add external citations to /blog/ai-receptionist-setup-guide,Easy,False,False,CITATION,RC-07,recommendation-only,high,1,/blog/ai-receptionist-setup-guide,+15 pts,,7cd531b4d37e22fa,3,"Readers in the AI/ML space expect data-backed arguments. Without citations, the article may be dismissed as opinion, reducing engagement and backlinks. This also limits visibility in AI overviews where Google rewards cited content.","Identify 3-4 authoritative sources (e.g., Gartner, McKinsey, academic papers, or reputable case studies) that support key claims about AI receptionist effectiveness, booking system integration, or UK small business automation trends. Add inline hyperlinks to these sources at relevant points in the article, such as when discussing 'approved rules,' 'live booking source,' or 'human handoff logic.' If possible, include a 'References' section at the end of the article listing the cited sources."
265,Seo,Add meta description to /services/ai-automation (missing -> optimize for AI automation queries),Medium,False,False,META_DESC|SCHEMA|FAQ|THIN|CITATION|TABLE|VALUEPROP,RC-01|RC-02|RC-05|RC-07,obsolete-advice,high,1,/services/ai-automation,+40 pts,,92d1c67c63b7f3d1,3,"AI automation service pages target high-intent searchers evaluating vendors. Missing meta descriptions can reduce CTR by 8-12%. Thin content (487 words) may cause Google AI to not cite the page for featured snippets or AI overviews. Without structured data, AI systems cannot parse comparisons or key facts directly, reducing visibility in AI search results.","Write a meta description of 150-160 characters that includes target keywords like 'AI automation agency UK', 'workflow automation', and a CTA.Focus on value proposition: custom workflows, human-reviewed AI, 2-4 week deployment. Silverstone AI: custom workflow & AI automation agency UK. We build human-reviewed automations live in 2-4 weeks. GDPR-conscious, London-based. Expand page content to 800-1000 words, adding detailed sections: 'How It Works' step-by-step, industry-specific use cases, and a clear pricing or scoping process.Current body repeats similar phrases; add concrete examples of aut"
266,Seo,Fix H1 and meta description on AI automation consulting guide,Easy,True,False,META_DESC|H1_DUPLICATE|COOKIE_H1,RC-01|RC-03|RC-04,confirmed-runtime,high,1,/blog/ai-automation-consulting-guide,+15 pts,,96ee48986ccd7a5d,2,"Missing meta description reduces organic CTR by an estimated 8–12% for target queries. Wrong H1 confuses search engines and users, harming topical relevance and rankings.",Set H1 to the correct page topic: 'AI & Automation Consulting for UK Small Businesses'.Ensure the cookie banner does not override the page H1. Use a theme/plugin that keeps H1 intact. Write a meta description of 140–160 characters summarizing the article's value for UK small businesses.
267,Seo,Add Article schema markup + fix missing meta description & H1,Easy,True,False,META_DESC|H1_DUPLICATE|SCHEMA|DATES|COOKIE_H1,RC-01|RC-02|RC-03|RC-04,confirmed-runtime,high,1,/blog/salon-barber-ai-guide,+40 pts,,624664667d184796,2,"UK salons and barbers searching for 'AI for salons UK' will see auto-generated snippets from cookie text, lowering CTR. Without schema, the page may not appear in AI overviews, losing ~40% of potential traffic from generative search engines (ChatGPT, Perplexity, Google AI).","Replace the H1 from 'Customize your cookie preferences' to 'AI for UK Salons and Barbers: A Practical Guide'.The current H1 is from a cookie consent widget; should be the article title. Change <h1>Customize your cookie preferences</h1> to <h1>AI for UK Salons and Barbers: A Practical Guide</h1> Add a meta description of 140–160 characters summarizing the article value for UK salon owners.Include target keywords: UK salons, barber shops, AI automation, practical steps. Learn how AI fits into UK salon and barber operations: booking automation, rebooking flow, and common mistakes. Practical guide"
268,Seo,Add JSON-LD Article schema to /ai-receptionist-setup-guide,Easy,True,False,SCHEMA|DATES,RC-02,refuted-live,high,1,/blog/ai-receptionist-setup-guide,+15 pts,,954346042424ef94,3,AI-driven search engines and Google's generative search rely on structured data to extract and surface key information. Missing schema can reduce click-through rates and visibility for high-intent queries like 'AI receptionist setup guide UK'. Competitors with proper markup are more likely to appear in rich snippets and AI overviews.,"Add JSON-LD Article structured data to the <head> of the page.Include properties: @context, @type (Article), headline, description, author, datePublished, dateModified, image, publisher. <script type=""application/ld+json""> { ""@context"": ""https://schema.org"", ""@type"": ""Article"", ""headline"": ""AI Receptionist UK: What to Set Up Before You Buy"", ""description"": ""A useful AI receptionist is a controlled front desk, not just a voice layer. UK small businesses should define scope, privacy boundaries and exception ownership before they buy."", ""author"": { ""@type"": ""Person"", ""name"": ""Silverstone AI"" }, """
269,Seo,Add JSON-LD structured data to /services/ai-automation,Easy,True,False,SCHEMA,RC-02,refuted-live,high,1,/services/ai-automation,+30 pts,,19106b65887e4464,3,Missing structured data reduces click-through rates and AI visibility for key commercial queries. Rich snippets can boost CTR by 20-30% for service pages.,"Identify the most appropriate schema types for this page (WebPage, Service, Organization).Given the page is a service offering (AI automation), consider using Service schema in combination with WebPage. Create a JSON-LD block for WebPage schema with name, description, URL, and breadcrumb.Include fields like 'name', 'description', 'url', 'breadcrumb'. Add Service schema to describe the automation service, including name, description, provider, serviceType.Provider is Silverstone AI; serviceType could include custom workflows, AI integration, etc."
270,Seo,Add pricing comparison tables and meta description to /pricing,Medium,False,False,META_DESC|SCHEMA|TABLE,RC-01|RC-02|RC-07,recommendation-only,high,1,/pricing,+30 pts,,21b5eb09c8642e3b,3,"Potential customers seeking pricing information cannot find ranges or packages, leading to lost leads. AI overviews may ignore the page due to lack of structured data.","Write a 150-160 character meta description summarizing the bespoke pricing philosophy and encouraging discovery.Include keywords like 'custom AI pricing', 'bespoke solutions', 'London-based'. Silverstone AI prices the problem, not the package. Get a bespoke quote after discovery. London-based, GDPR-conscious. Add a comparison table or data table to present the four engagement structures (Strategic definition, Focused first release, Integrated programme, Ongoing evolution) with typical scope, deliverables, and indicative timeline.Use HTML table with columns: Engagement Type, Scope, Deliverables"
271,Seo,Add structured comparison tables and missing meta description to /industry/salons-barbers,Easy,False,False,META_DESC|TABLE,RC-01|RC-07,recommendation-only,high,1,/industry/salons-barbers,+20 pts,,cca4a07dfb707aa8,3,"Salon and barber owners searching for automation solutions need quick comparisons. Without structured tables, the page underperforms in AI overviews and search snippets, losing booking-driven leads to competitors.","Write a meta description of 140-160 characters summarizing the page's value for salon/barber automation.Include key terms: bookings, cancellations, waitlist, rebooking. Automate salon bookings, cancellations, and rebooking with Silverstone. Reduce empty chairs and recover revenue. Built for UK salons and barbers. Add a comparison table showing Silverstone vs. manual/other tools on key features.Include rows: Missed call capture, Cancellation refill speed, Rebooking cadence, Patch test tracking, GDPR compliance. Feature | Silverstone | Manual | Competitor X --- | --- | --- | --- Missed call capt"
272,Seo,Add meta description and JSON-LD schema to /pricing,Easy,False,False,META_DESC|SCHEMA,RC-01|RC-02,refuted-live,high,1,/pricing,+15 pts,,7bc6cbf1e96bda00,3,"Pricing pages are high-intent for B2B tech buyers; missing meta description can reduce CTR by 8-12%. No schema limits visibility in Google AI Overviews and Perplexity, directly reducing leads.","Add a meta description of 140-160 characters summarizing the bespoke pricing approach and four-component structure.Use action-oriented language that encourages clicks: 'Learn how Silverstone AI prices projects by problem, scope, and execution standard. No rate cards – pricing follows discovery. Get a written proposal.' Silverstone AI prices the problem, not the package. See how we scope and cost bespoke AI systems across four components. Free discovery. Add JSON-LD structured data using WebPage schema with appropriate properties.Include name, description, breadcrumb, and about fields. Optional"
273,Seo,Add JSON-LD structured data (FAQ & WebPage schemas) to /industry/salons-barbers,Medium,False,False,SCHEMA|FAQ,RC-02|RC-05,obsolete-advice,high,1,/industry/salons-barbers,+25 pts,,d32c93aa10e030c3,3,"For a UK-based salon automation SaaS targeting local business owners, rich results (FAQ carousels, AI overviews) can increase CTR by 15-30% on commercial-intent queries. Without schema, this page loses visibility to competitors who use structured data, especially on AI-driven platforms like ChatGPT and Perplexity which rely on schema for extraction.","Add WebPage schema as the base type with JSON-LD in the <head>.Include properties: @type, name, description, url, inLanguage, about (industry/topic). Add FAQPage schema containing all question-answer pairs from the H2 and body content.Identify each H2 as a question and map the preceding paragraph(s) as the answer. Example: 'A full diary canstill leak revenue' -> answer from the paragraph starting 'Calls ring out mid-service...'. Validate the JSON-LD using Google's Rich Results Test before deploying.Ensure no syntax errors and that each question-answer pair is marked correctly."
274,Seo,Add JSON-LD structured data (Article schema) to /ai-automation-consulting-guide,Easy,True,False,SCHEMA|DATES,RC-02,refuted-live,high,1,/blog/ai-automation-consulting-guide,+15 pts,,62afeb71d3610dc6,3,"Without structured data, the page is less likely to appear as a rich result in Google Search, reducing click-through rates for AI and automation queries targeting UK small businesses.","Add Article JSON-LD structured data to the page's <head>.Include properties: @context, @type, headline, description, author, datePublished, dateModified, publisher, mainEntityOfPage. { ""@context"": ""https://schema.org"", ""@type"": ""Article"", ""headline"": ""AI & Automation Consulting for UK Small Businesses"", ""description"": ""Learn which workflows deserve automation first, where AI helps, and how to assess readiness before investing."", ""author"": { ""@type"": ""Organization"", ""name"": ""Silverstone AI"" }, ""datePublished"": ""2026-07-10"", ""dateModified"": ""2026-07-10"", ""publisher"": { ""@type"": ""Organization"", """
275,Seo,Add external citations to /industry/fitness-coaches (0 references per 500 words),Easy,False,False,SCHEMA|THIN|CITATION,RC-01|RC-02|RC-07,recommendation-only,high,1,/industry/fitness-coaches,+10 pts,,1499fadf0e4a397f,3,"Fitness coaches researching automation tools rely on authoritative sources. Missing citations reduces trust and lowers ranking in AI-powered search engines (ChatGPT, Perplexity) by ~10 points, potentially losing leads to competitors with cited content.","Add at least 2-3 external citations pointing to UK-based fitness coaching standards or data.Identify relevant sources such as the UK Register of Exercise Professionals (REPs), NHS guidelines on coaching, or studies on small business automation adoption. Distribute citations naturally within the Q&A sections ('Questions coaches ask' or 'From DM to consultation').For example, after mentioning 'Health decisions stay entirely yours', link to a source about UK healthcare data regulations. Update schema to include Citation or Review markup for cited sources.Use schema.org/Citation or http://schema.o"
276,Seo,Add missing meta description to /pricing,Easy,True,False,META_DESC|VALUEPROP,RC-01|RC-07,recommendation-only,high,1,/pricing,+8 pts,,a7e6e1cfcd17d00a,3,"Pricing pages are key decision points for B2B technology buyers. A missing meta description can reduce CTR by 8-12% on commercial queries, directly impacting lead generation for custom AI solutions.",Write a meta description of 150-160 characters summarizing the value proposition and the discovery-first pricing model. Insert the meta tag into the <head> section of the page.
277,Seo,Add FAQ section to increase GEO score (currently 31.7/100),Easy,False,False,SCHEMA|FAQ,RC-02|RC-05,obsolete-advice,high,1,/blog/ai-automation-consulting-guide,+20 pts,,0806437ecffad31d,3,"For a worldwide AI audience, AI-driven search engines (ChatGPT, Perplexity, Google AI) frequently pull from FAQ sections. Adding FAQs can boost GEO score from 31.7 to over 50, improving visibility in AI search results and driving qualified traffic.","Create an FAQ section with 3-5 questions based on the article's existing content and target keywords.Focus on questions like: 'What should I automate first in my small business?', 'Where does AI help vs rules?', 'How do I know if my business is ready for automation?' ## Frequently Asked Questions ### What should I automate first in my small business? Start with enquiries, bookings, follow-ups, and admin tasks. These have high repeatability and clear ROI. Place the FAQ section after the 'How to choose the right next step' section, before 'Continue Exploring'.Use schema.org/FAQPage markup to enh"
278,Seo,Add structured FAQ section to /salons-barbers page (currently missing),Easy,False,False,SCHEMA|FAQ,RC-02|RC-05,obsolete-advice,high,1,/industry/salons-barbers,+15 pts,,bfa4075e4e3b5c26,3,"Salon and barbershop owners searching for automation solutions increasingly see AI-generated summaries. A missing FAQ section means Silverstone loses visibility in those summaries, reducing click-through and demo requests from high-intent prospects.","Add 3-5 real FAQs beneath the 'Common questions' H2 heading, each with a question (<h3>) and a concise answer (<p>).Focus on objections and common queries: pricing, integration, setup time, GDPR, cancellation handling. <h3>How does Silverstone integrate with my existing diary system?</h3><p>Silverstone connects to the diary you already use — no data migration required. We map your existing rules and deploy alongside your current setup.</p> Implement FAQPage schema markup for the newly added FAQs.Use structured data in JSON-LD format. Add it to the page <head> or just before closing </body>. { "
279,Seo,Rewrite pricing page intro to give a direct answer + add meta description,Easy,False,False,META_DESC|THIN|VALUEPROP,RC-01|RC-07,recommendation-only,high,1,/pricing,+30 pts,,47ee57ea481c6697,3,"Pricing pages for B2B AI services are high-intent; a clear answer in the first 150 words can increase AI-driven clicks by 20-30%. Without it, the page loses to competitors in AI overviews and featured snippets.","Replace the opening 150 words with a clear, concise answer: explain that pricing is bespoke, based on problem scope, and that you offer a free discovery call.The current intro ('No generic packages…') is vague. Start with something like: 'Silverstone AI pricing is bespoke — we scope each project after understanding your systems, risks, and commercial objectives.' Silverstone AI offers bespoke pricing tailored to your specific needs. After a free discovery call, we provide a written proposal with a clear scope and cost. No generic packages, no hidden fees. Add a meta description of 140–160 char"
280,Seo,Add structured data to fitness coaches page for AI visibility,Easy,False,False,SCHEMA|FAQ|THIN|TABLE,RC-01|RC-02|RC-05|RC-07,obsolete-advice,high,1,/industry/fitness-coaches,+35 pts,,9ad0ca08e85257a4,3,"Online fitness coaches searching for automation solutions expect quick comparisons. Without structured data, the page is invisible in AI Overviews, losing 60-70% of organic visibility for high-intent queries like 'automation for fitness coaches UK'. This directly reduces lead generation for Silverstone.","Add FAQPage schema markup for the 'Questions coaches ask' section.Wrap each question-answer pair in structured JSON-LD format. This allows search engines and AI to pull direct answers. { ""@context"": ""https://schema.org"", ""@type"": ""FAQPage"", ""mainEntity"": [{ ""@type"": ""Question"", ""name"": ""How does Silverstone qualify leads?"", ""acceptedAnswer"": { ""@type"": ""Answer"", ""text"": ""Every DM is qualified transparently in seconds, and consultations are booked from real calendar capacity."" } }] } Add a comparison table comparing Silverstone vs. manual methods.Keep content under 1000 words but add a table wi"
281,Seo,Add key takeaways section to hospitality automation guide for AI citations,Easy,False,False,H1_DUPLICATE|CITATION|TLDR,RC-04|RC-07,confirmed-runtime,high,1,/blog/hospitality-automation-guide,+15 pts,,87f85811d06c15a0,2,"For a UK hospitality audience, missing summary boxes reduces chances of being featured in AI overviews, potentially losing referral traffic and credibility.",Add a 'Key Takeaways' section after the H1 with a bulleted list summarizing the article's main points. Place a second summary box at the bottom of the article for easy reference.
282,Seo,Add FAQPage schema to hospitality automation article for rich results,Easy,True,False,SCHEMA|FAQ,RC-02|RC-05,obsolete-advice,high,1,/blog/hospitality-automation-guide,+15 pts,,3daa7b7ef68b4b2c,3,"FAQ rich results can increase CTR by 10-15% on informational queries, especially for UK small business owners seeking automation guidance. Missing this markup reduces visibility in both Google and AI overviews.","Wrap the FAQ section in FAQPage schema markup using JSON-LD.Identify each question (e.g., H3 or bolded text) and answer (next paragraph). Add JSON-LD snippet with @type: 'FAQPage' and mainEntity array. Add schema to the page <head> or end of body.Place the JSON-LD script tag appropriately."
283,Seo,Add FAQ schema and meta description to /industry/fitness-coaches,Easy,True,False,META_DESC|SCHEMA|FAQ,RC-01|RC-02|RC-05,obsolete-advice,high,1,/industry/fitness-coaches,+15 pts,,92916d2650d81d76,3,"Fitness coaches searching for automation solutions expect quick answers. Without FAQ schema, the page is invisible to AI overviews and voice search, reducing lead generation potential. A meta description can improve CTR by 5-8%.","Add FAQPage JSON-LD structured data in the <head> matching the questions and answers on the page. Write a meta description (140-160 chars) summarizing the page: automation for fitness coaches to manage DMs, bookings, and onboarding."
284,Seo,"Fix H1, add meta description, and add citations to hospitality guide",Easy,False,False,META_DESC|H1_DUPLICATE|CITATION,RC-01|RC-04|RC-07,confirmed-runtime,high,1,/blog/hospitality-automation-guide,+20 pts,,5a7cd33866c64932,2,"Missing meta description reduces CTR; wrong H1 confuses users and harms topical relevance; no citations weaken trust with AI-assisted search and readers, potentially losing bookings and leads.","Change the H1 from 'Customize your cookie preferences' to a title that matches the article topic. Hospitality Automation for UK Small Businesses Add a meta description of 150-160 characters summarizing the article's value. Discover how UK hospitality small businesses can automate workflows, reduce friction, and boost bookings with Silverstone AI's practical guide. Add 3-5 external citations to authoritative sources (e.g., industry reports, statistics) to support claims.Link to reputable sites such as UKHospitality, Forbes, or academic sources on automation."
285,Seo,Add meta description and fix H1 mismatch on blog article,Easy,True,False,META_DESC|H1_DUPLICATE|COOKIE_H1|VALUEPROP,RC-01|RC-03|RC-04|RC-07,confirmed-runtime,high,1,/blog/ai-automation-consulting-smarter-operating-system,+15 pts,,ad0e970e684c279b,2,"For an AI consulting article targeting UK small businesses, a missing meta description reduces organic CTR by 8-12%, especially for commercial-intent queries. The wrong H1 confuses users and search engines, potentially lowering rankings for key terms like 'AI consulting UK'.","Add meta description (140-160 characters) summarizing the article's value proposition for UK small businesses. Change the H1 tag to reflect the article's main topic, e.g., 'AI & Automation Consulting for a Smarter Small Business Operating System'. Investigate the cookie consent plugin to prevent it from overriding the page's H1."
286,Seo,Add structured FAQ section to fitness coaches page,Medium,False,False,SCHEMA|FAQ,RC-02|RC-05,obsolete-advice,high,1,/industry/fitness-coaches,+30 pts,,d63624476c14b1fb,3,"Fitness coaches researching automation tools are likely to search via AI assistants. Without explicit FAQ content, Silverstone misses opportunities to appear in direct answers, reducing lead quality and consultation bookings.","Add a visible FAQ section with 3-5 common questions and concise answers.Extract questions from the 'Questions coaches ask' section and write clear, factual answers. Place the section after the main content but before the footer. <section><h2>Questions coaches ask</h2><div itemscope itemtype=""https://schema.org/FAQPage""><div itemscope itemprop=""mainEntity"" itemtype=""https://schema.org/Question""><h3 itemprop=""name"">How does Silverstone handle client health data?</h3><div itemscope itemprop=""acceptedAnswer"" itemtype=""https://schema.org/Answer""><p itemprop=""text"">Silverstone never automates health"
287,Seo,Add meta description and structured data to blog category page,Easy,True,False,META_DESC|SCHEMA,RC-01|RC-02,refuted-live,high,1,/blog,+15 pts,,0ab5cbf694aecb49,3,"For a tech AI site targeting worldwide audience, missing meta description reduces organic CTR by 8-12% on informational queries. Missing schema means no rich snippets in search, further lowering click-through rates for a page that serves as the hub for all blog content.","Add a compelling meta description (140-160 chars) that summarizes the blog library and entices clicks.Include keywords like 'AI guides', 'practical analysis', 'technology decisions'. Practical AI and digital guides for leaders. Browse by service or industry to sharpen your next technology decision. Start with the latest briefings. Implement JSON-LD structured data with BlogPosting or CollectionPage schema.Use WebPage schema with breadcrumb and mainEntityOfPage. For articles listed, mark them as BlogPosting. { ""@context"": ""https://schema.org"", ""@type"": ""CollectionPage"", ""name"": ""Practical AI an"
288,Seo,Add JSON-LD Article schema and meta description to hospitality guide,Easy,True,False,META_DESC|H1_DUPLICATE|SCHEMA|DATES|VALUEPROP,RC-01|RC-02|RC-04|RC-07,confirmed-runtime,high,1,/blog/hospitality-automation-guide,+15 pts,,41c532c3d18abd71,2,"Without schema, this article is invisible to AI overviews and knowledge panels. For a B2B tech audience searching for hospitality automation, this means missed leads and lower credibility vs. competitors with rich snippets.","Fix the H1 — replace 'Customize your cookie preferences' with 'Hospitality Automation for UK Small Businesses' to match the title. Add a meta description of 140-160 characters summarizing the guide's value proposition. Implement JSON-LD Article schema using the following structure: @context, @type: Article, headline, description, author, datePublished, publisher."
289,Seo,Add JSON-LD Article schema to AI consulting blog post,Easy,True,False,H1_DUPLICATE|SCHEMA|DATES|COOKIE_H1,RC-02|RC-03|RC-04,confirmed-runtime,high,1,/blog/ai-automation-consulting-smarter-operating-system,+15 pts,,a7c528b0e6409c15,2,"Without Article schema, this content may miss rich snippets in search results (e.g., author, publish date, headline), reducing CTR. For a technology/AI site targeting UK small businesses, schema helps establish authority and can improve visibility in AI-driven search engines like ChatGPT and Perplexity (current geo_readiness scores: 35.2 and 28.5).","Add JSON-LD Article structured data to the page's <head> section.Include properties: @context, @type, headline, author, datePublished, dateModified, image, description, publisher. <script type=""application/ld+json""> { ""@context"": ""https://schema.org"", ""@type"": ""Article"", ""headline"": ""AI Consulting UK: A Smarter Small Business Operating System"", ""author"": { ""@type"": ""Organization"", ""name"": ""Silverstone AI"" }, ""publisher"": { ""@type"": ""Organization"", ""name"": ""Silverstone AI"" }, ""datePublished"": ""2026-07-15"", ""dateModified"": ""2026-07-15"", ""description"": ""Learn what AI and automation consulting sho"
290,Seo,Add meta description and TL;DR section to /services/content-creation,Easy,True,False,META_DESC|TLDR,RC-01|RC-07,recommendation-only,high,1,/services/content-creation,+15 pts,,7d91c83aeffaa2ce,3,"Service pages for AI content technology target high-intent commercial queries. A missing meta description can reduce CTR by 8-12%, and missing TL;DR sections lower AI-driven referral traffic. Affects conversions for B2B clients seeking governed content systems.","Add a meta description of 140-160 characters summarizing the governed content system and its benefits. Add a 'Key Takeaways' or 'TL;DR' section at the top of the page, listing 3-4 bullet points with core benefits."
291,Seo,Add meta description & fix H1 mismatch on physio-chiropractic-ai-guide,Easy,True,False,META_DESC|H1_DUPLICATE|COOKIE_H1,RC-01|RC-03|RC-04,confirmed-runtime,high,1,/blog/physio-chiropractic-ai-guide,+70 pts,,aa72fbe0fcd86f8a,2,"Physio and chiropractic clinic owners searching for AI solutions will see this page in search results only if indexed, but the missing meta and misleading H1 reduce CTR and credibility. The page appears to be deindexed (Indexed: False), meaning zero organic traffic.","Change the H1 from 'Customize your cookie preferences' to the actual article headline, e.g., 'AI for UK Physio & Chiropractic Clinics' or 'AI for Physio and Chiropractic Practices'. Add a meta description of 140-160 characters summarizing the article's value for clinic owners. Ensure the cookie consent banner does not override the H1 and that the page content is fully accessible to search engines."
292,Seo,Add FAQ schema to /ai-automation-consulting-smarter-operating-system (article),Easy,False,False,SCHEMA|FAQ|CITATION,RC-02|RC-05|RC-07,obsolete-advice,high,1,/blog/ai-automation-consulting-smarter-operating-system,+15 pts,,e7d291bd6833dd2b,3,"Blog articles in the AI consulting niche face heavy competition for visibility in AI overviews and chat responses. Without FAQ schema, the page is less likely to be cited in generative search results, reducing traffic from high-intent queries and authority loss in GEO ecosystems.",Add a FAQ section at the end of the article with 3-5 questions and answers extracted from existing content.Choose questions that match common search intents: What is AI consulting for small businesses? How do I decide what to automate? What are the first steps? How much does it cost? What results can I expect? Implement FAQ schema (https://schema.org/FAQPage) wrapping the Q&A content.Use JSON-LD format placed in the <head> or immediately after the FAQ section.
293,Seo,Add Article schema markup and fix H1 for /physio-chiropractic-ai-guide,Easy,False,False,H1_DUPLICATE|SCHEMA|CITATION|DATES|COOKIE_H1|TITLE_TAG,RC-02|RC-03|RC-04|RC-06|RC-07,confirmed-3p-mutation,high,1,/blog/physio-chiropractic-ai-guide,+31 pts,,884baf34f7a73122,1,"Missing schema reduces visibility in Google's AI overviews and perplexity citations by an estimated 31%. For a clinic-focused article, this could lose organic leads from physios and chiropractors searching for AI solutions.","Change H1 from 'Customize your cookie preferences' to 'AI for UK Physio & Chiropractic Clinics'.The H1 should match the page title. Remove the cookie banner H1 override or edit the page template to show the correct article H1. Generate and insert JSON-LD Article schema with headline, datePublished, author, and description.Use the article's existing content: headline = 'AI for UK Physio & Chiropractic Clinics', datePublished = '2026-07-10', author = 'Silverstone AI', description = 'A guide on using AI to reduce access friction and automate admin in physio and chiropractic clinics.'"
294,Seo,Add structured data and comparison tables to /services/content-creation,Medium,False,False,SCHEMA|FAQ|TABLE,RC-02|RC-05|RC-07,obsolete-advice,high,1,/services/content-creation,+25 pts,,39d899c69f9c5eba,3,"As a service page for an AI company, 60% of qualified traffic may arrive via AI summaries (ChatGPT, Perplexity). Without structured content, the page is underrepresented in those engines, losing up to 40% of potential leads compared to competitors.","Add a comparison table showing 'Before vs After' of a governed content system.Create a 2-column table with rows: Volume, Quality, Approval time, Consistency. Add a 'What You Receive' table listing each deliverable and its purpose.Columns: Asset, Purpose, Frequency, Example. Add FAQ schema using the existing 'Questions about AI, quality and publishing' section.Use JSON-LD markup for FAQ schema. Add a pricing or package comparison table with at least 3 tiers.If pricing is variable, use 'from price' or 'contact for quote' with estimated ranges."
295,Seo,Add meta description and citations to buyer's guide,Easy,False,False,META_DESC|THIN|CITATION,RC-01|RC-07,recommendation-only,high,1,/blog/ai-voice-agent-buyers-guide,+12 pts,,443c00af0909d0ee,3,"Buyers of AI voice agents compare vendors critically; missing meta reduces CTR by ~8-12% and low citations erode trust, potentially losing leads to competitors with well-referenced guides.","Write a 150-160 character meta description summarizing the guide's value for UK small businesses.Include unique selling points like compliance, human handoff, and call-handling scope. Add external references at least every 500 words.Cite UK-specific regulations (e.g., ICO guidelines on call recording), industry statistics, or case studies."
296,Seo,Add JSON-LD structured data to /services/content-creation,Easy,True,False,SCHEMA,RC-02,refuted-live,high,1,/services/content-creation,+30 pts,,a04542e08e174305,3,"For a technology/AI site targeting worldwide, schema markup improves CTR from rich snippets and AI overviews, potentially increasing lead generation by 10-20%. 0% schema compliance currently.","Add Service JSON-LD structured data to the <head> element.Use Service schema with name, description, provider, areaServed, and offers. { ""@context"": ""https://schema.org"", ""@type"": ""Service"", ""name"": ""AI Content Systems & Repurposing"", ""description"": ""Source-led system for turning approved expertise into distinct website, insight, email and social assets."", ""provider"": { ""@type"": ""Organization"", ""name"": ""Silverstone AI"", ""url"": ""https://silverstone-ai.com"" }, ""areaServed"": ""Worldwide"" }"
297,Seo,Add FAQ section to boost GEO readiness on blog category page,Easy,False,False,SCHEMA|FAQ|THIN,RC-01|RC-02|RC-05,obsolete-advice,high,1,/blog,+25 pts,,943b98304cfde880,3,"For a tech B2B audience, FAQ sections are frequently used by AI agents to answer user queries. Missing FAQ reduces the chance of appearing in AI overviews and conversions from research-phase visitors. Improving FAQ coverage can increase GEO score by ~25% and drive more qualified leads.","Add a FAQ section at the bottom of the page with 3-5 common questions about AI implementation, guide usage, or services.Use concise answers (30-50 words each) that address typical user concerns for decision-makers. Add structured FAQ with Schema.org FAQPage markup."
298,Seo,Fix H1 and meta description; add FAQ schema to /blog/ai-voice-agent-buyers-guide,Easy,True,False,META_DESC|H1_DUPLICATE|SCHEMA|FAQ,RC-01|RC-02|RC-04|RC-05,confirmed-runtime,high,1,/blog/ai-voice-agent-buyers-guide,+25 pts,,389b8f7af2d15441,2,"For a tech/AI site targeting small businesses, a mismatched H1 and missing meta description reduce CTR and confuse search engines. Adding FAQ schema can unlock rich results, improving visibility for high-intent queries like 'AI voice agent buying guide'.","Update the H1 to match the article topic.Replace 'Customize your cookie preferences' with a descriptive, keyword-rich H1. AI Voice Agent Buyer's Guide for UK Small Businesses Add a meta description of 150-160 characters summarizing the article.Include keywords like 'buyer's guide', 'AI voice agent', 'UK small business'. Complete buyer's guide for AI voice agents in UK small businesses. Learn what to evaluate, compliance tips, and how Silverstone AI builds call-handling systems. Add FAQPage schema markup for question/answer pairs in the article.Target sections like 'What an AI voice agent is — "
299,Seo,Provide direct answer in first 150 words of /blog/physio-chiropractic-ai-guide,Easy,False,False,THIN|VALUEPROP,RC-01|RC-07,recommendation-only,high,1,/blog/physio-chiropractic-ai-guide,+15 pts,,2c932ac80e611ce1,3,"In conversational search (ChatGPT, Perplexity, Google AI), this page loses ~50% of potential reference opportunities because the first snippet lacks a concise answer.","Reposition content so the first 150 words contain a direct, summarized answer to 'What is AI for physio and chiropractic clinics?' Move the 'What to take from this article' bullet list to after the introduction or as a sidebar. Ensure the opening paragraph starts with a definition or key fact, e.g., 'AI for physio and chiropractic clinics focuses on automating non-clinical tasks like booking, reminders, and admin...'"
300,Seo,Add FAQ section to /services/content-creation for GEO optimization,Easy,False,False,FAQ,RC-05,obsolete-advice,high,1,/services/content-creation,+15 pts,,1b9c78900f028ffc,3,"Prospective clients researching AI content systems on AI engines will not see this page in AI-generated answers, losing traffic and leads. FAQ sections are the top driver for GEO visibility.","Add a FAQ section after 'Capture the source before scaling the output' with 3-5 questions and concise answers.Use the existing H2 'Questions about AI, quality and publishing' as the section header, then list Q&A pairs. See fix_examples."
301,Seo,Add meta description and fix cookie H1 for gym automation article,Easy,True,False,META_DESC|H1_DUPLICATE|COOKIE_H1,RC-01|RC-03|RC-04,confirmed-runtime,high,1,/blog/gym-automation-operating-model,+15 pts,,09dc59e933ea7ac1,2,"Missing meta description reduces CTR by 8-12% for commercial-intent queries. Incorrect H1 breaks semantic structure for AI scrapers and search engines, limiting visibility for UK gym automation queries.","Write a 150-160 character meta description summarizing the article's value for UK gym owners, e.g., 'Learn how to reduce operational leakage in your UK gym with automation. Practical operating model for enquiries, bookings, retention.' Change the H1 from 'Customize your cookie preferences' to a relevant article heading, e.g., 'Gym Automation Operating Model for UK Fitness Businesses' (or leave H1 empty if cookie consent is forced, but ensure a visible H1 exists in content). Ensure the cookie consent banner does not inject an H1 that overrides the main content heading. Use a <div> or <aside> fo"
302,Seo,Add meta description and TL;DR section for AI snippet optimization,Easy,False,False,META_DESC|H1_DUPLICATE|CITATION|COOKIE_H1|TLDR,RC-01|RC-03|RC-04|RC-07,confirmed-runtime,high,1,/blog/workflow-automation-selection-guide,+12 pts,,6cd560b4a031d45a,2,"For a B2B tech audience researching workflow automation, a missing meta description can drop CTR by 8-12%, while lack of a TL;DR reduces citation in AI overviews, losing organic traffic from high-intent queries like 'first workflow to automate'.","Write a 150-160 character meta description summarizing the article's core advice.Include 'workflow automation selection guide', 'first automation candidate', and 'UK small businesses'. Learn how to choose your first workflow to automate. A practical guide for UK SMEs on candidate scoring, opportunity audit, and agency selection. Add a 'Key Takeaways' or 'TL;DR' section after the introduction.Use 3 bullet points that AI models can extract for featured snippets. <h2>Key Takeaways</h2><ul><li>Start with a frequent, rules-heavy, low-risk workflow (e.g., inbound enquiries, quote follow-up).</li><li"
303,Seo,Add structured data and comparison tables to /industry/gyms-fitness-studios,Easy,False,False,SCHEMA|FAQ|TABLE,RC-02|RC-05|RC-07,obsolete-advice,high,1,/industry/gyms-fitness-studios,+30 pts,,c42a361d632a8ebd,3,"AI-powered search engines (ChatGPT, Perplexity, Google AI) rank structured content 2-3x higher. Without tables/schema, the page may lose up to 50% of potential voice search and AI snippet traffic.","Add FAQPage schema markup to the Q&A sections (e.g., 'Questions operators ask' and 'Is this your operation?').Use Google's structured data testing tool to validate. Create a comparison table showing 'Manual process' vs 'Silverstone solution' for key pain points: enquiry tracking, trial management, class capacity, and retention.Include data like time saved, error reduction, and conversion lift. Convert 'Every enquiry, tracked to membership' sub-points into a bulleted list with clear metrics (e.g., '100% visibility of all enquiries')."
304,Seo,Add Article/WebPage schema to /blog/ai-voice-agent-buyers-guide,Easy,True,False,SCHEMA|DATES,RC-02,refuted-live,high,1,/blog/ai-voice-agent-buyers-guide,+10 pts,,33147c2d4bf1b58f,3,"Without schema, the article is less likely to appear in Google's rich snippets (e.g., headline, author, publish date) and may be under-indexed by AI search engines. For a UK-focused technology buyer's guide, structured data improves visibility during high-intent queries, potentially reducing lead acquisition.","Add Article JSON-LD schema to the page head or body.Include properties: @context, @type, headline, author, publisher, datePublished, dateModified, image, description. Use the actual article publish date (from article text: '10 July 2026') and author."
305,Seo,Fix meta description and H1 on gym automation article,Easy,True,False,META_DESC|H1_DUPLICATE|THIN|CITATION,RC-01|RC-04|RC-07,confirmed-runtime,high,1,/blog/gym-automation-operating-model,+15 pts,,200b9bbc9a14e973,2,"For a B2B AI services site targeting UK fitness businesses, a missing meta description and broken H1 reduce CTR by an estimated 10-15% on search results, and the lack of citations erodes trust with AI overviews and educated buyers, potentially losing 5-10 qualified leads per month.","Add a compelling meta description of 140-160 characters.Summarize the article's value prop: UK gym automation reduces operational leakage. Include keywords like 'gym automation UK', 'fitness business'. Discover how UK gyms can automate lead follow-up, trial bookings, and retention. Reduce operational leakage and grow revenue with a practical operating model. Change the H1 from 'Customize your cookie preferences' to match the article's topic.The H1 should be the main headline, e.g., 'Gym Automation Operating Model for UK Fitness Businesses'. Replace 'Customize your cookie preferences' with 'Gym"
306,Seo,Improve citation density for AI readiness,Easy,False,False,THIN|CITATION,RC-01|RC-07,recommendation-only,high,1,/blog/workflow-automation-selection-guide,+25 pts,,ee13da042a5dcca2,3,"For a knowledge-first AI/ML audience, low citation density reduces credibility and lowers chances of being included in AI-generated answers (ChatGPT score 34.5, Perplexity 38.8, Google AI 34.8). This may decrease organic CTR by 6-10% as users see competitor content with data-backed claims.","Add 3-4 external references from authoritative sources (Gartner, Forrester, McKinsey) spread throughout the article (target one per 500 words). In the 'What makes a strong first automation candidate?' section, cite a statistic about automation success rates. In the 'Do not automate a broken process' section, reference a case study or industry report."
307,Seo,Add direct answer & meta description to AI voice agent guide,Easy,False,False,META_DESC|H1_DUPLICATE|THIN|VALUEPROP,RC-01|RC-04|RC-07,confirmed-runtime,high,1,/blog/ai-voice-agent-buyers-guide,+15 pts,,ce6f9f37d68eae7b,2,"Missing meta description reduces organic CTR by 8-12% for buyers researching AI voice agents. No direct answer in the first 150 words causes AI overviews and featured snippets to omit the page, cutting off a key traffic source for high-intent queries.","Add a meta description of 140-160 characters summarizing the buyer's guide, mentioning 'UK small businesses' and key criteria. Restructure the first 150 words to start with a clear, direct answer (e.g., 'An AI voice agent is a bounded call-handling system that answers calls, understands intent, and routes to humans when needed.') then move the article metadata (read time, date) below the introductory paragraph or to a less prominent position. Correct the H1 from 'Customize your cookie preferences' to 'AI Voice Agents in the UK: A Buyer's Guide for Small Businesses' or similar."
308,Seo,Add external citations to /industry/gyms-fitness-studios to boost AI-driven discovery,Easy,False,False,CITATION,RC-07,recommendation-only,high,1,/industry/gyms-fitness-studios,+15 pts,,9df39968c69ae479,3,"For a UK-based gym automation SaaS targeting fitness operators, lacking citations reduces credibility in AI overviews and local pack visibility, costing leads from high-intent queries like 'gym management software UK'.","Add a citation for 'duty of care' referring to UK Health and Safety Executive guidelines for gym operators.Place a hyperlink on 'Duty of care stays human' section linking to HSE guidance. Duty of care stays human – see HSE guidance for fitness facilities. Cite a UK industry stat on trial-to-membership conversion rates (e.g., from UK Active or LeisureDB).Link to a public report or research page. The trial is a journey, not an event – UK Active reports average conversion from trial to member is 25-35%. Reference data integration best practices from a credible source (e.g., NHS Digital standards "
309,Seo,Add Article schema markup to blog post,Easy,True,False,SCHEMA|DATES,RC-02,refuted-live,high,1,/blog/gym-automation-operating-model,+30 pts,,8a4ce1306fc37aef,3,"For a technology-focused site targeting UK fitness businesses, missing schema reduces the chance of appearing in Google's Top Stories, rich snippets, and AI overviews — potentially costing significant organic visibility for high-intent queries like 'gym automation UK'.","Add JSON-LD Article schema to the <head> section of the page.Use the Article type with properties: @context, @type, headline, description, author, datePublished, dateModified, image, publisher, mainEntityOfPage. See fix_examples below. Include the publisher Organization schema for Silverstone AI as a nested object or separate block.Define the organization name, logo (URL), and URL. Validate the JSON-LD using Google's Rich Results Test or Schema.org validator."
310,Seo,Add structured data (Article schema) to /blog/workflow-automation-selection-guide,Easy,True,False,SCHEMA|DATES,RC-02,refuted-live,high,1,/blog/workflow-automation-selection-guide,+20 pts,,f2d91f325a193de0,3,"For a technology/AI site targeting worldwide visitors, missing Article schema reduces eligibility for rich results (e.g., top stories carousel, knowledge panels) and lowers visibility in AI-powered search engines (ChatGPT, Perplexity). The site's geo_readiness score is only 35.8, with engine scores 34-39, suggesting poor discoverability.","Add Article JSON-LD schema to the page's <head> or <body> via a script tag.Use the existing page information: headline = title, datePublished = '2026-07-09' (from first body text), author = Silverstone AI, description = first paragraph summary, image = if available, wordCount = 1759. { ""@context"": ""https://schema.org"", ""@type"": ""Article"", ""headline"": ""Choose the First Workflow to Automate | Silverstone AI"", ""description"": ""Learn how to identify a strong first automation candidate with clear ownership and measurable value. Use a practical audit to score workflows by frequency, effort, impact, s"
311,Seo,Add meta description and structured data to /industry/dentists,Easy,False,False,META_DESC|SCHEMA|FAQ|TABLE|VALUEPROP,RC-01|RC-02|RC-05|RC-07,obsolete-advice,high,1,/industry/dentists,+20 pts,,768853867423efb8,3,"Missing meta description and schema cause auto-generated snippets from body text, reducing CTR on commercial-intent queries (e.g., 'dental practice phone automation'). For a B2B SaaS targeting dentists, this directly impacts lead generation.","Write a 150-160 character meta description that includes primary keywords and a clear value proposition.Include 'dental practice automation', 'AI reception', 'patient recall' and a call-to-action. Automate dental practice calls, booking, recall & forms with Silverstone AI. Protect clinical time, recover lost revenue. UK-built, GDPR-conscious. Book a demo. Add FAQ schema (JSON-LD) to the page to enable rich snippets for the 'Questions practice leaders ask' section.Use structured data with question-author pairs for each FAQ entry. {""@context"": ""https://schema.org"", ""@type"": ""FAQPage"", ""mainEntit"
312,Seo,Add FAQ schema and meta description to gyms-fitness-studios page,Easy,True,False,META_DESC|SCHEMA|FAQ,RC-01|RC-02|RC-05,obsolete-advice,high,1,/industry/gyms-fitness-studios,+20 pts,,d9ece264f19d5bdd,3,"For a B2B gym automation provider, this page targets operators searching for solutions to manage leads and trials. Missing meta description can reduce CTR by 8-12% on branded and commercial queries. Missing FAQ schema means losing rich result visibility (e.g., expanded list in SERP), which typically lifts click-through by 20-30% for FAQ pages. Given the page's FAQ nature, this also affects visibil","Add a meta description of 140-160 characters summarizing the page's value for gym operators, including key pain points and solution.Write a description that includes 'gym automation UK', 'leads', 'trials', 'retention', and 'front desk visibility' to match search intent. Implement FAQ structured data (JSON-LD) for each question-answer pair visible in the H2 headings and body content.Identify the main questions: 'Demand is leaking between systems', 'Classes, onboarding, retention — connected', 'The trial is a journey, not an event', 'A system your front desk can run', 'Questions operators ask', "
313,Seo,Add FAQ section to /blog/gym-automation-operating-model (boost GEO score),Easy,True,False,SCHEMA|FAQ|CITATION,RC-02|RC-05|RC-07,obsolete-advice,high,1,/blog/gym-automation-operating-model,+25 pts,,257012b669ec69c4,3,"For a UK B2B tech site targeting gym owners, FAQ content is highly cited by AI assistants (ChatGPT, Perplexity, Google AI). Missing this pattern reduces organic discoverability and trust signals by ~25 points, potentially losing leads from generative search queries.","Add a FAQ section at the end of the article (before the closing paragraph) containing 3-5 common questions and concise answers related to gym automation.Use questions that match actual search queries: 'What is gym automation?', 'How much does gym automation cost in the UK?', 'Can small gyms benefit from automation?', 'What tasks should I automate first?', 'How do I choose a gym automation provider?' Implement FAQ schema (JSON-LD) on the page to mark up the questions and answers.Use the 'FAQPage' schema type with 'mainEntity' array containing 'Question' and 'AcceptedAnswer' objects."
314,Seo,Add FAQ section for GEO optimization on workflow automation guide,Easy,False,False,SCHEMA|FAQ,RC-02|RC-05,obsolete-advice,high,1,/blog/workflow-automation-selection-guide,+15 pts,,53924ad879a77009,3,"For a B2B technology audience researching workflow automation, a FAQ section can capture featured snippets and AI-generated answers, potentially increasing organic click-through rates by 5-10% and ensuring the content appears in generative search results.","Add a FAQ section at the end of the article with 3-5 common questions related to workflow automation selection.Use an FAQ schema (QAPage or FAQPage) to mark up the section for better extraction by search engines and AI models. Write concise answers (1-2 sentences) under each question, using keywords from the article such as 'first automation candidate', 'opportunity audit', 'agencies', and 'architecture'."
315,Seo,Add FAQ and organization schema to dentists page for AI visibility,Easy,False,False,META_DESC|SCHEMA|FAQ|CITATION|TITLE_TAG,RC-01|RC-02|RC-05|RC-06|RC-07,confirmed-3p-mutation,high,1,/industry/dentists,+15 pts,,40ffe62b9c4ebd7e,1,"Without FAQ schema, the page loses eligibility for Google's FAQ rich results and AI overview citations. For a local-service landing page, this can reduce organic click-through rates by 10-15% from search results.","Add JSON-LD WebPage schema with description and name matching the page title.Use the page title 'Dental Practice Automation UK' and meta description once written. Add FAQPage schema based on the H2 questions in the 'Questions practice leaders ask' section.Extract the actual questions (if any) from that section; if not literal questions, reformat the H2s as question-answer pairs. Add Organization schema for Silverstone AI with name, URL, and sameAs links.Include brand social profiles and the main website URL."
316,Seo,Add FAQ section for GEO optimization (score 5/100),Easy,True,False,SCHEMA|FAQ,RC-02|RC-05,obsolete-advice,high,1,/industry/gyms-fitness-studios,+20 pts,,729a0093568f564c,3,"Gym operators searching 'how to track trial enquiries' or 'gym lead management' will miss this page in AI overviews, losing trial-to-member conversion opportunities in a high-intent niche.","Add an explicit FAQ section with 3-5 common questions and concise answers at the bottom of the page.Use the existing H2 'Questions operators ask' as a heading, then list 3-5 Q&A pairs. Format each question as an <h3> and answer as a <p>. Under 'Questions operators ask', add: <h3>How does Silverstone track enquiries from Instagram?</h3><p>Every Instagram enquiry is automatically logged with source, time, and lead details, visible to your front desk in one unified view.</p> Implement FAQ schema (JSON-LD) on the page.Add structured data for each Q&A pair to enable rich results. { ""@context"": ""htt"
317,Seo,Add structured comparison tables to /services/ai-receptionists,Medium,False,False,THIN|TABLE|CONTRAST|VALUEPROP,RC-01|RC-07|RC-08,confirmed-scanner,high,1,/services/ai-receptionists,+25 pts,,aa73ccae858ae6cb,2,"For a B2B AI service targeting worldwide buyers, thin content without structured tables reduces visibility in AI-driven search results (ChatGPT, Perplexity, Google AI), losing qualified leads who need to compare features and pricing quickly.","Add a comparison table contrasting AI receptionist vs. human receptionist (e.g., cost, response time, scalability, availability). Add a pricing or plan comparison table (e.g., Basic, Pro, Enterprise tiers) with features per row. Expand body copy to at least 600 words, covering each H2 with 2-3 sentences of value proposition."
318,Seo,Add structured data tables to /about page (score 35/100),Medium,False,False,SCHEMA|CITATION|TABLE|CONTRAST,RC-02|RC-07|RC-08,confirmed-scanner,high,1,/about,+40 pts,,91e0f19f7045b6b8,2,"For a technology/AI consultancy targeting worldwide businesses, appearing in AI overviews and search summaries drives visibility among decision makers evaluating partners. Without structured content, the page is less likely to be cited in generative search results, reducing inbound interest.","Replace the 'Six disciplines' bullet list with a comparison table showing each discipline, its primary focus, and a quick example of application. Add a table under 'Premium is a standard of attention' contrasting 'Premium approach' vs 'Standard approach' with 4-5 rows (e.g., assumptions vs visible dependencies). Use HTML <table> with proper <thead>, <tbody>, and <th> elements; ensure each cell has concise, scannable content."
319,Seo,Add structured FAQ content and meta description to /industry/dentists,Easy,False,False,META_DESC|SCHEMA|FAQ,RC-01|RC-02|RC-05,obsolete-advice,high,1,/industry/dentists,+30 pts,,db34c06a2eae061b,3,"For dental practices searching for phone automation solutions, missing FAQ content reduces eligibility for AI overviews and 'People also ask' boxes, losing 20-40% of potential organic click-throughs in a competitive local market.","Add a meta description of 150-160 characters summarizing the page's value for dental practices, including keywords like 'phone automation', 'recall management', 'GDPR-compliant'. Create a structured FAQ section under the H2 'Questions practice leaders ask' with 5 common questions and concise answers, each 2-3 sentences. Implement FAQ schema markup using JSON-LD for the Q&A content."
320,Seo,Add key takeaways box to /blog/ai-estate-agents-systems-agencies,Easy,True,False,CITATION,RC-07,recommendation-only,high,1,/blog/ai-estate-agents-systems-agencies,+40 pts,,9817d6762048421b,3,"AI-generated search results are growing; articles with clear summaries are 3x more likely to be cited. Missing this reduces the article's chance of appearing in AI overviews, potentially costing organic traffic and credibility.","Add a 'Key Takeaways' section with bullet points summarizing the main points.Place it right after the introduction or at the top of the article. Use a boxed or highlighted design. Key Takeaways: 1. Small agencies lose time on cumulative inefficiencies. 2. AI should automate repetitive tasks while keeping humans in control. 3. Focus on enquiry capture, triage, scheduling, and reminders first."
321,Seo,Add meta description and schema markup to AI Receptionist page,Easy,True,False,META_DESC|SCHEMA,RC-01|RC-02,refuted-live,high,1,/services/ai-receptionists,+15 pts,,96cd14d1fd4ee6a0,3,"For a tech company targeting worldwide buyers of AI receptionist services, a missing meta description reduces organic CTR by 8-12%. No schema means Google, ChatGPT, and Perplexity cannot extract service details (pricing, features, location) for rich results or AI answers, losing leads to competitors.","Add meta description: 150-160 characters summarizing the service and demo.Include key benefits: AI receptionist, live demo, routine enquiry handling, human handover. Add JSON-LD structured data for Service and WebPage.Use schema.org/Service with name, description, provider, areaServed, and offers. Also add WebPage schema with mainEntity referencing the Service."
322,Seo,Increase citation density in AI estate agent article (35/100),Easy,False,False,THIN|CITATION,RC-01|RC-07,recommendation-only,high,1,/blog/ai-estate-agents-systems-agencies,+30 pts,,0cda72783c4e1a37,3,"Low citation density reduces the article's perceived authority, harming rankings for competitive 'AI for estate agents' queries and reducing trust with UK agency owners.","Add at least 3 external references, one per 500 words, from authoritative sources on estate agency technology or AI adoption. Integrate references naturally into existing sections: cite a study on response times, a report on AI adoption in real estate, and a source on portal lead conversion rates."
323,Seo,Provide direct answer within first 150 words for dental automation page,Easy,False,False,THIN|VALUEPROP,RC-01|RC-07,recommendation-only,high,1,/industry/dentists,+25 pts,,dd13407550d27a56,3,"A direct answer in first 150 words can boost presence in AI overviews (ChatGPT, Perplexity, Google AI) by 30-50%, capturing high-intent queries from dentists seeking automation solutions, directly affecting lead generation.","Move a concise definition or key fact about dental practice automation to the very first sentence of the body, ideally the first 50 characters.Keep it under 150 words total for the direct answer section. Dental practice automation uses AI to handle calls, booking, recall, forms, and follow-up while keeping clinical judgement with the practice. This reduces admin workload and preserves patient care quality."
324,Seo,Add FAQPage schema and fix H1 mismatch on estate agents article,Easy,False,False,H1_DUPLICATE|SCHEMA|FAQ|TABLE,RC-02|RC-04|RC-05|RC-07,confirmed-runtime,high,1,/blog/ai-estate-agents-systems-agencies,+15 pts,,05b5951b09433c58,2,"Article targets UK estate agents searching for AI automation tips. A mismatched H1 confuses search engines and users, lowering CTR. FAQPage schema can boost CTR by 10-15% on queries like 'what to automate in an estate agency'. Missing schema leaves traffic on the table.",Change the H1 from 'Customize your cookie preferences' to 'AI for Estate Agents: UK Systems for Small Agencies' matching the title.Edit the page template or content to ensure the blog article H1 reflects the actual topic. Add FAQPage structured data (JSON-LD) for the Q&A-style content in the article.Identify questions like 'What to automate first?' and 'What AI should not do?' and create corresponding FAQ entries.
325,Seo,Add meta description and key takeaways to blog article for AI discoverability,Easy,False,False,META_DESC|H1_DUPLICATE|THIN|COOKIE_H1|TLDR|VALUEPROP,RC-01|RC-03|RC-04|RC-07,confirmed-runtime,high,1,/blog/automate-no-show-follow-up,+40 pts,,82dcd9b86a8a377d,2,"Technology/AI niche readers expect quick, scannable insights. Missing a summary box reduces click-throughs from AI overviews and search snippets, potentially costing 10-15% of organic traffic from informational queries.","Write a 150-160 character meta description summarizing the article's value (staged no-show automation for fitness coaches).Use actionable language: 'Learn a 3-level maturity model for automating no-show follow-ups for fitness coaches. Keep it personal, build trust, and stop chasing lost leads.' Meta description: 'Automate fitness coach no-show follow-up in stages. Level 1: manual owner. Level 2: timed reminders. Level 3: branching logic. Keep it personal.' Add a 'Key Takeaways' or 'TL;DR' section at the top of the article (before 'Introduction') as a bulleted list in a box or callout.Extract t"
326,Seo,Add meta description and schema markup to /about page,Easy,False,False,META_DESC|SCHEMA|TLDR|VALUEPROP,RC-01|RC-02|RC-07,recommendation-only,high,1,/about,+20 pts,,c7e8779cbd3c20b4,3,"AI-powered search engines (ChatGPT, Perplexity, Google AI) use structured data and meta descriptions for snippets. Missing these reduces visibility in answer boxes and AI overviews, costing potential leads from an AI/ML audience.","Write a meta description of 150-160 characters that summarizes the page's value proposition.Include keywords like 'AI', 'automation', 'digital strategy', 'UK-based'. Silverstone AI combines commercial strategy, engineering, AI & automation with disciplined restraint. UK-based, human-reviewed, GDPR-conscious. Learn what makes judgement rare. Add JSON-LD structured data with WebPage schema.Include properties: name, description, url, about (Organization), audience, and potentialAction (SearchAction). See suggested JSON below."
327,Seo,Rewrite /services/ai-receptionists to give a direct answer within first 150 words,Easy,True,False,THIN|VALUEPROP,RC-01|RC-07,recommendation-only,high,1,/services/ai-receptionists,+30 pts,,a09b518fe1c84c88,3,"For a UK-based AI service targeting businesses, missing a direct answer in the first 150 words reduces visibility in AI Overviews and voice search — channels that drive high-intent leads. Competitors with concise definitions will capture this traffic instead.","Replace the opening demo prompt with a clear, definitive answer to 'What is an AI receptionist?' in the first 100 words. Position the definition above the demo interface so users and search engines see the answer first."
328,Seo,Add JSON-LD Article schema to blog post for AI-generated search visibility,Easy,True,False,SCHEMA|DATES,RC-02,refuted-live,high,1,/blog/ai-estate-agents-systems-agencies,+15 pts,,25d3fac2d8f5dd45,3,"Without Article schema, the post ranks lower in AI overviews and loses up to 30% click potential from featured snippets. Competitor pages with schema gain more visibility in Google's AI and ChatGPT search results.","Add JSON-LD Article structured data to the page <head> or <body>.Include properties: @context, @type, headline, author, datePublished, dateModified, image, description, publisher. <script type=""application/ld+json""> { ""@context"": ""https://schema.org"", ""@type"": ""Article"", ""headline"": ""AI for Estate Agents | UK Systems for Small Agencies"", ""author"": { ""@type"": ""Organization"", ""name"": ""Silverstone AI"" }, ""datePublished"": ""2026-07-17"", ""dateModified"": ""2026-07-17"", ""description"": ""Learn where small UK estate agencies lose time, leads and control, and how to automate first across websites, calls, C"
329,Seo,Add FAQ section to /about for generative engine optimization,Easy,False,False,SCHEMA|FAQ|READABILITY,RC-02|RC-05|RC-07,obsolete-advice,high,1,/about,+15 pts,,01cba80e29dbf55d,3,"Without FAQ content, the page loses potential visibility in AI-generated summaries and conversational search results. For a technology/AI company, this means missing out on high-intent queries from users researching practical AI solutions, reducing organic traffic and lead generation opportunities.","Add a FAQ section with 3-5 questions and concise answers after the 'Four principles' section. Questions should address common queries about the company, services, and process. Structure the FAQ using schema markup (FAQPage) to enable rich results and improve machine readability."
330,Seo,Add meta description and external citations to no-show follow-up article,Easy,False,False,META_DESC|CITATION|VALUEPROP,RC-01|RC-07,recommendation-only,high,1,/blog/automate-no-show-follow-up,+15 pts,,74330336f6d6a524,3,"Fitness coaches researching no-show automation may skip this article in SERPs due to poor snippets. Low citation density makes the content less authoritative, potentially losing 10-20% of organic traffic from AI-powered searches.","Write a compelling meta description (140-160 chars) that includes key terms like 'fitness coach', 'no-show follow-up', 'automation', 'UK'.Include a clear value proposition: what the reader will learn and why it matters. Learn to automate fitness coach no-show follow-up in stages. Build a maturity model from manual to branching automation. Free guide for UK coaches. Add 3-5 external citations from authoritative sources (e.g., NHS guidelines on appointment reminders, academic studies on no-show rates, or automation best practices).Integrate citations naturally within the body, especially in sect"
331,Seo,Add comparison table to /industry/ecommerce for structured data,Medium,False,False,SCHEMA|CITATION|TABLE,RC-02|RC-07,recommendation-only,high,1,/industry/ecommerce,+15 pts,,12e2d88fe337bfb0,3,"Enterprise buyers researching ecommerce automation expect side-by-side comparisons. Missing tables reduces AI citation likelihood and slows purchase decisions, impacting lead generation for B2B SaaS.","Add a comparison table after 'Verified results, three ways' section.Compare Silverstone AI vs traditional support widgets across 5-6 key criteria (e.g., data source, escalation handling, compliance). Embed structured data (schema.org/Table) for the table.Use JSON-LD or microdata to mark up the table so AI systems can parse it."
332,Seo,Add structured comparison table to AI voice agent article for AI parseability,Easy,False,False,CITATION|TABLE,RC-07,recommendation-only,high,1,/blog/ai-voice-agent-development,+15 pts,,3b5f39b269211fc3,3,"For a technology site targeting worldwide audience, structured content like comparison tables improves visibility in AI-generated answers (e.g., ChatGPT, Perplexity, Google AI). Without tables, the page may lose citations in AI overviews, reducing referral traffic from AI search engines, especially for commercial comparison queries.","Insert a comparison table in the section 'AI voice agent versus IVR, chatbot, call centre and AI receptionist'.Create a table with columns: Feature, AI Voice Agent, IVR, Chatbot, Call Centre, AI Receptionist. Include rows such as: Natural language understanding, Handoff capability, CRM integration, Cost, etc."
333,Seo,Add JSON-LD Article schema to blog post,Easy,True,False,SCHEMA|DATES,RC-02,refuted-live,high,1,/blog/automate-no-show-follow-up,+10 pts,,c31ce1fb4a801bde,3,"Without Article schema, this article is less likely to appear in Google's rich snippets or AI overviews, missing potential traffic from featured placement on relevant queries like 'automate no-show follow-up fitness coach'.","Add JSON-LD Article schema to the page's <head> section.Include properties: @context, @type, headline, description, author, datePublished, dateModified, image, publisher."
334,Seo,Add meta description and direct answer to /about page,Easy,False,False,META_DESC|THIN|VALUEPROP,RC-01|RC-07,recommendation-only,high,1,/about,+15 pts,,5ce5251df0c5451d,3,"Visitors and AI engines cannot quickly understand the company's core offering, reducing engagement and causing missed opportunities for featured snippets and AI-generated summaries.","Add a meta description between 140-160 characters summarizing Silverstone AI's purpose and key services.Include 'AI', 'digital transformation', 'London' to align with search intent. Rewrite the opening paragraph to include a clear, direct answer within the first 150 words.Start with: 'Silverstone AI is a London-based premium technology partner that combines strategy, design, engineering, AI, and automation to build practical digital systems.'"
335,Seo,"Add JSON-LD structured data (FAQ, Article) to /industry/ecommerce",Easy,True,False,SCHEMA|FAQ,RC-02|RC-05,obsolete-advice,high,1,/industry/ecommerce,+25 pts,,1277ca19eff7d6aa,3,"Without schema, the page misses up to 30% higher CTR from rich results and loses visibility on AI-driven search platforms (ChatGPT, Perplexity: scores ~35%). For a B2B SaaS targeting worldwide clients, this directly reduces lead generation and credibility.","Add JSON-LD 'FAQPage' schema to capture the Q&A section near 'Questions ecommerce leaders ask'. Add JSON-LD 'Article' schema for the main content, improving indexation and AI understanding. Include 'Organization' schema with name 'Silverstone AI', URL, and logo for brand authority."
336,Seo,Add Article schema markup and fix H1 to /blog/ai-voice-agent-development,Easy,False,False,H1_DUPLICATE|SCHEMA|DATES,RC-02|RC-04,confirmed-runtime,high,1,/blog/ai-voice-agent-development,+30 pts,,9e0a100227b1db8b,2,"This page ranks for high-intent queries like 'AI voice agent development UK' but lacks schema, reducing its chance to appear in AI-generated answers or rich snippets. The wrong H1 confuses users and search engines, likely causing a high bounce rate and lost leads for Silverstone AI.","Change the H1 to match the article topic, e.g., 'AI Voice Agent Development for UK Businesses' or 'What You Need to Know About AI Voice Agent Development'. Add JSON-LD Article schema with headline, description, datePublished, author, and image. Use the existing content to populate fields. Remove or restructure the cookie preferences banner if it is overriding the H1 globally."
337,Seo,Add FAQ section and meta description to no-show follow-up article,Easy,False,False,META_DESC|H1_DUPLICATE|SCHEMA|FAQ,RC-01|RC-02|RC-04|RC-05,confirmed-runtime,high,1,/blog/automate-no-show-follow-up,+15 pts,,8a69018840755fcd,2,"For a fitness SaaS targeting UK coaches, missing meta description lowers CTR by 8-12% on commercial queries. No FAQ section means losing featured snippets and AI overview placements, reducing organic visibility and trial signups.","Write a meta description of 150-160 characters summarizing the article's maturity model approach.Include keywords like 'fitness coach', 'no-show follow-up', 'automation', and 'UK'. Add an FAQ section at the end with 3-5 common questions and concise answers.Use schema.org/FAQPage markup. Fix the H1 to match the article title.Replace current H1 with 'Automate Fitness Coach No-Show Follow-Up'."
338,Seo,"Add meta description, fix H1, and boost citation density",Easy,False,False,META_DESC|H1_DUPLICATE|THIN|CITATION|TITLE_TAG|VALUEPROP,RC-01|RC-04|RC-06|RC-07,confirmed-3p-mutation,high,1,/blog/ai-voice-agent-out-of-hours,+15 pts,,5d4cdfb4929e9e0f,1,"Missing meta description reduces CTR by 8-12% for UK commercial queries. Wrong H1 confuses search engines and users, likely suppressing rankings. Low citations weaken authority for a technology niche; competitors with better E-E-A-T will outrank.","Add a meta description of 140-160 characters that includes primary keyword and value proposition.Use commercial intent: 'Out-of-hours AI voice agent for UK businesses. Triage calls, capture messages, and escalate urgent issues without waking your team. Learn how to set it up.' Change the H1 from 'Customize your cookie preferences' to reflect the actual article topic.The H1 should match the page title and content, e.g., 'Out-of-Hours AI Voice Agent UK: Triage, Routing & Escalation'. Add external citations (at least 2-3 per 1000 words) to support claims about AI voice agents, UK regulations, or "
339,Seo,Add FAQ section to /industry/ecommerce for generative engine visibility,Easy,True,False,SCHEMA|FAQ,RC-02|RC-05,obsolete-advice,high,1,/industry/ecommerce,+30 pts,,f8920f5e2639d305,3,"For a technology/AI company targeting worldwide eCommerce brands, structured FAQ content is a primary signal for generative engines. Without it, the page may miss appearing in AI-generated answers to high-intent queries like 'how to automate ecommerce returns' or 'AI customer support for Shopify', reducing inbound leads.","Add a visible FAQ section with 3-5 questions and concise answers directly addressing common eCommerce automation queries.Place the section after 'Verified results, three ways' and before 'Services'. Use schema markup for FAQPage. Q: How does Silverstone handle returns automation? A: Silverstone triages returns in seconds using live order data, issues labels for standard cases, and hands discretionary decisions to your team."
340,Seo,Add FAQ section and meta description to /blog/ai-voice-agent-development,Easy,False,False,META_DESC|H1_DUPLICATE|SCHEMA|FAQ,RC-01|RC-02|RC-04|RC-05,confirmed-runtime,high,1,/blog/ai-voice-agent-development,+30 pts,,a2a0ca1ae92d93e8,2,"For a tech/AI site targeting UK businesses, missing a meta description reduces organic CTR by 8-12% on search results. Lacking FAQ content lowers visibility in AI overviews and chatbot answers, potentially losing traffic and leads from high-intent queries about AI voice agents.","Add a meta description of 140-160 characters summarizing the article's value: UK buying framework, production stack, and governance. Add an FAQ section with 3-5 questions and answers covering common concerns: cost, integration, compliance, comparison, and implementation timeline. Implement FAQ schema (JSON-LD) on the page for structured data markup. Fix the H1 to match the article title 'AI Voice Agent Development for UK Businesses' instead of cookie preferences."
341,Seo,Add JSON-LD Article schema to /blog/ai-voice-agent-out-of-hours,Easy,True,False,META_DESC|SCHEMA|DATES,RC-01|RC-02,refuted-live,high,1,/blog/ai-voice-agent-out-of-hours,+15 pts,,e6edf80195436ded,3,"Missing Article schema reduces eligibility for Google's rich snippet carousels and AI-powered search engines (ChatGPT, Perplexity, Google AI) which reward structured content, potentially lowering organic CTR and discoverability for out-of-hours AI agent queries.","Add JSON-LD structured data of type Article to the page <head>.Include properties: @context, @type, headline, author, publisher, datePublished, dateModified, image, description (meta description), mainEntityOfPage."
342,Seo,Add a 'Key Takeaways' section to /ai-receptionist-small-business-guide,Easy,True,False,META_DESC|SCHEMA|TLDR,RC-01|RC-02|RC-07,recommendation-only,high,1,/blog/ai-receptionist-small-business-guide,+15 pts,,0ac6a445a277410a,3,"For a UK small business audience searching for AI receptionist guidance, missing a clear summary may reduce click-through rates from AI overviews by 15-25% and increase bounce rate as users scan for key points.","Add a 'Key Takeaways' section immediately after the introduction, before 'What an AI receptionist actually is'.Use a visually distinct box (e.g., <div class=""key-takeaways"">) with 3-4 concise bullet points summarizing the main insights. Key Takeaways: - An AI receptionist handles bounded tasks like booking and routing, not human judgment. - UK small businesses benefit from handling mixed office/mobile coverage and after-hours peaks. - Evaluate readiness with a clear framework before buying or building. - Roll out pragmatically with human handoff rules. Wrap it as a summary box with a backgroun"
343,Seo,Provide direct answer in first 150 words on /ai-voice-agent-development,Easy,False,False,THIN|VALUEPROP,RC-01|RC-07,recommendation-only,high,1,/blog/ai-voice-agent-development,+25 pts,,c70898c6067fcf2f,3,"For a UK B2B AI voice agent article, missing a direct answer in the first 150 words can reduce AI-generated snippet inclusion by ~40%, lower click-through rates from featured snippets, and decrease engagement from time-pressed business buyers.","Rewrite the opening paragraph to provide a clear, 1-2 sentence definition or key fact about AI voice agents for UK businesses.Move the 'What to take from this article' list after a concise opening that answers the core question. Ensure the answer is within the first 150 words. An AI voice agent is a controlled workflow that listens, interprets, checks approved knowledge, decides on actions, and transfers to a human when needed—designed for UK business operations. Remove or reposition the '9 min read' and date line to a less prominent location (e.g., after the intro or in a sidebar) to avoid di"
344,Seo,Add meta description and external citations to /blog/small-business-ai-automation,Easy,False,False,META_DESC|H1_DUPLICATE|THIN|CITATION|VALUEPROP,RC-01|RC-04|RC-07,confirmed-runtime,high,1,/blog/small-business-ai-automation,+15 pts,,ef6c918ec4e939d2,2,"For a worldwide technology audience, missing meta description reduces organic CTR by an estimated 8-12%. Low citation density weakens credibility with AI-driven search engines (Google AI, ChatGPT, Perplexity) that reward authoritative references.","Add a compelling meta description of 150-160 characters that includes keywords like 'UK small business AI automation' and a value proposition. Fix the H1 from 'Customize your cookie preferences' to the actual article topic, e.g. 'AI Automation for UK Small Businesses'. Add 3-4 external citations from authoritative sources (e.g., UK government, academic studies, industry reports) spread across the post, at least one per 500 words."
345,Seo,Add FAQ section to /ai-voice-agent-out-of-hours (current GEO score 35.8),Easy,False,False,SCHEMA|FAQ,RC-02|RC-05,obsolete-advice,high,1,/blog/ai-voice-agent-out-of-hours,+20 pts,,a91e1d7f7abfb284,3,"For a UK AI voice agent provider, missing FAQ reduces ChatGPT/Perplexity/Google AI snippet eligibility, likely lowering organic traffic from high-intent queries by 10-15%.","Identify 3-5 common questions from body content (e.g., 'Can an AI voice agent replace voicemail?', 'What industries benefit from out-of-hours AI?', 'How do we ensure compliance with UK regulations?').Use H2 subheadings as question prompts. From 'Myth: voicemail replacement is enough' -> FAQ: 'Is an AI voice agent just a voicemail replacement?' Add a FAQ schema and visible FAQ section at the end of the article, before the CTA.Use <details> or a simple Q&A list with h3 for questions and p for answers."
346,Seo,Add FAQ schema with structured Q&A to increase rich snippet eligibility,Easy,False,False,SCHEMA|FAQ,RC-02|RC-05,obsolete-advice,high,1,/blog/ai-receptionist-small-business-guide,+15 pts,,b4b66af0882a0251,3,"FAQ rich snippets can increase CTR by 10-30%, especially for informational intent queries. Without schema, competitors with structured FAQs may outrank this page in both Google and AI search engines (ChatGPT, Perplexity).","Identify 5-7 question-answer pairs from the article body (e.g., 'What is an AI receptionist?', 'Where do AI receptionists create value?', 'How to decide readiness?', 'What to ask before buying?', 'What is the rollout plan?').Extract clear questions and concise answers from existing content. Add FAQPage schema markup to the page using JSON-LD.Place within <script type=""application/ld+json""> in the <head> or after the <body>. Optionally, add a visible FAQ section at the end of the article with the same Q&As (if not already present).This supports both users and schema extraction."
347,Seo,Add meta description and key takeaways to blog article,Easy,False,False,META_DESC|CITATION|VALUEPROP,RC-01|RC-07,recommendation-only,high,1,/blog/trades-websites-ai-automation,+15 pts,,eb54f76dc644c96c,3,"Missing meta description reduces organic CTR by 8-12% on informational queries. Without a 'Key Takeaways' section, AI assistants like ChatGPT and Google AI may less confidently cite this article, lowering visibility in AI-generated answers.","Add a meta description of 140-160 characters summarizing the article's value proposition.Write a meta description that includes key phrases: UK trades, AI automation, lead response, website, systems. Add a 'Key Takeaways' bulleted section immediately after the introduction or before the conclusion.List three to four main points from the article in a clear, scannable format."
348,Seo,Add JSON-LD Article schema to AI automation blog post,Easy,True,False,H1_DUPLICATE|SCHEMA|DATES|COOKIE_H1|TITLE_TAG,RC-02|RC-03|RC-04|RC-06,confirmed-3p-mutation,high,1,/blog/small-business-ai-automation,+20 pts,,7a67b95050e82ea6,1,"For a tech/AI company targeting UK small businesses, missing schema means lost visibility in Google's rich results (e.g., article snippets) and AI platforms (ChatGPT, Perplexity). This could reduce organic click-through rates by 5-15% and limit exposure to users seeking AI automation guidance. Given the site's global target market, schema is a low-cost high-impact fix.","Add JSON-LD Article schema in the <head> of the page.Include fields: @context, @type, headline, author, datePublished, dateModified, image, publisher, description. Use the existing page title and content. Ensure the H1 tag displays the article title (e.g., 'AI Automation for UK Small Businesses') instead of the cookie preferences text.Modify the cookie consent implementation to not affect the H1 visibility."
349,Seo,Rewrite intro to give a direct answer within first 150 words,Easy,False,False,THIN|VALUEPROP,RC-01|RC-07,recommendation-only,high,1,/blog/ai-voice-agent-out-of-hours,+15 pts,,013944f459d17285,3,"AI overviews and featured snippets draw from the first 100-150 words. For a tech audience seeking quick answers, a slow start reduces snippet capture and increases bounce rate.","Replace the opening narrative with a concise definition of an out-of-hours AI voice agent and its key benefit within the first 100 words.Lead with: 'An out-of-hours AI voice agent answers calls after business hours, triages urgency, captures key details, and routes only critical issues to on-call staff.' See fix_examples below."
350,Seo,Add citations and meta description to /trades-websites-ai-automation article,Medium,False,False,META_DESC|H1_DUPLICATE|THIN|CITATION,RC-01|RC-04|RC-07,confirmed-runtime,high,1,/blog/trades-websites-ai-automation,+35 pts,,ab3ed8a102928e71,2,"As an article targeting UK trades businesses, missing citations reduces credibility and topical authority, leading to lower rankings in AI-driven SERPs. Missing meta description reduces organic CTR by an estimated 8-12% for commercial-intent queries.","Add a meta description of 150-160 characters summarizing the article's value for UK trades businesses.Include key phrases: 'lead response systems', 'AI automation', 'UK trades'. Use the article's core message about controlled automation. Insert external citations at least every 500 words. Target 3-4 citations total.Source references: UK government digital adoption stats, TrustMark survey on customer response time, FMB data on common problems, or CITB skills gap reports. Fix the H1 to match the article title: 'Automation for UK Trades Businesses | Silverstone AI' or a compelling variant.Current"
351,Seo,Add FAQ schema to article for AI overviews,Easy,False,False,SCHEMA|FAQ|THIN|READABILITY,RC-01|RC-02|RC-05|RC-07,obsolete-advice,high,1,/blog/small-business-ai-automation,+15 pts,,4ce61228e18cdf4e,3,"AI overviews increasingly serve FAQ-style snippets for high-intent queries. Without structured Q&A, the article loses visibility to competitors who provide concise answers, reducing organic traffic from both traditional search and AI assistants.","Identify 3-5 common questions from the article content or user intent.Focus on high-friction workflows and UK-specific concerns. For example: 'What should I automate first?', 'What are the risks of AI automation in the UK?' Q: What should I automate first in my UK small business? A: Start with repetitive, high-volume tasks like enquiry handling, booking confirmations, and invoice follow-ups. Write concise answers (30-50 words) for each question.Keep answers factual and actionable. Avoid promotional language. Q: How do I choose between automating and leaving a task alone? A: Use the automate-as"
352,Seo,Add FAQPage schema to /blog/trades-websites-ai-automation for rich snippets,Easy,True,False,SCHEMA|FAQ,RC-02|RC-05,obsolete-advice,high,1,/blog/trades-websites-ai-automation,+15 pts,,a5150931ee1ed7c4,3,"For a B2B technology audience researching AI automation, rich snippets can increase organic CTR by 10-20%. Missing this markup means competitors with similar content may outrank or appear more prominently.","Identify the FAQ section in the article content.Look for common question-answer patterns (e.g., 'What to take from this article' with bulletpoints, or any direct questions). Implement FAQPage schema JSON-LD in the page's <head> or <body>.Create a structured data block using Schema.org FAQPage type, listing each question and its answer. Ensure answers are concise and match the visible text."
353,Seo,"Add meta description, improve H1, and increase citation density",Easy,False,False,META_DESC|H1_DUPLICATE|THIN|CITATION,RC-01|RC-04|RC-07,confirmed-runtime,high,1,/blog/how-dental-practices-should-run,+15 pts,,6b3e57de7b73e452,2,Reduced CTR on dental downtime queries (competitors with meta descriptions get 8-12% higher CTR). Low E-E-A-T signals may cause ranking loss for authoritative search queries from UK dental professionals.,"Write a 140-160 character meta description summarizing the article's value for dental practices. Change the H1 from 'Customize your cookie preferences' to a relevant title like 'Dental PMS Downtime Procedure: A Practical Guide'. Add external citations: reference NHS Digital guidelines, BDA best practices, or academic sources on practice management every ~500 words."
354,Seo,Add meta description and fix H1 mismatch for AI receptionist guide,Easy,True,False,META_DESC|H1_DUPLICATE|READABILITY,RC-01|RC-04|RC-07,confirmed-runtime,high,1,/blog/ai-receptionist-small-business-guide,+10 pts,,1b10df40e2c37f50,2,"Tech/SaaS readers searching for AI receptionist guides in the UK may skip this page due to irrelevant snippets. The H1 error signals poor site maintenance, eroding trust and potentially hurting conversions for Silverstone AI's services.","Write a meta description of 140–160 characters summarizing the guide's value for UK small businesses.Include keywords: AI receptionist, UK small business, voice AI, call handling. Learn how AI receptionists work for UK small businesses. Practical guide on readiness, rollout, and where human handoff still matters. Change the H1 from 'Customize your cookie preferences' to 'AI Receptionist UK: Practical Guide for Small Businesses'.Update theme template or page settings to remove automatic cookie preference header injection. Fix spacing issues in H2 headings: 'What to take from this article', 'Wha"
355,Seo,Add structured data (Article schema) to /blog/trades-websites-ai-automation,Easy,True,False,SCHEMA|DATES,RC-02,refuted-live,high,1,/blog/trades-websites-ai-automation,+15 pts,,4cc50b22f046cd49,3,"Without structured data, search engines and AI tools (ChatGPT, Perplexity) have weaker signals to extract key takeaways, diminishing click-through rates and organic visibility for UK trades business queries.","Add JSON-LD Article schema in the <head> section of the page.Include properties: @context, @type, headline, description, author, datePublished, dateModified, mainEntityOfPage, image. See fix_examples."
356,Seo,Add JSON-LD Article schema to /blog/how-dental-practices-should-run,Easy,False,False,H1_DUPLICATE|SCHEMA|DATES|COOKIE_H1,RC-02|RC-03|RC-04,confirmed-runtime,high,1,/blog/how-dental-practices-should-run,+12 pts,,7c5379156efdf2de,2,"Without Article schema, the page is less likely to appear as a rich result in search, reducing click-through rates and visibility in AI-driven search tools like Google AI Overviews and ChatGPT. For a technology blog targeting worldwide dental practices, this can lead to lower organic traffic and missed lead generation.","Add JSON-LD structured data of type Article to the <head> of the page.Include required properties: @context, @type, headline, author, datePublished, dateModified, image, description. <script type=""application/ld+json""> { ""@context"": ""https://schema.org"", ""@type"": ""Article"", ""headline"": ""Dental PMS Downtime Plan | Silverstone AI"", ""description"": ""Learn how to create a PMS downtime procedure for your dental practice, covering fallback capture, call queues, booking deferrals, and record restoration."", ""author"": { ""@type"": ""Organization"", ""name"": ""Silverstone AI"" }, ""datePublished"": ""2026-07-21"", "
357,Seo,Add Article schema markup and fix H1/meta description for blog post,Easy,False,False,META_DESC|H1_DUPLICATE|SCHEMA|DATES,RC-01|RC-02|RC-04,confirmed-runtime,high,1,/blog/ai-receptionist-small-business-guide,+15 pts,,041abfee50bcc29f,2,Missing schema reduces eligibility for Google's AI Overviews and rich snippets. Incorrect H1 confuses search intent. Estimated 10-20% CTR loss on AI-driven queries for UK small businesses.,"Replace H1 with a descriptive title like 'AI Receptionist for Small Businesses: A Practical UK Guide'. Add meta description (140-155 chars) summarizing the guide's value for UK small businesses. Implement JSON-LD Article schema with headline, description, datePublished, author, and image."
358,Seo,Add meta description and external citations to homepage redesign article,Easy,False,False,META_DESC|THIN|CITATION,RC-01|RC-07,recommendation-only,high,1,/blog/homepage-first-redesigns-misdiagnose-conversion,+15 pts,,945964759d3913a6,3,"For a B2B AI/tech audience, missing meta description reduces organic CTR by 8-12% on search results. Low citation density undermines trust for technical buyers (engineers, CTOs) who expect evidence-based writing, potentially reducing engagement and backlinks.","Add a meta description of 140-160 characters summarizing the article's unique insight: that homepage redesigns often miss deeper conversion issues.Include target keywords like 'homepage redesign', 'conversion problems', and 'service page gaps'. Discover why homepage redesigns frequently fail to fix conversion problems. Learn how service-page gaps and buyer route mapping matter more for UK businesses. Incorporate at least 2-3 external citations from authoritative sources (e.g., CXL, Nielsen Norman Group, industry studies) distributed through the article.Aim for 1 citation per 500 words; current"
359,Seo,Add key takeaways section & fix H1 to match content,Easy,False,False,META_DESC|H1_DUPLICATE|CITATION|TITLE_TAG|TLDR,RC-01|RC-04|RC-06|RC-07,confirmed-3p-mutation,high,1,/blog/dental-practice-automation-guide,+15 pts,,5c3e71bc490e883e,1,"Missing meta description and mismatched H1 reduce CTR by 8-12% for commercial-intent queries. Without a takeaways box, the page loses citations in AI overviews, potentially missing 15-20% of generative search traffic for keywords like 'automating a dental practice'.","Replace the H1 with 'Dental Practice Automation: UK Systems Guide' to match the page title and content.Edit the page's H1 tag from 'Customize your cookie preferences' to the article's primary heading. Add a meta description of 140-160 characters summarizing the guide for UK dental practices.Include key benefits: non-clinical automation, system integration, and practical framework. Create a 'Key Takeaways' box at the top of the article with 3-4 bullet points.Place it immediately after the 'What to take from this article' section or replace it with a styled summary box."
360,Seo,Add FAQ section to dental PMS downtime article,Easy,False,False,FAQ,RC-05,obsolete-advice,high,1,/blog/how-dental-practices-should-run,+15 pts,,8221e808ae6e28b2,3,"Dental practices searching for PMS downtime procedures may get answers from competitors with FAQ-rich content, reducing your click-through rates and undermining authority in AI overviews.",Add a 'Frequently Asked Questions' section between the last H2 and 'Continue Exploring'.Write 4-5 questions that target high-intent queries like 'What to do when dental PMS goes down?' or 'How to handle patient records during PMS outage?' ### Frequently Asked Questions **1. What is the first thing to do when the dental PMS goes down?** Answer: The first step is to designate an incident owner (typically the practice manager) and switch to a minimum safe operating model. **2. How do we temporarily capture patient data without PMS?** Answer: Use a structured fallback record (paper or digital spre
361,Seo,Add executive summary section for AI discoverability,Easy,False,False,SCHEMA|FAQ|VALUEPROP,RC-02|RC-05|RC-07,obsolete-advice,high,1,/,+15 pts,,91a8758f9dceb6ea,3,"Technology homepages with poor AI-optimized structure lose up to 30% of potential visibility in AI overviews and answer engines, reducing organic discovery for the primary brand and service terms.","Add a clear 'Key Takeaways' section at the top or bottom of the homepage with 3-5 bullet points summarizing what Silverstone AI does and who it serves.Use structured data (e.g., FAQ schema or simple list schema) to help AI engines extract the summary. ### Key Takeaways - Silverstone AI builds custom websites, mobile apps, and AI workflows for UK SMEs. - Our AI voice and reception systems capture every enquiry. - Automation tools reduce repetitive work so teams can focus on growth. - Based in the UK, we understand local business challenges. Rewrite the opening paragraph to immediately state the"
362,Seo,Add JSON-LD Article schema and meta description to blog post,Easy,True,False,META_DESC|H1_DUPLICATE|SCHEMA|DATES|TITLE_TAG,RC-01|RC-02|RC-04|RC-06,confirmed-3p-mutation,high,1,/blog/homepage-first-redesigns-misdiagnose-conversion,+15 pts,,0debdec375a592e8,1,"Without Article schema, the page is less likely to appear as a rich result in search, reducing CTR. AI engines (ChatGPT, Perplexity) score this page low (28-32) due to missing structured data, potentially harming traffic from these emerging search channels.","Add JSON-LD Article schema to the page head with properties for headline, datePublished, author, and description.Use the page title as headline, the date shown (22 July 2026) as datePublished, and Silverstone AI as author. See fix_examples below. Write a meta description of 150-160 characters summarizing the article's unique value.Focus on the key insight: why homepage redesigns often miss the real conversion bottlenecks. See fix_examples below. Review the H1 – currently shows 'Customize your cookie preferences', which seems incorrect. Replace with a proper H1 like 'Why Homepage Redesigns Ofte"
363,Seo,Add meta description and fix H1 on dental automation guide,Easy,True,False,META_DESC|H1_DUPLICATE|COOKIE_H1,RC-01|RC-03|RC-04,confirmed-runtime,high,1,/blog/dental-practice-automation-guide,+15 pts,,f89759339ab10a90,2,"For a technology/AI site targeting worldwide audiences, missing meta and incorrect H1 reduce organic CTR by 10-15% on commercial-intent queries like 'dental practice automation UK'. The page is currently not indexed (Indexed: False), likely due to this structural issue.","Set the H1 to match the article topic (e.g., 'Dental Practice Automation: UK Systems Guide'). Check that the cookie banner is not mistakenly outputting its text as the H1. Write a compelling meta description of 150-160 characters summarizing the guide's value: 'Learn which non-clinical dental tasks to automate, how to connect systems, and use a practical framework. UK-focused guide from Silverstone AI.'"
364,Seo,Add meta description & TL;DR box to blog article,Easy,False,False,META_DESC|THIN|CITATION|TLDR|VALUEPROP,RC-01|RC-07,recommendation-only,high,1,/blog/ecommerce-brands-websites-apps-ai-systems,+35 pts,,5d63d38e0203f8c9,3,"Missing meta description reduces organic CTR by an estimated 8-12% for informational queries. Without a summary box, AI-driven search platforms may not cite this article, losing potential referral traffic from 3+ engines.","Write a compelling meta description (140-160 characters) that summarizes the article's value for eCommerce brands.Include the core promise: how to prioritize websites, apps, and AI by operational bottleneck. Discover where eCommerce growth really breaks—and how small UK brands can fix system handoffs with AI, automation, and a clear roadmap. Add a 'Key Takeaways' or 'TL;DR' summary box at the top of the article (before the Introduction).List 3 bullet points from the existing first 400 words: why system handoffs matter, prioritization by bottleneck, and where AI should stop. <div class=""summary"
365,Seo,Add meta description and structured data to home page to improve CTR and AI readiness,Medium,False,False,META_DESC|SCHEMA|THIN|TABLE|VALUEPROP,RC-01|RC-02|RC-07,recommendation-only,high,1,/,+40 pts,,f55d041ffc648d21,3,"Home page is often the highest-traffic entry point. Missing meta description reduces organic CTR by ~8-12%. Low AI readiness means AI overviews may ignore this page for queries about AI automation, costing potential leads in a competitive tech niche.","Write a 150-160 character meta description that includes key value propositions and target keywords ('AI automation', 'UK businesses', 'AI voice systems').Include a call-to-action like 'Learn how Silverstone AI helps UK teams automate calls and workflows.' Add a comparison table or data table on the home page summarizing services vs. competitors or pricing tiers.At least 3 rows and 3 columns of structured data (e.g., features, benefits, customer types). Add Organization schema (or WebSite schema) with name, URL, and description to enhance rich snippets.Use JSON-LD in the <head>. Expand body co"
366,Seo,Improve GEO score by adding FAQ section to article,Easy,False,False,SCHEMA|FAQ,RC-02|RC-05,obsolete-advice,high,1,/blog/homepage-first-redesigns-misdiagnose-conversion,+30 pts,,8fe0c905a98d7315,3,"Without FAQ, the article underperforms in AI-generated search results, losing potential leads from conversational queries. For a technology and AI niche, this directly reduces authority signals and organic visibility.",Add a FAQ section with 3-5 questions after the 'When a homepage redesign is justified after all' section. Use FAQ schema (JSON-LD) to mark up the Q&A. Ensure questions reflect common user queries about homepage redesign vs. service page optimization.
367,Seo,Add FAQPage schema markup and fix H1 to match article topic,Easy,False,False,META_DESC|H1_DUPLICATE|SCHEMA|FAQ,RC-01|RC-02|RC-04|RC-05,confirmed-runtime,high,1,/blog/dental-practice-automation-guide,+15 pts,,098901d42169a49c,2,"For a tech/AI niche targeting UK dental practices, missing meta description reduces organic CTR by 8-12% on commercial intent queries. Wrong H1 confuses search engines and users. Lack of FAQ schema misses opportunity for rich results which can increase CTR by 30% for how-to content.",Add a compelling meta description of 140-160 characters summarizing the guide's value. Change the H1 from 'Customize your cookie preferences' to 'Dental Practice Automation: A UK Systems Guide'. Implement FAQPage schema markup on the question-answer sections in the body.
368,Seo,Add citations to /ecommerce-brands-websites-apps-ai-systems (0 per 500 words -> 1 per 500 words),Easy,False,False,THIN|CITATION,RC-01|RC-07,recommendation-only,high,1,/blog/ecommerce-brands-websites-apps-ai-systems,+20 pts,,3aae086af7891f8e,3,Credibility in AI/ML content directly affects brand trust. Citations can improve B2B lead conversion by 20% and are required by AI search engines for featured snippets.,"Add a reference to an authoritative source (e.g., Shopify or Forrester) supporting the claim about growth breaking at system handoffs. Cite statistics about mobile conversion rates or UK eCommerce operational costs from reputable reports. Link to case studies of successful eCommerce system integrations, ideally UK-focused."
369,Seo,Add Organization schema with UK location to homepage,Easy,True,False,SCHEMA,RC-02,refuted-live,high,1,/,+15 pts,,a89a03542e64a96c,3,"Without Organization schema with UK address/area, the site misses opportunities for Knowledge Panels and local pack features. For a technology company targeting UK small teams, AI engines like ChatGPT/Perplexity may fail to surface location-relevant responses, reducing trust and conversion from voice/AI queries.","Add JSON-LD Organization schema in the <head> of the homepage.Include name, url, logo (if available), description, and areaServed as 'United Kingdom' or specific regions. <script type=""application/ld+json""> { ""@context"": ""https://schema.org"", ""@type"": ""Organization"", ""name"": ""Silverstone AI"", ""url"": ""https://silverstone-ai.com"", ""description"": ""UK AI systems studio designing voice, reception & automation for small teams."", ""areaServed"": ""United Kingdom"" } </script> Optionally add WebPage schema for the homepage to improve clickthrough data.Use WebPage schema with about and mainEntityOfPage fie"
370,Seo,Add structured data (FAQ schema) and expand content (~1500 words) with comparison table,Medium,False,False,META_DESC|SCHEMA|FAQ|THIN|TABLE,RC-01|RC-02|RC-05|RC-07,obsolete-advice,high,1,/industry/trades,+35 pts,,4a2c9c7296e279f7,3,"For a UK trades-focused page, missing FAQ schema loses ~30% CTR on voice and rich snippet positions. Thin content (606 words) reduces topical authority, causing lower rankings for 'AI for trades' and 'home services automation' queries (estimated 500-1000 monthly searches). Tradespeople are skimmers—they need quick answers and comparisons to act.","Add FAQSchema markup to the 'Questions trade businesses ask' section. Use JSON-LD in <head> or via GTM.Map each H2 question (e.g., 'The phone rings when you can't answer') to a FAQ question-answer pair. Answers should be concise (40-60 words). Write a meta description (140-155 chars) that includes 'AI automation for trades' and 'UK'.Current: missing. Suggested: 'AI call handling & job automation for UK trades and home services. Capture leads, qualify jobs, and follow up—without missing a beat.' Expand page copy to 1200-1500 words by adding a 'How Silverstone Compares' table and a 'Step-by-Step"
371,Seo,Add meta description and schema markup to dental guide article,Easy,False,False,META_DESC|H1_DUPLICATE|SCHEMA|DATES|COOKIE_H1,RC-01|RC-02|RC-03|RC-04,confirmed-runtime,high,1,/blog/dental-practice-automation-guide,+12 pts,,201b4e4098db2701,2,"High-intent visitors searching 'automating a dental practice' (currently rank 67) see auto-generated snippets that may not match their query, lowering CTR. Without schema, the article cannot appear as a rich result in AI-driven search engines like ChatGPT and Perplexity, reducing visibility in featured snippets and conversational answers.","Write a compelling meta description (140-160 characters) that includes primary keyword 'dental practice automation UK' and a call-to-action.Summarize the guide's value: non-clinical automation, practical system design, and the decision framework. Add JSON-LD Article structured data to the page head, including headline, datePublished, author, and description.Use Schema.org Article type. Ensure the mainEntityOfPage points to the article URL. Fix the H1 to reflect the actual article title, e.g., 'Dental Practice Automation: UK Systems Guide' instead of the cookie consent text.Ensure the H1 is set"
372,Seo,Add missing meta description and FAQ schema to /blog/ecommerce-brands-websites-apps-ai-systems,Easy,True,False,META_DESC|H1_DUPLICATE|SCHEMA|FAQ|COOKIE_H1,RC-01|RC-02|RC-03|RC-04|RC-05,confirmed-runtime,high,1,/blog/ecommerce-brands-websites-apps-ai-systems,+15 pts,,4666806a160ee556,2,"For a technology/AI blog, search snippets heavily influence CTR. A missing meta description can reduce organic traffic by 10-20%, and missing FAQ schema means no rich results for question-based content.","Add a compelling meta description (140-160 characters) that summarizes the article's value.Write: 'Learn how UK eCommerce brands can prioritize websites, apps, and AI systems to fix operational handoffs and drive growth. Read our 90-day roadmap.' <meta name=""description"" content=""Learn how UK eCommerce brands can prioritize websites, apps, and AI systems to fix operational handoffs and drive growth. Read our 90-day roadmap.""> Identify FAQ-like sections in the content and wrap them with FAQPage schema.The article has implicit FAQs: 'What to take from this article', 'What a good eCommerce system"
373,Seo,Add FAQ section to homepage for GEO readiness,Easy,False,False,SCHEMA|FAQ,RC-02|RC-05,obsolete-advice,high,1,/,+20 pts,,800f82715c2cba8d,3,"AI search engines (e.g., ChatGPT, Perplexity) pull answers from FAQ sections. Missing this content means the site loses visibility in AI-generated answers for queries like 'AI automation for UK businesses' – potentially missing leads from small UK teams.","Add an FAQ section with 3-5 questions about AI voice, reception, and automation services. Use FAQ schema markup to enable rich results in Google and structured data for AI engines."
374,Seo,Add meta description and structured data to /industry/hospitality,Easy,False,False,META_DESC|SCHEMA|FAQ|CITATION|TABLE|VALUEPROP,RC-01|RC-02|RC-05|RC-07,obsolete-advice,high,1,/industry/hospitality,+15 pts,,199ce84f520956e5,3,"Hospitality decision-makers searching for automation solutions may see auto-generated snippets that are less compelling, lowering CTR. Structured data helps AI overviews cite your content, directly impacting inquiries from high-value venues.","Write a 150-160 character meta description summarizing the page's unique value proposition and target audience.Mention AI-driven reservation automation without losing human touch, UK-built, and relevant for hotels/restaurants. AI-powered hospitality automation for UK venues – handles reservations, group enquiries & safety alerts without feeling robotic. Human-reviewed, GDPR-conscious. Add structured data (FAQ Schema) for the H2 questions listed.Wrap each Q&A pair in FAQPage markup. Example questions: 'What happens when peak demand hits?', 'How are group enquiries handled?' etc. Add a compariso"
375,Seo,Add Article schema and meta description to blog post,Easy,True,False,META_DESC|H1_DUPLICATE|SCHEMA|DATES|COOKIE_H1|VALUEPROP,RC-01|RC-02|RC-03|RC-04|RC-07,confirmed-runtime,high,1,/blog/ecommerce-brands-websites-apps-ai-systems,+15 pts,,e7e0e81d24d1329b,2,"For a site in the AI/ML niche targeting worldwide eCommerce brands, missing meta description reduces organic CTR by ~8-12%. Absence of schema markup prevents rich snippets that could boost visibility and click-through rates, especially for featured snippets and knowledge panels.","Add a meta description of 140-160 characters summarizing the article's value proposition.Include key phrases: 'eCommerce growth', 'AI systems', 'UK brands', 'operational bottlenecks'. Learn how UK eCommerce brands can prioritize websites, apps, and AI systems to fix operational bottlenecks and drive growth. Add JSON-LD Article schema markup to the page.Include @type: Article, headline, datePublished, author, publisher, image, and description. Use existing page data. { ""@context"": ""https://schema.org"", ""@type"": ""Article"", ""headline"": ""eCommerce Websites, Apps and AI Systems | Silverstone AI"", """
376,Seo,Add meta description and cite authoritative sources for /industry/trades,Easy,False,False,META_DESC|CITATION,RC-01|RC-07,recommendation-only,high,1,/industry/trades,+35 pts,,b4a9b27a24db7737,3,"For a UK-focused B2B AI platform in trades/home services, missing meta description lowers organic CTR by an estimated 8–12%. Zero citations reduce credibility with AI overviews and EEAT signals, potentially losing trust from decision-makers comparing vendors.","Write a 150–160 character meta description summarizing key benefits and UK focus.Include terms like 'trade businesses', 'UK', 'missed calls', 'quotes'. Example: 'AI automation for UK trade businesses — capture missed calls, qualify leads, automate quotes. Built in London, human-reviewed, GDPR-compliant.' Add at least 3 external citations from authoritative UK trade or technology sources.For example: cite a report on missed call costs for tradespeople (e.g. from FSB or UK Gov), a GDPR guidance page (e.g. ICO), and a comparison of AI automation benefits from a UK tech publication (e.g. TechRound"
377,Seo,Add meta description and TL;DR summary to eCommerce AI guide,Easy,False,False,META_DESC|SCHEMA|FAQ|TLDR,RC-01|RC-02|RC-05|RC-07,obsolete-advice,high,1,/blog/ecommerce-ai-systems-guide,+25 pts,,a675d597e6c156ee,3,"eCommerce decision-makers searching for AI systems likely see generic snippets, reducing CTR by ~10%. Missing summary reduces chance of appearing in AI overviews, which drive ~20% of clicks for informational queries.","Add a meta description (140–160 chars) summarizing the article's value.Write for commercial-intent queries like 'AI systems for eCommerce'. Learn where eCommerce brands lose time & margin and how to build a coherent AI operating system. Practical guide for UK small businesses. Insert a 'Key Takeaways' section at the top with 3 bullet points.Use the H2 'What to take from this article' as anchor, then add a styled box. **Key Takeaways**\n- Fix the joins between storefront, fulfilment, service & admin.\n- Build what removes repeated friction first.\n- AI should be bounded, observable, with human "
378,Seo,Add Article schema markup and fix H1 to match content topic,Easy,False,False,H1_DUPLICATE|SCHEMA|DATES,RC-02|RC-04,confirmed-runtime,high,1,/blog/estate-agent-automation-guide,+15 pts,,b845be0bc5ef6f95,2,"Missing schema markup means no rich snippets (e.g., article preview, author, date) in search results, likely reducing CTR. The incorrect H1 confuses both users and Google, potentially harming rankings for the intended topic (estate agent automation). As a UK-focused AI service, this could lose targeted traffic from property professionals.","Add JSON-LD Article schema markup to the page.Include properties: @type: Article, headline, author, datePublished, dateModified, publisher, image (if any). Use the actual article title and content. <script type=""application/ld+json""> { ""@context"": ""https://schema.org"", ""@type"": ""Article"", ""headline"": ""Estate Agent Automation in the UK"", ""author"": { ""@type"": ""Organization"", ""name"": ""Silverstone AI"" }, ""publisher"": { ""@type"": ""Organization"", ""name"": ""Silverstone AI"" }, ""datePublished"": ""2026-07-10"", ""dateModified"": ""2026-07-10"" } </script> Change the H1 to a descriptive title matching the articl"
379,Seo,Add external citations to hospitality page to boost AI search credibility,Easy,False,False,CITATION,RC-07,recommendation-only,high,1,/industry/hospitality,+15 pts,,31f981f4343662fc,3,"Hospitality decision-makers rely on verified claims. Zero citations undermines credibility with AI search engines, potentially reducing organic visibility and trust for a worldwide audience.","Add citations to 3-5 authoritative sources (hospitality industry reports, case studies, data from Booking.com or similar) in the body.Link relevant phrases such as 'Reservation truth' or 'availability checks' to external sources that validate the technology approach. Add a dedicated 'Sources & References' section at the bottom of the page.List cited sources with hyperlinks, e.g., industry benchmarks on automation or GDPR compliance standards."
380,Seo,Add meta description and fix H1 mismatch on eCommerce AI guide,Easy,True,False,META_DESC|H1_DUPLICATE|VALUEPROP,RC-01|RC-04|RC-07,confirmed-runtime,high,1,/blog/ecommerce-ai-systems-guide,+15 pts,,548853745ac9e088,2,"For a technology B2B audience searching for AI eCommerce solutions, a mismatched H1 and missing meta description can lower CTR by 10-20% and harm rankings for high-intent queries like 'AI systems for eCommerce'.","Add a meta description 140-160 characters summarizing the article's value proposition and key takeaways.Include target keywords and a clear benefit for the reader. Learn how AI systems streamline eCommerce operations: reduce friction at joins, automate workflows, and build a coherent tech stack for UK brands. Change the H1 from 'Customize your cookie preferences' to the article's original intended heading, such as 'AI Systems for eCommerce Brands' or 'The eCommerce AI Systems Guide'.Ensure the H1 matches the page topic and title for consistency. <h1>AI Systems for eCommerce Brands: A Practical"
381,Seo,Add FAQ schema and meta description to hospitality page,Easy,True,False,META_DESC|SCHEMA|FAQ,RC-01|RC-02|RC-05,obsolete-advice,high,1,/industry/hospitality,+15 pts,,c6e403c51d034910,3,"For a UK hospitality automation provider, missing FAQ schema means competitors get rich results; missing meta description reduces CTR by 8-12% on high-intent queries like 'hospitality automation UK'.","Add JSON-LD structured data with FAQPage schema.Extract Q&A pairs from the FAQ section starting with 'Peak demand hits while you're at capacity'. Include questions like 'What happens when the phone rings mid-service?' and 'How do group enquiries arrive?' See fix_examples for full JSON. Write a meta description of 150-160 characters. Hospitality automation that never feels automatic. Real-time availability, group booking briefs, safety routing. UK-built, GDPR-conscious. See how it works."
382,Seo,Add FAQ section to boost GEO score on estate agent automation article,Easy,False,False,SCHEMA|FAQ|TLDR,RC-02|RC-05|RC-07,obsolete-advice,high,1,/blog/estate-agent-automation-guide,+20 pts,,de4ff02bfcc36c82,3,"Without FAQ content, the article misses out on AI-generated answer boxes (e.g., ChatGPT, Google AI overviews) which are increasingly driving traffic in the tech/AI niche. Competitors with FAQ sections can win 30-50% more generative search visibility.","Identify 3-5 common questions estate agents have about automation based on keyword research.Use Google Search Console queries or tools like AnswerThePublic. Example questions: 'What is the best automation for estate agents?', 'Can AI replace estate agents?', 'How to automate valuation requests?' Add an FAQ schema and a visible FAQ section near the end of the article, before the 'Continue Exploring' section.Use structured data for FAQ schema (JSON-LD) and a styled Q&A list in the body."
383,Seo,Add FAQ schema and meta description to /industry/trades,Easy,True,False,META_DESC|SCHEMA|FAQ,RC-01|RC-02|RC-05,obsolete-advice,high,1,/industry/trades,+15 pts,,c88f914581ab0da7,3,"Trades/home services businesses searching for automation solutions may skip this page in AI overviews and search results, losing potential leads. FAQ schema can trigger rich snippets and boost CTR by 8-15%.","Write a 150-160 char meta description summarizing the page value, e.g., 'Automate missed call recovery, quoting and follow-up for UK trades. Silverstone AI captures job context and turns opportunities into revenue.' Add JSON-LD FAQPage schema with questions and answers from the H2 headings and body. Example entries: 'The phone rings when you can't answer' => 'We capture the call instantly into a brief...' etc."
384,Seo,Add structured data and fix H1 on /blog/ecommerce-ai-systems-guide,Easy,False,False,H1_DUPLICATE|SCHEMA|DATES,RC-02|RC-04,confirmed-runtime,high,1,/blog/ecommerce-ai-systems-guide,+25 pts,,b161da4bf59f3532,2,"Without schema, the page won't earn rich snippets (estimated CTR +30%). The misleading H1 reduces topical relevance signals. Impact on AI-driven search engines (Google AI, ChatGPT) scores 33/100.","Change H1 from 'Customize your cookie preferences' to the article title: 'AI Systems for eCommerce Brands | Silverstone AI' or a variant like 'AI Systems for eCommerce Brands'. Add JSON-LD Article schema to the page head. Include headline, datePublished, dateModified, author, image, and description. Example provided."
385,Seo,Add structured FAQ section with 3-5 common questions on /industry/trades,Easy,False,False,SCHEMA|FAQ|THIN,RC-01|RC-02|RC-05,obsolete-advice,high,1,/industry/trades,+15 pts,,bc1c168d96ec84a8,3,"Trades businesses searching for AI automation solutions often ask specific questions (cost, integration, call handling). A structured FAQ can capture AI assistant snippets and organic voice search, increasing visibility for high-intent queries.","Replace the 'Questions trade businesses ask' section with 3-5 properly formatted Q&A pairs using <h3> for each question and <p> for the answer.Use schema markup (FAQPage type) if possible. Ensure each Q&A is concise (30-60 words for answer). Draw questions from pain points mentioned elsewhere on the page, e.g., 'How does Silverstone handle missed calls?' and 'Can you serve my area?' Question: 'What happens if I miss a call while on a job?' Answer: 'Silverstone captures the call instantly, gathers job context, and creates a complete brief so no lead is lost.'"
386,Seo,Fix H1 and add meta description for estate agent automation guide,Easy,False,False,META_DESC|H1_DUPLICATE|THIN|COOKIE_H1|VALUEPROP,RC-01|RC-03|RC-04|RC-07,confirmed-runtime,high,1,/blog/estate-agent-automation-guide,+30 pts,,c932e8379dfb69a6,2,"For a UK estate agency audience seeking automation advice, a cookie-related H1 confuses both users and search engines. Missing meta description reduces CTR by an estimated 8-12% for commercial-intent queries like 'estate agent automation UK'.","Set the H1 to 'Estate Agent Automation in the UK: A Practical Guide'Replace the cookie consent H1 with a topic-aligned H1. Ensure cookie banner uses a different heading (e.g., H2) or fix the template so it doesn't override page H1. Add a meta description of 140-160 characters summarizing the guide's valueInclude keywords like 'UK estate agents', 'automation', 'leads', and 'CRM'. Example: 'Discover how UK estate agents can automate valuation enquiries, missed calls, and viewing workflows. Practical tips to reduce revenue leaks and improve response times.' Restructure the first 150 words to prov"
387,Seo,Add structured FAQ section to hospitality page for generative engine visibility,Easy,False,False,SCHEMA|FAQ|CITATION|TABLE,RC-02|RC-05|RC-07,obsolete-advice,high,1,/industry/hospitality,+15 pts,,5269eb8387f7161c,3,"Hospitality operators use ChatGPT and Perplexity for rapid research; a structured FAQ increases the chance of being cited in AI answers, potentially losing 5-10% of referral traffic from generative engines.","Add a visible FAQ section with 3-5 common questions and concise answers below the existing content.Use <h2>FAQ</h2> and a list of <details><summary>Question</summary><p>Answer</p></details> elements for each Q&A. Questions should include: 'How does Silverstone handle peak demand?', 'Is the automation GDPR compliant?', 'Can Silverstone manage group bookings and event enquiries?', 'What happens with safety-critical calls?', 'How does Silverstone preserve personal service?'. Answers should be 2-4 sentences, direct, and from the page content. <h2>FAQ</h2><details><summary>How does Silverstone hand"
388,Seo,Add meta description and FAQ section to /blog/ecommerce-ai-systems-guide,Easy,False,False,META_DESC|FAQ,RC-01|RC-05,obsolete-advice,high,1,/blog/ecommerce-ai-systems-guide,+25 pts,,03339234863703db,3,"Missing meta description reduces CTR by 8-12% on organic results, while absent FAQ content lowers chances of appearing in AI overviews (GEO score 33.3/100). For a tech A.I. blog targeting worldwide commercial eCommerce queries, this directly reduces traffic and leads.","Write a compelling meta description (140-160 chars) summarizing the article's value for eCommerce brands.Include keywords: AI systems, eCommerce, UK small businesses, workflow automation. Discover how UK eCommerce brands can use AI to fix operational joins, reduce friction, and build a sharper operating system. Read our guide. Add an FAQ section with 3-5 common questions related to AI for eCommerce systems.Use natural language that matches voice search and AI query patterns. Keep answers concise (2-3 sentences)."
389,Seo,Add structured data tables and meta description to /how-we-work,Easy,False,False,META_DESC|SCHEMA|CITATION|TABLE,RC-01|RC-02|RC-07,recommendation-only,high,1,/how-we-work,+25 pts,,dfa730607942c6da,3,"Missing meta description causes auto-generated snippets that may not accurately reflect content, likely reducing CTR by 8-12% for informational queries. Lack of structured data tables makes it harder for AI systems to extract and cite key process stages, reducing visibility in AI answers.","Write a meta description (140-160 chars) summarizing the 5-stage delivery process and its benefits.Include keywords like AI delivery, controlled delivery, and responsible automation. Silverstone's disciplined 5-stage AI delivery method: from diagnosis to governed launch. Human-reviewed, GDPR-conscious, UK-built. Start with one real problem. Add a structured table comparing the 5 stages: Stage name, Description, Key Activities, and Gate Criteria.Use simple HTML table with proper headers, or a WordPress table plugin. Ensure each row has a clear stage label. <table><thead><tr><th>Stage</th><th>De"
390,Seo,Add meta description and TL;DR summary to /services page,Easy,True,False,META_DESC|THIN|TLDR|VALUEPROP,RC-01|RC-07,recommendation-only,high,1,/services,+15 pts,,f9229fc7ffec7d26,3,"For a B2B AI services site targeting UK businesses, the missing meta description reduces organic CTR by up to 30% on commercial queries. Without a TL;DR, AI scrapers (ChatGPT, Google AI) score the page low (22-34), limiting visibility in AI-generated answers.","Write a 150-160 character meta description that includes key services (web, app, content, AI) and UK focus.Use action-oriented language: 'Discover Silverstone AI's UK-built services: web, app, content & AI. Scoped around real workflows, human-reviewed, GDPR-conscious. Start your project today.' <meta name=""description"" content=""Silverstone AI's UK-built web, app, content & AI services, scoped around real business workflows. Human-reviewed, GDPR-conscious. Start your project today.""> Add a 'Key Takeaways' or 'TL;DR' section at the top of the page, using bullet points summarizing the core value "
391,Seo,Add JSON-LD structured data and missing meta description to /industry page,Easy,True,False,META_DESC|SCHEMA|VALUEPROP,RC-01|RC-02|RC-07,recommendation-only,high,1,/industry,+12 pts,,6d9e28d45ee489f9,3,"For a B2B AI technology company targeting UK sectors, missing schema markup means AI engines (ChatGPT, Google AI, Perplexity) cannot extract structured info, reducing chances of appearing in AI overviews. Missing meta description lowers CTR from search results, potentially costing leads from decision-makers researching industry-specific AI solutions.","Add a meta description of 140-160 characters summarizing the page's value proposition: 'Explore AI workflows, use cases, and safeguards for nine UK business sectors. Silverstone builds purpose-built systems around your sector's operating reality.' Add JSON-LD structured data using WebPage schema (since it's a category page) with relevant properties: name, description, about (list of industries), and breadcrumb."
392,Seo,Add meta description and increase citation density on service page,Easy,False,False,META_DESC|CITATION|VALUEPROP,RC-01|RC-07,recommendation-only,high,1,/services/web-design-development,+15 pts,,873abdc7a75c578e,3,"For a technology/ML company targeting businesses worldwide, missing meta description reduces CTR on branded and service queries by an estimated 8-12%. Low citation density means lower credibility for geo-enabled AI summaries (Google AI, ChatGPT, Perplexity) which hurts visibility for users searching for UK web design services.","Write a compelling meta description of 150-160 characters including primary keywords and a clear value proposition.Use keywords: bespoke web design, development UK, commercial system, convert visitors. Bespoke web design & development UK from Silverstone AI. Strategy, copy & engineering built as one commercial system that turns visitors into booked calls. Add external citations or references (statistics, case studies, industry reports) throughout the content to increase citation density.Aim for at least 3 external references across the page. For example, cite a statistic about conversion rate "
393,Seo,Add FAQ section to /industry category page,Easy,False,False,FAQ,RC-05,obsolete-advice,high,1,/industry,+15 pts,,a8125317fbe2d8fb,3,"For a tech site targeting UK businesses, FAQ sections lift visibility in generative AI answers (e.g., ChatGPT, Google AI) by up to 30%. Without it, the page misses high-intent educational traffic from decision-makers researching AI for their sector.","Add a collapsible FAQ section after 'Where this connects next' with 3-5 questions common across sectors. Include sector-specific questions (e.g., for healthcare, 'How does AI handle patient data compliance?'). Ensure each answer is concise (2-3 sentences) and links to the relevant industry page."
394,Seo,Add structured comparison table to /services for AI parseability (score 35→80+),Medium,False,False,SCHEMA|CITATION|TABLE,RC-02|RC-07,recommendation-only,high,1,/services,+50 pts,,073de25d65736def,3,"AI systems (ChatGPT, Perplexity, Google AI) struggle to cite this page without structured data, losing citations and referral traffic. For a B2B tech site targeting UK businesses, each percentage point of visibility in AI overviews can translate to dozens of qualified leads per month.","Create a comparison table listing the seven disciplines (e.g., Web Development, App Development, Content, AI, etc.) with columns: Service, Scoped Before Build, Human Review, GDPR-Conscious, Typical Timeline, Starting Price. Add the table in the body after the 'Seven systems, one connected architecture' H2. Wrap it in <table> with proper <th> and <td> tags. Optionally add summary attribute for accessibility. Include a pricing table or tiered comparison (e.g., Starter, Growth, Enterprise) with features like data quality, channel mix, implementation scope."
395,Seo,Add meta description and structured comparison table to service page,Easy,False,False,META_DESC|TABLE,RC-01|RC-07,recommendation-only,high,1,/services/web-design-development,+12 pts,,f9c7f603caaefca1,3,"Service pages drive qualified leads for high-ticket web development. Missing meta description reduces CTR by 8-12%, and lack of structured tables limits AI snippet inclusion, directly impacting enquiry volume.","Write a meta description of 140-160 characters summarizing the service and unique value.Include keywords like 'bespoke web design', 'UK', 'conversion-focused', 'CRM integration'. Add a comparison table comparing Silverstone AI vs. typical agency vs. DIY buildersRows: Cost, Timeline, Conversion focus, CRM integration, Mobile-first, Post-launch support. Use <table> with proper <th> and <thead>."
396,Seo,Add FAQ section and meta description to /how-we-work,Easy,False,False,META_DESC|FAQ|VALUEPROP,RC-01|RC-05|RC-07,obsolete-advice,high,1,/how-we-work,+15 pts,,23ba766e6b1f4626,3,"For a technology/AI site, missing meta description lowers CTR by 8-12% on search results. Lack of FAQ content reduces chances of appearing in AI-generated answers (ChatGPT, Perplexity, Google AI), potentially losing traffic from these growing sources.","Write a meta description of 140-160 characters summarizing the page's value proposition.Include keywords like 'AI delivery method', 'gated stages', 'human oversight'. A disciplined route from business diagnosis to working AI systems. Five gated stages with human judgement in charge. UK-built, London-based. Add a FAQ section after the 'Why the discipline matters' paragraph.Include 3-5 questions addressing common concerns: scope, timelines, human oversight, failure modes, and results. ### Frequently Asked Questions\n**1. What is the first step in your process?**\nWe start with diagnosis: mapping"
397,Seo,Rewrite /industry to answer 'what industries' directly in first 150 words,Easy,False,False,H1_DUPLICATE|THIN|TABLE|VALUEPROP,RC-01|RC-04|RC-07,confirmed-runtime,high,1,/industry,+40 pts,,12bc6a6f23b57550,2,"Technology professionals searching 'what industries does Silverstone AI support' will not see a clear answer in search snippets, reducing click-through rate and increasing bounce rate. Competitors with clearer industry lists will capture these high-intent visitors.","Replace the first 150 words with a clear, direct answer to 'Which industries do you support?'.Lead with a sentence that names all nine industries (e.g., healthcare, legal, retail, hospitality, etc.) immediately after the H1. Silverstone AI builds sector-specific systems for nine UK industries: healthcare, legal, retail, hospitality, manufacturing, financial services, property, education, and transport & logistics. Move the generic tagline ('Technology shaped around your operating reality') below the direct answer or remove it.The tagline can be a subheading but should not delay the answer. Add"
398,Seo,Add structured data (JSON-LD) to /services page (score 0/100),Easy,True,False,META_DESC|SCHEMA,RC-01|RC-02,refuted-live,high,1,/services,+15 pts,,8d9248efe85ac688,3,"Without schema, the page may miss out on enhanced search results (rich snippets, knowledge panels) in Google, and AI engines like ChatGPT and Perplexity may not correctly interpret the page as a service catalog, reducing automated discovery for UK businesses looking for AI solutions.","Add WebPage schema with JSON-LD in the <head> of /servicesUse schema.org/WebPage type, set description to the meta description (currently missing), and include breadcrumbList if applicable. Add Service schema for each service category (web, app, content, AI services)Use schema.org/Service with provider, areaServed (UK), serviceType, and description. Include potentialAction for contact or booking."
399,Seo,Add JSON-LD structured data (Service schema) to /services/web-design-development,Easy,True,False,H1_DUPLICATE|SCHEMA,RC-02|RC-04,confirmed-runtime,high,1,/services/web-design-development,+30 pts,,cb35b562b527555a,2,"Service pages with proper schema can appear in Google's rich results (e.g., service listing carousel), improving CTR by 10-30% for commercial queries. Without it, the site misses AI-generated snippets (ChatGPT, Perplexity, Google AI) that rely on structured data, reducing visibility among high-intent buyers.","Add JSON-LD WebPage schema in the <head> with a description field including the H1 and a brief service summary.Use @type: WebPage, name from title, description summarizing the service. Ensure it references the H1 'Make the website earn its place'. Add JSON-LD Service schema describing the web design & development offering, including service type, area served (UK/London), and key features.Include @type: Service, serviceType: 'Web Design & Development', areaServed: 'GB', and a description that mirrors the page's unique selling points. Add JSON-LD Organization schema if not present site-wide, inc"
400,Seo,Add meta description and restructure intro for direct answer to /how-we-work,Easy,False,False,META_DESC|SCHEMA|FAQ|THIN|VALUEPROP,RC-01|RC-02|RC-05|RC-07,obsolete-advice,high,1,/how-we-work,+25 pts,,89c0b28ffdd7a419,3,"This page likely targets prospects comparing AI vendors. Missing meta hurts CTR by 20-40% for 'how we work' queries. No direct answer means AI summaries skip this page, losing visibility in ChatGPT/Perplexity results (current score 45/100).","Add a meta description of 140-160 characters summarizing the five-stage delivery method and the human-in-the-loop approach.Use keywords like 'AI delivery', 'controlled delivery', 'five stages', and 'human review'. Rewrite the first 150 words to start with a direct definition: 'Silverstone works by following a five-stage gated delivery method: Diagnose, Scope, Design, Build, Govern.'Move the tagline after the direct answer. Add FAQ schema with the common question 'How does Silverstone work?' and a concise answer to improve rich snippet eligibility."
401,Seo,Add FAQ section to /services for GEO visibility boost,Easy,False,False,SCHEMA|FAQ|THIN,RC-01|RC-02|RC-05,obsolete-advice,high,1,/services,+25 pts,,8e92dcbbfbac28cd,3,"Generative AI engines (ChatGPT, Perplexity, Google AI) prioritize FAQ-rich pages. Without FAQs, the page is less likely to appear in AI-generated answers, reducing organic discovery for service queries. For a technology/AI company targeting UK businesses, this means lost pre-qualified leads.","Add a FAQ section with schema markup (FAQPage) and 3-5 questions directly relevant to services.Questions should address common pre-purchase doubts: scope, pricing confidentiality, timeline, industry fit. Use concise answers (30-50 words each). Insert the FAQ section between the 'Name the workflow' H2 and the 'Services' navigation list.This placement leverages existing user interest before navigation options."
402,Seo,Add FAQ section and meta description to /services/web-design-development,Easy,False,False,META_DESC|SCHEMA|FAQ,RC-01|RC-02|RC-05,obsolete-advice,high,1,/services/web-design-development,+15 pts,,420ed9ebb7d2c744,3,"For a B2B AI/web development firm, missing FAQ reduces chance of appearing in AI overviews and search snippets. Adding a FAQ can increase visibility in generative search and improve CTR on commercial intent queries.","Add a meta description of 150-160 characters summarizing the service.Include key terms: bespoke web design, UK, conversion-focused, strategy, copy, design, engineering. Add a FAQ section with 3-5 questions and answers.Common questions buyers ask (refer to H2 'Questions serious buyers ask'). Use JSON-LD FAQ schema."
403,Seo,Add Key Takeaways section for AI overview readiness,Easy,False,False,SCHEMA|THIN|CITATION|TLDR,RC-01|RC-02|RC-07,recommendation-only,high,1,/blog/small-business-app-development,+15 pts,,e0036fb7bbc02f68,3,"Without a structured summary, the page is less likely to be cited by AI overviews, potentially losing 15-25% of referral traffic from AI-powered search engines in the tech/ML niche.","Create a 'Key Takeaways' or 'TL;DR' section at the top of the article, after the introduction paragraph.Use 3-5 bullet points summarizing the core advice. Keep it under 100 words total. Use a <div> with class 'key-takeaways' for structured data. Repurpose the existing 'What to take from this article' H2 content into a styled summary box.Move the bullet points from that section into the new box and reformat them as a concise TL;DR."
404,Seo,Add meta description and fix H1 on gym-freeze automation article,Easy,True,False,META_DESC|H1_DUPLICATE|VALUEPROP,RC-01|RC-04|RC-07,confirmed-runtime,high,1,/blog/gym-membership-freeze-automation-myths,+12 pts,,e7f3f169c3a9cab8,2,"For a B2B technology site targeting UK gym operators, a missing meta description reduces click-through rates from search results by an estimated 8-12%. The incorrect H1 confuses search engines about the page's topic, potentially lowering rankings for relevant queries like 'gym membership freeze automation UK'.",Add a meta description of 140-160 characters summarizing the article's value proposition. Change the H1 from 'Customize your cookie preferences' to 'Gym Freeze Automation Myths for UK Gyms'.
405,Seo,Add meta description and 2+ external citations to /blog/small-business-app-development,Easy,False,False,META_DESC|CITATION,RC-01|RC-07,recommendation-only,high,1,/blog/small-business-app-development,+25 pts,,0791b8450f3c4d5c,3,"Missing meta description reduces organic CTR by 8-12% on commercial queries like 'app development UK small business'. Low citations hurt the chance of appearing in AI overviews, which drive 15-25% of clicks for informational queries. Together, this costs an estimated 20-30% of potential organic traffic.","Write a 150-160 character meta description summarizing the article's unique angle: workflow-first app development for UK small businesses, mentioning AI, ROI and practical next steps.Must include target keywords: 'UK small business', 'app development', 'AI', 'workflow-first'. Keep within 160 chars. Add 2-3 external citations from authoritative sources (gov.uk, UK business news, academic studies) within the body. Link them contextually to claims like 'AI inside controlled systems' or 'maintenance burden'.Look for statistics about UK small business app adoption, cost of app development, or AI in"
406,Seo,"Add meta description and structured data to /ai-voice-agents (88 words, no meta)",Medium,False,False,META_DESC|SCHEMA|THIN|CITATION|TABLE,RC-01|RC-02|RC-07,recommendation-only,high,1,/services/ai-voice-agents,+15 pts,,ddfee56f1f031dd2,3,"Service pages for AI voice agents target high-intent B2B buyers. Thin content and missing meta description suppress organic CTR by 8-12%. Without structured data, AI search engines (ChatGPT, Perplexity) cannot easily parse and cite this page, reducing visibility in AI-generated answers.","Write a 150–160 character meta description summarizing the service and its key benefit (e.g., controlled call flows, production-grade, free demo).Include target keyword 'AI voice agent development' and unique value (off-script handling, real-time demo). Expand body content to 600–1000 words. Add sections: 'What is an AI Voice Agent?', 'Why choose Silverstone AI?', 'Use Cases', 'Comparison Table' (vs. generic IVR, human agents).Use H2s from the outline as structure, but rewrite them to be more descriptive and keyword-aligned. Add JSON-LD structured data: Service or Product schema, with name, de"
407,Seo,Add citations to increase geo-readiness from 15% to 60%+,Easy,False,False,CITATION,RC-07,recommendation-only,high,1,/industry/estate-agents,+35 pts,,62deffab568709da,3,"UK estate agents evaluating AI tools expect evidence-based claims. Missing citations erodes trust, reduces conversion rates, and limits rankings for local queries like 'AI automation for estate agents UK'.","Add a citation to a respected industry report (e.g., Rightmove or ONS) supporting the claim about instruction leakage. Cite a case study or testimonial from a UK estate agency that used Silverstone to improve response times. Include a link to GDPR guidance (ICO) to reinforce the 'GDPR-conscious by design' point."
408,Seo,Add meta description and Article schema to blog post,Easy,False,False,META_DESC|H1_DUPLICATE|SCHEMA|DATES,RC-01|RC-02|RC-04,confirmed-runtime,high,1,/blog/small-business-app-development,+15 pts,,70ce3cfab4743ea3,2,"Without meta description, CTR may drop 5-10% on search results. Missing structured data reduces eligibility for rich snippets and AI overviews, impacting organic traffic for a tech audience.","Add a compelling meta description (140-160 chars).Include target keywords like 'UK small business', 'app development', 'AI', and a call to action. Learn how UK small businesses can build custom apps starting from workflow, not platform. Practical guide with AI insights. Add JSON-LD Article schema markup.Include headline, description, author, datePublished, dateModified, and image fields. Use schema.org/Article with properties matching article content. Fix H1 from 'Customize your cookie preferences' to match article topic.Replace with the page's intended heading summarizing the article. Small B"
409,Seo,Add Article JSON-LD schema to /gym-membership-freeze-automation-myths,Easy,True,False,SCHEMA|DATES,RC-02,refuted-live,high,1,/blog/gym-membership-freeze-automation-myths,+15 pts,,8d9329e600502ec6,3,"For a technology/AI company targeting worldwide gym operators, missing structured data means reduced visibility in Google AI overviews and chatbot answers. This can lower organic CTR and brand authority in a competitive niche.","Generate Article JSON-LD schema using the page's title, published date, author, and a description from the article meta. Add the JSON-LD snippet inside the <head> or just before </head> on the page."
410,Seo,Expand content and add meta description + schema for /ai-voice-agents,Medium,False,False,META_DESC|SCHEMA|THIN,RC-01|RC-02,refuted-live,high,1,/services/ai-voice-agents,+55 pts,,8f79919165ee4559,3,"For a high-intent service page, thin content and missing meta reduce organic visibility and CTR by ~30-40%, directly impacting lead generation.","Write a 140-160 character meta description including target audience (UK businesses) and key benefit (controlled call flows).Use keywords like 'AI voice agent development', 'UK', 'production-grade'. Expand body content to at least 800 words covering: what AI voice agents are, benefits, use cases, how Silverstone AI implements them, and a clear CTA.Add sections under the H2s already outlined – they currently lack supporting text. Add JSON-LD structured data (WebPage schema) with description, name, and potentialAction (e.g., demo request).Include breadcrumb and organization schema to boost rich "
411,Seo,Add structured data tables to /industry/estate-agents for AI citation readiness,Medium,False,False,SCHEMA|CITATION|TABLE,RC-02|RC-07,recommendation-only,high,1,/industry/estate-agents,+35 pts,,d1c41b38b748c6bb,3,"AI-driven search tools (ChatGPT, Perplexity, Google AI) increasingly cite structured content. A 45/100 score on structured content means the page is unlikely to be referenced, losing potential referral traffic from AI overviews to UK estate agents.","Add a feature comparison table showing how Silverstone handles each enquiry type (portal lead, call, viewing, valuation) vs current agency methods. Create a data table mapping enquiry channels (portal, phone, web) to outcomes (viewing offered, valuation scheduled, etc.) with response times. Include a process timeline table showing the 5-step journey (Capture, Route, Offer, Follow through, Escalate) with typical timeframes."
412,Seo,Add FAQ section to /blog/gym-membership-freeze-automation-myths,Medium,False,False,SCHEMA|FAQ,RC-02|RC-05,obsolete-advice,high,1,/blog/gym-membership-freeze-automation-myths,+15 pts,,bcdf30d54b13b622,3,"Without FAQ content, the page is less likely to appear in AI overviews and voice search results for common gym operator queries, reducing organic traffic by an estimated 10-15% from AI-driven sources.","Add a FAQ section after the 'What to measure before and after automating freeze requests' H2, containing 3-5 common questions with concise answers. Implement FAQ schema markup (JSON-LD) for each question-answer pair to enhance structured data eligibility."
413,Seo,Add FAQ section and fix H1 on /blog/small-business-app-development,Medium,False,False,H1_DUPLICATE|FAQ|COOKIE_H1|TITLE_TAG,RC-03|RC-04|RC-05|RC-06,confirmed-3p-mutation,high,1,/blog/small-business-app-development,+15 pts,,7899a3a88576caef,1,"UK small business owners searching for app development guidance will see a cookie preference header in SERPs instead of a relevant title, reducing CTR. Missing FAQs also limits the page's ability to appear in AI-generated answers and featured snippets, potentially losing 10-20% of generative engine traffic.","Remove or override the cookie popup's H1 so the article's intended H1 or the page title is used instead.Check the cookie consent plugin settings or add a custom script to ensure the cookie banner does not modify the page's Heading 1 element. Set the correct H1 to reflect the article topic, e.g., 'App Development for UK Small Businesses'.If the cookie popup cannot be removed from the DOM, programmatically set the H1 after the popup loads, or use a server-side approach to prevent the override. Add an FAQ section at the end of the article with 3-5 questions and concise answers.Questions should ad"
414,Seo,Add FAQ section for AI Voice Agent service page,Easy,False,False,SCHEMA|FAQ,RC-02|RC-05,obsolete-advice,high,1,/services/ai-voice-agents,+15 pts,,36810dea9d486cfd,3,"For a tech service page targeting worldwide businesses, missing FAQ content reduces chances of appearing in AI-generated answers (Google SGE, ChatGPT) and may cause users to leave without converting. Estimated traffic loss of 15-20% from organic and AI-referred visits.","Add an FAQ section with 3-5 questions and concise answers.Insert after the 'Talk to a live voice agent' section. Frequently Asked Questions Q: How much does the AI voice agent cost? A: Contact us for a custom quote based on call volume and features. Q: Can I integrate with my existing CRM? A: Yes, we support API integration with Salesforce, HubSpot, and more. Q: What languages does the agent support? A: Currently English with more languages coming soon. Ensure each FAQ question is a complete sentence and answers are 2-3 sentences max. Add FAQ schema markup to help search engines display rich r"
415,Seo,Add FAQ schema and meta description to industry page,Easy,False,False,META_DESC|SCHEMA|FAQ|VALUEPROP,RC-01|RC-02|RC-05|RC-07,obsolete-advice,high,1,/industry/estate-agents,+15 pts,,047f3923c99c7c23,3,"For a tech/ML site targeting worldwide estate agents, missing meta description reduces CTR by 8-12% on commercial queries; absence of FAQ schema eliminates eligibility for rich results and AI overviews, directly lowering organic traffic and lead generation.","Write a compelling meta description (140-160 characters) that includes target keywords and value proposition.Focus on 'AI automation', 'estate agents', 'UK', and 'lead response'. Turn every portal lead into a live conversation with AI automation for UK estate agents. Respond instantly, reduce leaks, and win more instructions. Implement JSON-LD FAQ schema using the question-answer pairs from the page content.Extract Q&A from H2s and body: 'What is Silverstone?', 'How does it reduce instruction leaks?', 'How fast can I implement?', etc. Refer to the FAQ schema example below."
416,Seo,Fix meta description and H1 mismatch on blog article,Easy,True,False,META_DESC|H1_DUPLICATE|VALUEPROP,RC-01|RC-04|RC-07,confirmed-runtime,high,1,/blog/salon-automation-salons-barbers-first-should,+15 pts,,5a3d29c3e0865240,2,"Blog articles typically drive organic traffic through informational queries; without a meta description, CTR could drop 20-30% on key queries like 'salon automation UK' or 'barber automation first steps'.","Add a compelling meta description of 150-160 characters that includes primary keywords and a clear value proposition.Ensure it matches user intent for UK salons/barbers looking to automate. Discover which UK salon and barber workflows to automate first. Reduce missed calls, no-shows, and admin friction. Practical framework inside. Change the H1 from 'Customize your cookie preferences' to the article title or an engaging variant.Do not delete the cookie preference heading; it should remain as a functional element not styled as H1. <h1>What UK Salons and Barbers Should Automate First</h1>"
417,Content,Expand content on /ai-voice-agents from 88 to 600+ words,Medium,False,False,H1_DUPLICATE|FAQ|THIN,RC-01|RC-04|RC-05,confirmed-runtime,high,1,/services/ai-voice-agents,+25 pts,,71b55d2ac171ec94,2,"Service pages with <300 words typically rank on page 2+ for competitive B2B SaaS queries like 'AI voice agent development UK'. This costs dozens of demo sign-ups per month. With 88 words, Google likely sees the page as low-quality, suppressing impressions from top GSC queries.","Add a 100-150 word introduction below the H1 that defines the service, target audience, and core benefit. Write 200-300 words for each empty H2 section: 'What a production-grade voice agent changes' (list benefits like 24/7 availability, cost savings, scalability), 'How delivery works' (describe process from demo to deployment), 'What you receive' (features list). Add a FAQ section (3-5 questions) addressing common concerns (e.g., integration with existing systems, voice customisation, security). Include a clear call-to-action (e.g., 'Book a consultation' or 'Request a demo') with a link to a "
418,Seo,Add meta description and expand body content for /services/ai-voice-agents,Medium,False,False,META_DESC|THIN|VALUEPROP,RC-01|RC-07,recommendation-only,high,1,/services/ai-voice-agents,+30 pts,,1c7271cfe349903e,3,"Service pages for AI voice agents target enterprise buyers evaluating vendors. Thin content reduces trust and fails to answer common questions, causing visitors to bounce to competitors. Missing meta description further suppresses organic CTR by 8-12%.","Write a meta description of 140-160 characters that includes key terms like 'AI voice agent development' and 'UK' and highlights the live demo. Expand body content to 800+ words covering: what an AI voice agent is, use cases, production-grade considerations, your methodology, and a clear CTA. Add a direct answer in the first 150 words: e.g., 'Silverstone AI develops production-grade voice agents that handle complex calls.'"
419,Seo,Add structured data & fix H1 mismatch on article page,Easy,True,False,META_DESC|H1_DUPLICATE|SCHEMA|DATES|COOKIE_H1|VALUEPROP,RC-01|RC-02|RC-03|RC-04|RC-07,confirmed-runtime,high,1,/blog/salon-automation-salons-barbers-first-should,+15 pts,,e8ba9b693e57b293,2,"Salon owners searching for automation advice will see a cookie-consent H1 in snippets, reducing CTR and AI endorsement. Missing schema blocks eligibility for featured snippets, article carousels, and knowledge panels, limiting organic visibility for a high-intent topic.","Replace the current H1 with the article title: 'What UK Salons and Barbers Should Automate First'.Edit the page template to ensure the H1 reflects the content headline, not the cookie banner. Change <h1>Customize your cookie preferences</h1> to <h1>What UK Salons and Barbers Should Automate First</h1>. Add JSON-LD structured data for Article type.Include schema.org/Article markup with headline, datePublished, author, and description. Insert in <head>: {""@context"": ""https://schema.org"", ""@type"": ""Article"", ""headline"": ""What UK Salons and Barbers Should Automate First"", ""datePublished"": ""2026-07"
420,Seo,Add FAQ section with 3-5 common questions for GEO optimization,Easy,False,False,SCHEMA|FAQ,RC-02|RC-05,obsolete-advice,high,1,/industry/estate-agents,+15 pts,,5b158f80919387dc,3,"Estate agents evaluating automation solutions often compare options via search. A well-structured FAQ can capture 3-5 high-intent queries per session, increasing organic visibility in Google AI overviews and other generative answer surfaces. For a commercial FAQ page, this could mean 15-25% more qualified traffic from informational queries.","Add a visible FAQ section with 3-5 common questions and concise answers at the bottom of the page (before the footer).Use an FAQPage schema markup. Questions should mirror real queries estate agents ask: How long does implementation take? Is it GDPR-compliant? How does it integrate with existing CRM? etc. Q: How quickly can Silverstone be implemented? A: Most agencies go live in weeks, not quarters. Our staged implementation ensures minimal disruption. Add FAQPage JSON-LD schema to the page <head>.Include mainEntity array with Question and Answer properties for each Q&A. Ensure each question u"
421,Content,"Fix H1 and meta description: page targets app development, but H1 shows cookie preferences",Easy,True,False,META_DESC|H1_DUPLICATE|HEADING_GENERIC|COOKIE_H1|TITLE_TAG,RC-01|RC-03|RC-04|RC-06,confirmed-3p-mutation,high,1,/blog/small-business-app-development,+15 pts,,1775eea274e4af30,1,"For a UK small business audience researching app development, a misleading H1 and missing meta description lower trust, increase bounce rate, and reduce organic CTR by an estimated 10-15% on relevant queries like 'small business app development UK'.","Replace the H1 with a relevant heading that matches the article topic and includes target keywords.Use the page title or a variant as H1. <h1>App Development for UK Small Businesses</h1> Add a meta description of 150-160 characters summarizing the article's value.Include keywords: UK small business, app development, workflow, AI. <meta name=""description"" content=""Learn how UK small businesses can build custom apps that remove operational friction. Discover workflow-first development, AI integration tips, and practical next steps.""> Ensure the cookie banner does not inject its text into the H1 "
422,Content,Add meta description and expand content for /ai-voice-agents,Medium,False,False,META_DESC|H1_DUPLICATE|THIN|VALUEPROP,RC-01|RC-04|RC-07,confirmed-runtime,high,1,/services/ai-voice-agents,+15 pts,,637a001347b544fd,2,"Missing meta description reduces CTR by 8-12% on commercial-intent queries like 'AI voice agent development UK'. Thin content causes poor topical authority, leading to lower rankings and lost leads for a high-value service.","Write a compelling meta description (140-160 chars) that includes target keywords and a clear value proposition.Include 'AI voice agent development UK', 'production-grade', 'custom voice agents'. Expand body content to at least 500-800 words. Add sections explaining the service, benefits, use cases, and technical approach.Cover what AI voice agents are, how Silverstone builds them, industries served, and why the demo is unique. Improve the H1 to be more descriptive and keyword-rich.Example: 'Production-Grade AI Voice Agent Development UK | Silverstone AI'."
423,Seo,Add FAQ section to boost GEO score on salon automation article,Easy,False,False,FAQ|INTERNAL_LINK,RC-05|RC-07,obsolete-advice,high,1,/blog/salon-automation-salons-barbers-first-should,+15 pts,,250ec553072a0b61,3,"Salon owners searching for automation guidance often land on AI-generated overviews. Without FAQs, the page is less likely to appear in those snippets, reducing organic traffic and trust signals for a high-intent audience.","Add an FAQ section after the 'What UK salon owners should check before building' section with 3-5 questions and concise answers.Each answer should be 1-2 sentences, include a CTA or link to relevant service pages. Q: What is the first thing a UK salon should automate? A: Missed call capture and online booking flow—these prevent revenue leakage from unhandled enquiries."
424,Content,Fix H1 and add meta description to workflow automation selection guide,Easy,True,False,META_DESC|H1_DUPLICATE,RC-01|RC-04,confirmed-runtime,high,1,/blog/workflow-automation-selection-guide,+10 pts,,801320c73e548c69,2,"Visitors expect the page to be about choosing workflows, but see cookie preferences as the heading, causing confusion and high bounce rates. Missing meta description reduces organic CTR by 10-15% for commercial-intent queries like 'workflow automation selection guide'.",Change the H1 from 'Customize your cookie preferences' to 'Choose the First Workflow to Automate'. Add a meta description of 140-160 characters summarizing the article's value.
425,Content,Add FAQ section to /small-business-app-development to boost contextual clarity,Easy,False,False,SCHEMA|FAQ,RC-02|RC-05,obsolete-advice,high,1,/blog/small-business-app-development,+15 pts,,3f9ec18b536ad981,3,"For UK small businesses researching app development, FAQs address specific concerns like cost, timeline, and technical fit – driving organic discovery via featured snippets. Without them, the article loses engagement and CTR from question-based queries.",Add an FAQ section with 5-7 questions after the 'How to judge whether a custom app is worth it' section. Use schema markup (FAQPage) to enable rich results in search.
426,Content,Expand /services/ai-voice-agents from 88 words and add meta description,Medium,False,False,META_DESC|H1_DUPLICATE|THIN|VALUEPROP,RC-01|RC-04|RC-07,confirmed-runtime,high,1,/services/ai-voice-agents,+25 pts,,fd3a0ff83329743c,2,"This service page likely loses bookings for AI voice agent solutions. Thin content fails to rank for high-intent commercial queries (e.g., 'AI voice agent UK', 'voice agent development'), and missing meta descriptions reduce CTR by 8-12%. With 20 points lost on contextual clarity, the page underperforms against competitors with thorough explanations, demos, and testimonials.","Write a meta description of 140-160 characters summarizing the service and key benefits.Include keywords: AI voice agent, conversational AI, live demo, production-grade. Build production-grade AI voice agents with controlled call flows. Hear a live demo on this page – no installation needed. Trusted by UK enterprises. Add a clear definition of what an AI voice agent is in the first 150 words.Start with a sentence like: 'An AI voice agent is a conversational AI system that handles phone calls autonomously, following your business rules.' Then expand on use cases. An AI voice agent is a conversa"
427,Content,Add meta description and FAQ section to workflow automation guide,Easy,False,False,META_DESC|H1_DUPLICATE|SCHEMA|FAQ,RC-01|RC-02|RC-04|RC-05,confirmed-runtime,high,1,/blog/workflow-automation-selection-guide,+15 pts,,427dc287efd7bb46,2,UK SMEs searching for 'first workflow to automate' expect quick answers. No meta snippet reduces organic CTR by 8-12%. Missing FAQ section limits rich result eligibility (FAQ schema) and depth for informational intent - directly competing with general AI overviews.,"Add a meta description (140-160 chars) summarizing the guide's value and targeting 'first workflow automation'.Include key terms: UK SMEs, first automation, workflow selection, agency Learn how to choose the first workflow to automate for your UK SME. Use our practical audit to find the right candidate with clear ownership and measurable value. Add a FAQ section at the end of the article with 5-8 common questions, each with a paragraph answer.Use <h2>FAQ</h2> or <h2>Frequently Asked Questions</h2> and wrap each Q&A in a <details><summary> pattern or <div itemscope itemprop='mainEntity'> for FA"
428,Content,Fix heading hierarchy on /trades-websites-ai-automation,Easy,False,False,META_DESC|H1_DUPLICATE|HEADING_GENERIC|TITLE_TAG|VALUEPROP,RC-01|RC-04|RC-06|RC-07,confirmed-3p-mutation,high,1,/blog/trades-websites-ai-automation,+35 pts,,5a9bb80cbc558737,1,"For an AI automation article targeting UK trades businesses, a mismatched H1 reduces relevance signals, potentially lowering rankings for key queries like 'automation for trades businesses'. Missing meta description further depresses CTR.",Change the H1 from 'Customize your cookie preferences' to 'Automation for UK Trades Businesses' to match the page title and article focus. Add a meta description of 140-160 characters summarizing the article's core value proposition. Re-evaluate the H2 hierarchy: ensure each H2 is a clear subsection topic and consider adding H3s for deeper sections.
429,Content,Add missing meta description and align with content,Easy,True,False,META_DESC|H1_DUPLICATE|TITLE_TAG,RC-01|RC-04|RC-06,confirmed-3p-mutation,high,1,/blog/small-business-app-development,+12 pts,,0ba23126eef50672,1,"Small business owners searching for app development guidance will see auto-generated snippets in SERPs, reducing click-through rates. A well-crafted meta description can improve CTR by 8-12%, driving more organic traffic to this high-value content.","Add a meta description of 140-160 characters that accurately summarizes the article: highlights workflow-first approach, UK small business focus, and key takeaways. Fix the H1 to match the page title: change 'Customize your cookie preferences' to 'App Development for UK Small Businesses' to improve relevance and accessibility."
430,Content,Rewrite meta description to match article content,Easy,True,False,META_DESC|H1_DUPLICATE|COOKIE_H1|TITLE_TAG,RC-01|RC-03|RC-04|RC-06,confirmed-3p-mutation,high,1,/blog/workflow-automation-selection-guide,+12 pts,,fd1eca95547df273,1,"Article pages on workflow automation, especially for UK SMEs, rank for commercial-intent queries like 'workflow automation agency UK'. Missing meta description and misaligned H1 reduce CTR by 10-15% and may confuse search engines, losing leads for Silverstone AI's core service.","Add a meta description of 150-160 characters summarizing the article's value: selecting the first workflow to automate, audit steps, and agency selection. Change the H1 from 'Customize your cookie preferences' to a proper article heading like 'Choose the First Workflow to Automate'. Ensure the H1 matches the page title and appears at the top of the article content, not a cookie banner."
431,Content,"Align title and content on /services/ai-voice-agents (88 words, missing meta)",Medium,False,False,META_DESC|THIN|TITLE_TAG,RC-01|RC-06,confirmed-3p-mutation,high,1,/services/ai-voice-agents,+35 pts,,72ad116f2af4a2d9,1,"Missing meta description causes auto-generated snippets that may not attract clicks. Thin, misaligned content reduces trust and conversions for B2B AI development leads.","Write a 140-160 character meta description summarizing AI voice agent development services.Include UK market, custom voice agents, and call flow design. Custom AI voice agent development in the UK. Design, build and deploy production-grade voice agents with controlled call flows. Book a demo. Expand body content to at least 500 words covering development process, technology stack, and use cases.Add sections: How we build, Tech stack (ElevenLabs, etc.), Industries (healthcare, finance), and a CTA to contact. We design and deploy AI voice agents for enterprise. Our process: call flow design, voi"
432,Content,Fix H1 and meta description to match title promise,Easy,False,False,META_DESC|H1_DUPLICATE|COOKIE_H1,RC-01|RC-03|RC-04,confirmed-runtime,high,1,/blog/small-business-app-development,+15 pts,,90064851151e29f1,2,"For a UK small business audience searching for app development guidance, the irrelevant H1 reduces click-through rates and may cause users to bounce, losing potential leads. Missing meta description lets Google auto-generate snippets, often poorly, further hurting CTR.","Replace the H1 with a clear, topic-matched heading. Example: 'App Development for UK Small Businesses: A Practical Guide'.Ensure the cookie banner does not inject its own H1 into the page. If using a plugin, set the cookie banner H1 to a lower heading level (e.g., H2) or remove it from the main content area. Change <h1>Customize your cookie preferences</h1> to <h1>App Development for UK Small Businesses: A Practical Guide</h1> Add a meta description of 150–160 characters summarizing the article's value for small businesses.Include key benefits: workflow-first approach, AI integration, and prac"
433,Content,Align H1 and title with article focus (cookie consent mismatch),Easy,True,False,H1_DUPLICATE|COOKIE_H1,RC-03|RC-04,confirmed-runtime,high,1,/blog/workflow-automation-selection-guide,+17 pts,,eee8fc7cd403ce07,2,"Users landing on this article expecting workflow automation guidance are met with a cookie preference dialog as the H1, likely increasing bounce rate and reducing trust. Search engines may misinterpret the page topic, lowering relevance for workflow automation queries.","Change the H1 from 'Customize your cookie preferences' to a heading that matches the article's topic, such as 'How to Choose the First Workflow to Automate'. Ensure the cookie preference UI (if present) is visually distinct and not the most prominent heading – consider making it a modal or off-screen element."
434,Content,Fix meta description and H1 on salon automation article,Easy,True,False,META_DESC|H1_DUPLICATE|READABILITY,RC-01|RC-04|RC-07,confirmed-runtime,high,1,/blog/salon-automation-salons-barbers-first-should,+15 pts,,a2a62c9ab97dd5fa,2,"Salon owners searching for automation guidance rely on snippets - no meta description reduces CTR by 10-20%. Mismatched H1 confuses Google about page topic, weakening topical authority for 'salon automation UK' queries.",Add a 140-160 character meta description summarizing the article's value for UK salon owners.Must include target phrase 'salon automation UK' and a clear benefit. Discover which salon systems to automate first - from missed calls to rebooking. A UK-focused framework for barbers and salons. Change H1 from 'Customize your cookie preferences' to 'What UK Salons and Barbers Should Automate First' (same as title).Replace in page code (likely Magento CMS page settings). Improve readability: simplify long sentences and jargon. Target grade 9 reading level.Break down the long first paragraph into shor
435,Content,Add meta description to blog article and improve readability,Easy,False,False,META_DESC|READABILITY|VALUEPROP,RC-01|RC-07,recommendation-only,high,1,/blog/small-business-web-development,+15 pts,,bebe77999d4c9a77,3,"Missing meta description reduces organic CTR by 8-12% for a B2B tech audience. Poor readability causes visitors to bounce sooner, lowering time-on-page and conversions for AI/ML service inquiries.","Write a compelling meta description of 150-160 characters that includes target keywords like 'UK small business web development' and a value proposition.Keep it concise, mention Silverstone AI, and include a call-to-action. Simplify complex sentences and break down long paragraphs to improve readability (target grade 8-12).For example, replace 'a controlled business instrument: fast, elegant, measurable and built to move real work' with 'your website should be a tool that works for your business: fast, simple, and measurable.'"
436,Content,Fix heading hierarchy: H1 mismatch and missing meta description,Easy,False,False,META_DESC|H1_DUPLICATE|HEADING_GENERIC|COOKIE_H1,RC-01|RC-03|RC-04,confirmed-runtime,high,1,/blog/hospitality-automation-smes-build-first,+15 pts,,167fb204f7277a96,2,"A wrong H1 confuses search engines about the page's topic, reducing relevance for the target query 'hospitality automation UK SMEs'. Missing meta description reduces click-through rate from search results. This article targets business owners making purchasing decisions; poor SEO means lost leads for Silverstone AI's services.","Set the page's H1 to match the article title: 'Hospitality Automation: What UK SMEs Should Build First'.Ensure the cookie consent overlay does not inject its own H1 into the page heading. Use a proper HTML heading hierarchy with one H1 per page. Add a meta description of 150-160 characters summarizing the article's value.Highlight the practical guidance for UK hospitality SMEs on building automation stacks. Clean up the H2 outline to remove navigation items like 'Services', 'Industries', 'Company', 'ContinueExploring'. Keep only actual content headings.Maintain a logical hierarchy that reflect"
437,Content,Add meta description matching article content to /blog/trades-websites-ai-automation,Easy,True,False,META_DESC,RC-01,refuted-live,high,1,/blog/trades-websites-ai-automation,+8 pts,,fed92f4f07dce245,3,"Blog articles drive organic discovery for technology/SaaS companies targeting UK trades. A missing meta description reduces CTR by 8-12% on search results, directly impacting traffic to a page that costs time to produce.",Write a meta description of 150-160 characters that accurately summarizes the article: AI automation for UK trades businesses to improve lead response and reduce admin. Update the meta description tag in the page's HTML head section.
438,Content,Fix H1 & expand /salon-automation-salons-barbers-first-should from 1358->~2000 words,Medium,False,False,H1_DUPLICATE|FAQ|THIN|COOKIE_H1,RC-01|RC-03|RC-04|RC-05,confirmed-runtime,high,1,/blog/salon-automation-salons-barbers-first-should,+15 pts,,128fa0d6cff8f75d,2,"The missing/correct H1 hurts relevance signals for the target query 'salon automation UK', reducing click-through rates from search. Thin content may cause Google to rank competitor articles higher, losing potential leads for Silverstone AI's salon automation services.","Override the H1 to reflect the article topic. Replace the cookie preferences H1 with a clear, keyword-rich heading like 'What UK Salons and Barbers Should Automate First'.Update the page template or CMS to ensure the article title is used as H1, not a cookie banner. <h1>What UK Salons and Barbers Should Automate First</h1> Expand the article from 1358 to around 2000 words. Add subsections with practical UK-specific examples, such as a case study of a salon that reduced no-shows by automating reminders.Focus on adding depth to 'The five systems that usually matter most' and 'Where websites, AI "
439,Content,Add FAQ section to blog post on small business web development,Easy,False,False,SCHEMA|FAQ|CITATION,RC-02|RC-05|RC-07,obsolete-advice,high,1,/blog/small-business-web-development,+15 pts,,e16be52dcb559302,3,"For UK small businesses researching web development, missing FAQs may reduce organic visibility by 10-15% on long-tail queries. Competitors with richer FAQ content capture more featured snippets and AI citations.",Add a FAQ section with 5-7 questions derived from common client queries or keyword research.Use structured data (FAQPage schema) to enable rich results. Insert after the 'How to judge whether a web partner is commercially useful' section.
440,Content,Fix H1 mismatch and add meta description to hospitality automation article,Easy,True,False,META_DESC|H1_DUPLICATE|VALUEPROP,RC-01|RC-04|RC-07,confirmed-runtime,high,1,/blog/hospitality-automation-smes-build-first,+5 pts,,b5ba50ff1fda5a1b,2,"This article targets UK hospitality SMEs searching for automation advice. A mismatched H1 confuses both users and search engines, reducing relevance signals. Missing meta description lowers CTR in SERPs. For a niche B2B audience, this can mean losing 5-10% of potential clicks to competitors.",Update the H1 to match the article title: 'Hospitality Automation: What UK SMEs Should Build First' Add a meta description of 140-160 characters that summarizes the article's value proposition
441,Content,Fix H1 title mismatch: 'Cookie preferences' vs. article topic,Easy,True,False,META_DESC|H1_DUPLICATE|COOKIE_H1|TITLE_TAG,RC-01|RC-03|RC-04|RC-06,confirmed-3p-mutation,high,1,/blog/trades-websites-ai-automation,+17 pts,,3ec24b95c93489c9,1,Visitors arrive expecting trades automation content but see a cookie preference banner as the main heading – eroding trust and likely increasing bounce rate. The page may not rank for target keywords like 'AI automation for trades' because the H1 doesn't match the query intent.,"Replace the H1 'Customize your cookie preferences' with a relevant H1 that matches the article topic.The new H1 should reflect the article's main promise: AI automation for UK trades businesses. AI Automation for UK Trades Businesses: A Practical Guide Ensure the cookie banner is implemented as a separate overlay or dialog, not using an <h1> tag. Use a <div> or ARIA role for the cookie preferences.Check the theme or plugin that generates the cookie banner and prevent it from inserting an H1 that overrides the page's content heading. Update the meta description (currently missing) to summarize "
442,Content,Add meta description to /blog/small-business-web-development,Easy,False,False,META_DESC|H1_DUPLICATE|HEADING_GENERIC|COOKIE_H1|TITLE_TAG,RC-01|RC-03|RC-04|RC-06,confirmed-3p-mutation,high,1,/blog/small-business-web-development,+10 pts,,02b71ad59e2d64dd,1,"For a technology/AI company targeting worldwide small businesses, a missing meta description on an educational article reduces organic click-through rates by an estimated 8-12%, lowering lead generation from high-intent informational search queries.","Write a 140-160 character meta description that accurately summarizes the article's value for UK small business web development.Include key phrases like 'UK small business,' 'high-performing website,' 'conversion paths,' and 'commercial system.' Ensure the H1 tag reflects the actual article title and not a cookie preferences heading. Either update the H1 to match the page title or fix the cookie configuration.The H1 'Customize your cookie preferences' is likely an error—possibly a cookie banner element incorrectly using an H1 tag. Replace it with a relevant heading like 'Web Design & Developme"
443,Content,Fix H1 and add meta description alignment to hospitality automation article,Easy,False,False,META_DESC|H1_DUPLICATE|VALUEPROP,RC-01|RC-04|RC-07,confirmed-runtime,high,1,/blog/hospitality-automation-smes-build-first,+10 pts,,86ef430c40988975,2,"For a tech industry article targeting UK hospitality SMEs, a mismatched H1 and missing meta description reduce organic CTR and create confusion in search results, likely losing traffic and authority.","Update the page H1 to match the article title: 'Hospitality Automation: What UK SMEs Should Build First'Ensure the H1 accurately reflects the main topic of the article. Change H1 from 'Customize your cookie preferences' to 'Hospitality Automation: What UK SMEs Should Build First' Write a compelling meta description of 150-160 characters summarizing the article's value proposition for UK hospitality SMEs.Include key terms like hospitality automation, UK SMEs, guest friction, and practical stack. Learn how UK hospitality SMEs can build a practical automation stack to reduce guest friction, impro"
444,Content,Rewrite meta description to match article content,Easy,True,False,META_DESC,RC-01,refuted-live,high,1,/blog/salon-automation-salons-barbers-first-should,+10 pts,,10a51de75463d5d6,3,"For a technology site targeting UK salons, a missing meta description reduces organic CTR by 8-12% on commercial-intent queries. This could mean fewer leads for Silverstone AI's automation services.","Add a meta description of 150-160 characters summarizing the article's priority framework for salon automation. Ensure the meta description includes keywords like 'UK salons', 'automate first', 'booking', and 'reception'."
445,Content,"Fix H1, add meta, and improve readability on gym freeze myths article",Easy,False,False,META_DESC|H1_DUPLICATE|READABILITY,RC-01|RC-04|RC-07,confirmed-runtime,high,1,/blog/gym-membership-freeze-automation-myths,+15 pts,,413b0898d08d7382,2,"UK gym operators searching for freeze automation solutions may skip this article due to a misleading H1 and no meta description, reducing organic CTR and lead generation potential.",Update the H1 to match the article's topic and target keyword.Change H1 from 'Customize your cookie preferences' to 'Gym Freeze Automation Myths for UK Gyms'. Before: <h1>Customize your cookie preferences</h1> After: <h1>Gym Freeze Automation Myths for UK Gyms</h1> Add a meta description between 140-160 characters that summarizes the article's value.Include primary keyword 'gym membership freeze automation UK' and a clear benefit statement. Meta description: 'Debunk myths about gym membership freeze automation for UK gyms. Learn practical workflows to improve operations and member retention. R
446,Content,Fix title and H1 misalignment on web development page,Easy,False,False,H1_DUPLICATE|TITLE_TAG,RC-04|RC-06,confirmed-3p-mutation,high,1,/blog/small-business-web-development,+15 pts,,a066bb5c8cb3f497,1,"Misaligned title and H1 confuse search engines, harming keyword rankings for 'small business web development UK' queries. Users see cookie preferences instead of relevant content, increasing bounce rate and reducing conversions for tech/consulting services.",Set the H1 to match the page title: 'Web Design & Development for UK Small Businesses'.Edit the page in Magento: go to Content > Elements > Heading (H1) and replace 'Customize your cookie preferences' with the recommended H1.
447,Content,Fix H1 & meta mismatch: article vs cookie preferences,Easy,True,False,META_DESC|H1_DUPLICATE|TITLE_TAG,RC-01|RC-04|RC-06,confirmed-3p-mutation,high,1,/blog/salon-automation-salons-barbers-first-should,+25 pts,,9d46e0f8ab7447b4,1,"For a tech content site targeting UK salon owners, a misaligned H1 can increase bounce rate by 20-40% and reduce organic CTR. Missing meta description means search snippets are auto-generated, often poorly, further lowering CTR.","Replace H1 with a descriptive headline matching the article topic, e.g., 'What UK Salons and Barbers Should Automate First'.Update the H1 tag (likely in the page builder or theme) to align with the page title and content. Change <h1>Customize your cookie preferences</h1> to <h1>What UK Salons and Barbers Should Automate First</h1> Add a meta description of 140-160 characters summarizing the article's value.Write a compelling meta description that includes key phrases like 'salon automation UK', 'barber booking system', and 'reduce no-shows'. <meta name=""description"" content=""Discover which sal"
448,Content,Fix H1 and meta description on hospitality automation article,Easy,True,False,META_DESC|H1_DUPLICATE|COOKIE_H1,RC-01|RC-03|RC-04,confirmed-runtime,high,1,/blog/hospitality-automation-smes-build-first,+15 pts,,ccbbfc4820b8edaf,2,"Hospitality SMEs searching for automation guidance may see the cookie title in search snippets, reducing click-through rate and trust. Missing meta description further hurts CTR and missed organic traffic for high-intent queries.","Change the H1 to match the article topic, e.g., 'Hospitality Automation: What UK SMEs Should Build First'.The current H1 is a cookie consent message, likely a mistake. <h1>Hospitality Automation: What UK SMEs Should Build First</h1> Add a compelling meta description (140-160 characters) summarizing the article's value for hospitality SMEs.Include key terms like 'UK hospitality', 'automation', 'guest friction', 'AI reception'. Discover where UK hospitality SMEs should start with automation to reduce guest friction, missed calls, and manual bookings. Practical stack for small businesses."
449,Content,Add meta description and fix H1 on gym automation article,Easy,True,False,META_DESC|H1_DUPLICATE|VALUEPROP,RC-01|RC-04|RC-07,confirmed-runtime,high,1,/blog/gym-automation-operating-model,+15 pts,,e46c0b12a06355ab,2,"Missing meta description reduces organic CTR by 8-12% for commercial-intent queries. Incorrect H1 confuses search engines and users, likely causing poor indexing and lower rankings for key terms like 'gym automation UK'.",Replace H1 from 'Customize your cookie preferences' to 'Gym Automation for UK Fitness Businesses' or 'Gym Automation Operating Model'. Write a 150-160 character meta description summarizing the article's value proposition for UK gym owners.
450,Content,Add FAQ section to blog article for SEO & AI citability,Easy,False,False,SCHEMA|FAQ|THIN,RC-01|RC-02|RC-05,obsolete-advice,high,1,/blog/gym-membership-freeze-automation-myths,+15 pts,,e80efbe667132672,3,"FAQ sections can increase click-through rates by 14-20% for informational queries and improve chances of appearing in featured snippets and AI answers, directly driving more organic traffic to the blog.","Add an FAQ section at the end of the article, before the 'Continue Exploring' section. Write 3-5 frequently asked questions related to gym membership freeze automation, using natural language questions. Implement FAQ schema markup (JSON-LD) on the page. Ensure each answer is concise (40-60 words) and directly addresses the question."
451,Content,Improve readability and add meta description to blog article,Medium,False,False,META_DESC|H1_DUPLICATE|READABILITY,RC-01|RC-04|RC-07,confirmed-runtime,high,1,/blog/content-creation-system-should-build-not,+15 pts,,82f9eff0836dca7c,2,"For a UK small business audience, poor readability and missing meta description can reduce organic CTR by 10-20% and increase bounce rate, directly impacting lead generation and trust-building.","Add a meta description between 140-160 characters summarizing the article's value for UK small businesses.Include keywords like 'content system', 'UK small business', 'AI content creation'. Rewrite the H1 to match the article topic. Suggested: 'Build a Content System That Works for Your Small Business'Ensure H1 is descriptive and relevant to the content. Simplify complex sentences throughout the article. Break down long paragraphs into shorter ones. Aim for Flesch-Kincaid grade 8-10.Focus on the introduction and the section 'Why most content underperforms'."
452,Content,Add FAQ section to /blog/conversion-focused-website-planning for AI citability,Easy,False,False,META_DESC|SCHEMA|FAQ,RC-01|RC-02|RC-05,obsolete-advice,high,1,/blog/conversion-focused-website-planning,+15 pts,,8bf5411342750a06,3,"UK small business owners often search with question-intent queries (e.g., 'how to plan a website for conversions'). A FAQ section could capture featured snippets for 3–5 such questions, potentially increasing organic CTR by 20–30% for those queries. Without it, the page cedes that traffic to competitors with FAQ sections.","Insert a FAQ section after the 'What to ask before signing...' section, before the closing summary.Add an H2 heading 'Frequently Asked Questions' and include 4–6 FAQ entries with question-answer pairs. Use structured data (FAQPage schema) to enhance eligibility for Google's FAQ rich results and AI overviews. <h2>Frequently Asked Questions</h2> <div itemscope itemtype=""https://schema.org/FAQPage""> <div itemscope itemprop=""mainEntity"" itemtype=""https://schema.org/Question""> <h3 itemprop=""name"">Do I need a new platform for conversion-focused web design?</h3> <div itemscope itemprop=""acceptedAnswe"
453,Content,Add FAQ section to gym-automation article,Medium,False,False,SCHEMA|FAQ,RC-02|RC-05,obsolete-advice,high,1,/blog/gym-automation-operating-model,+10 pts,,35c76e7326ba51bc,3,FAQ sections can increase organic visibility by 10-20% for question-based queries and improve AI citability for voice search.,"Add a FAQ section with 5-7 questions addressing common gym automation queries.Write questions in natural language that users might ask, such as 'How much does gym automation cost?' and 'What software do small gyms need?' What is gym automation? Why do UK gyms lose revenue? How do I automate trial bookings? Implement FAQ schema markup on the section.Use JSON-LD format with Question and Answer properties for each FAQ item."
454,Content,Add meta description to gym-freeze article (missing → ~160 chars),Easy,True,False,META_DESC,RC-01,refuted-live,high,1,/blog/gym-membership-freeze-automation-myths,+10 pts,,dd4edc6315b6f042,3,"For a technology company targeting UK gym operators, a compelling meta description could lift organic CTR by 8-12% on high-intent queries like 'gym membership freeze automation UK'. Given the article is a lead generation tool for Silverstone AI's services, the impact could translate to more demo requests.","Write a meta description of 150-160 characters summarizing the article's value for UK gym operators.Focus on myths vs. reality, operational benefits, and call to action for Silverstone AI's automation platform. Update the meta description tag in the HTML head of the page."
455,Content,Expand article to 1500-3000 words and fix meta description,Medium,False,False,META_DESC|H1_DUPLICATE|THIN|VALUEPROP,RC-01|RC-04|RC-07,confirmed-runtime,high,1,/blog/content-creation-system-should-build-not,+15 pts,,549b1c82a43f37a9,2,"For a tech/SaaS audience researching content systems, thin content and a mismatched H1 reduce topical relevance and click-through rates. A missing meta description loses an estimated 8-12% CTR on informational queries.","Change the H1 from 'Customize your cookie preferences' to the article's target topic.Create an H1 that matches the title and summarizes the article, e.g., 'How to Build a Content System That Actually Works for UK Small Businesses'. <h1>How to Build a Content System That Actually Works for UK Small Businesses</h1> Write a meta description of 140-160 characters summarizing the article's value proposition.Include keywords 'content system', 'UK small business', and 'AI content creation' to improve CTR. Learn how UK small businesses can build a content system that drives revenue, reduces friction, "
456,Content,Fix meta description and H1 mismatch on gym automation article,Easy,True,False,META_DESC|H1_DUPLICATE|VALUEPROP,RC-01|RC-04|RC-07,confirmed-runtime,high,1,/blog/gym-automation-operating-model,+15 pts,,600995081977ff5f,2,"For a UK fitness business audience searching for gym automation solutions, the missing meta and wrong H1 will reduce organic CTR by an estimated 10-15%, directly decreasing trial bookings and consultation inquiries. The H1 error also degrades on-page user trust.","Add a compelling meta description of 150-160 characters summarizing the article's value proposition.Include keywords like 'gym automation', 'UK fitness business', 'revenue leakage', and 'operating model'. Change the H1 from 'Customize your cookie preferences' to the actual article title.The H1 should match the page topic: 'Gym Automation: A Practical Operating Model for UK Fitness Businesses' or similar."
457,Content,Fix H1 and meta description for /gym-membership-freeze-automation-myths,Easy,True,False,META_DESC|H1_DUPLICATE,RC-01|RC-04,confirmed-runtime,high,1,/blog/gym-membership-freeze-automation-myths,+15 pts,,55dfd38bb9efe13f,2,"For a technology/AI site targeting UK gym operators, this misalignment causes high bounce rates from search visitors and reduces organic CTR. Missing meta description loses potential traffic from commercial-intent queries about gym automation.","Change the H1 to match the article topic, e.g., 'Gym Freeze Automation Myths: Separating Fact from Fiction for UK Operators'.Update the H1 tag in the page HTML to reflect the article's core topic. Add a meta description between 140-155 characters that summarizes the article and includes key phrases like 'gym membership freeze automation', 'UK gyms', and 'myths'.Write a concise, compelling meta description to improve CTR."
458,Content,Fix title-content misalignment and add meta description,Easy,False,False,META_DESC|H1_DUPLICATE|COOKIE_H1,RC-01|RC-03|RC-04,confirmed-runtime,high,1,/blog/gym-automation-operating-model,+25 pts,,9303770a2db7f0f8,2,"Fitness business owners searching for gym automation solutions see a cookie consent heading in snippets, drastically reducing click-through rate and trust. This wastes the content's organic potential and may cause deindexing.","Remove the cookie consent page or ensure the actual content's H1 is displayed. The H1 should match the article's topic.The page appears to be serving a cookie preference page instead of the article content. Ensure the correct content is rendered at this URL. Write a compelling meta description of 140-160 characters.Summarize the article's value: operating model for gym automation, reducing leakage, and practical steps."
459,Content,Add meta description matching article content for /blog/content-creation-system-should-build-not,Easy,True,False,META_DESC|H1_DUPLICATE|COOKIE_H1|VALUEPROP,RC-01|RC-03|RC-04|RC-07,confirmed-runtime,high,1,/blog/content-creation-system-should-build-not,+12 pts,,bd9027ea0da19737,2,"For a technology/AI niche targeting UK small businesses, a compelling meta description can improve CTR by 8-12%. Loss of 8 points suggests significant missed organic traffic from informational queries.","Create a 150-160 character meta description that summarizes the article's value proposition: how a content system helps UK small businesses improve commercial performance, trust, and response times.Include keywords like 'content system', 'UK small business', and 'AI content creation' naturally. Learn how UK small businesses can build a practical content system that boosts revenue, saves time, and reduces friction—where AI helps and where human judgment stays in control. Update the H1 from 'Customize your cookie preferences' to a headline that matches the article topic.The H1 appears to be a co"
460,Content,Add FAQ section and meta description to /bespoke-app-development-guide,Easy,False,False,META_DESC|H1_DUPLICATE|SCHEMA|FAQ|CITATION,RC-01|RC-02|RC-04|RC-05|RC-07,confirmed-runtime,high,1,/blog/bespoke-app-development-guide,+15 pts,,0f001aa9caf25b2d,2,"For a B2B tech audience searching for bespoke app development guidance, a missing meta description reduces CTR by 8-12%, and the missing FAQ section lowers the chance of appearing in 'People also ask' boxes and AI answer citations, potentially losing 10-15% of organic traffic from high-intent queries.","Write a compelling meta description of 150-160 characters that summarizes the article and includes key terms like 'bespoke app development UK', 'minimum useful product', and 'workflow-first'. Add an FAQ section at the end of the article with 5-7 common questions about bespoke app development for UK small businesses, using structured data (FAQ schema) where possible. Fix the H1 from 'Customize your cookie preferences' to match the article title, e.g., 'Bespoke App Development for UK Small Businesses'."
461,Content,Fix meta description and H1 mismatch on /blog/ai-voice-agent-out-of-hours,Easy,True,False,META_DESC|H1_DUPLICATE|COOKIE_H1|TITLE_TAG,RC-01|RC-03|RC-04|RC-06,confirmed-3p-mutation,high,1,/blog/ai-voice-agent-out-of-hours,+10 pts,,cc5d609885de9c2a,1,"For a technology/AI site targeting worldwide businesses, this confuses search engines and users. The H1 mismatch can hurt ranking signals, and missing meta reduces CTR by 8-12% on commercial intent queries.","Change H1 to match the page title: 'Out-of-Hours AI Voice Agent UK'The H1 should be the main heading of the article, not a cookie banner. Add a meta description of 140-160 characters that summarizes the article and includes key terms like 'out-of-hours', 'AI voice agent', 'UK', 'triage', 'escalation'. Learn how UK businesses can deploy an AI voice agent for out-of-hours calls that triages urgency, captures messages, and escalates only what matters."
462,Content,Fix title/headline mismatch on content systems article,Easy,True,False,H1_DUPLICATE|COOKIE_H1,RC-03|RC-04,confirmed-runtime,high,1,/blog/content-creation-system-should-build-not,+20 pts,,a76d8e4a329dd09f,2,"This misalignment prevents the article from ranking for its target keywords (e.g., content system for UK small business). The page is not indexed, causing zero organic traffic. Visited users hit a cookie wall instead of the article, increasing bounce rate.","Remove the <h1> cookie preferences heading from the page. The cookie banner should use a hidden or ARIA label instead.Find the cookie consent module and change its heading from H1 to a div or hidden span. Set the article's actual H1 to 'Content Systems for UK Small Businesses' or a similar on-topic headline.In the page content, wrap the main article title in an H1 tag, e.g., '<h1>Content Systems for UK Small Businesses</h1>'."
463,Content,Write meta description matching article's service architecture focus,Easy,False,False,META_DESC|H1_DUPLICATE,RC-01|RC-04,confirmed-runtime,high,1,/blog/conversion-focused-website-planning,+15 pts,,29a1edcb5fc68941,2,"Small business owners searching for conversion-focused design may skip this article due to irrelevant snippets, reducing organic traffic by an estimated 10-15% and missing qualification opportunities.","Write a 150-160 character meta description summarizing the article's core argument: service architecture before platform, clear user journeys, and commercial UX decisions. Update the H1 from 'Customize your cookie preferences' to something reflecting the article, e.g., 'Conversion-Focused Web Design: Planning for Real Results'."
464,Content,Fix meta description and H1 for /blog/bespoke-app-development-guide,Easy,True,False,META_DESC|H1_DUPLICATE|COOKIE_H1|TITLE_TAG,RC-01|RC-03|RC-04|RC-06,confirmed-3p-mutation,high,1,/blog/bespoke-app-development-guide,+10 pts,,585b2244b43c763f,1,"Missing meta description reduces organic click-through rate by an estimated 8-12% for search appearances. Misaligned H1 confuses users and search engines, diminishing relevance signals for queries like 'bespoke app development UK'.","Add a meta description of 140-160 characters summarizing the guide's value for UK small businesses seeking bespoke app development.Include key terms: bespoke app development, UK small business, workflow-first, minimum useful product. Learn how to build a bespoke app for your UK small business: start with workflow, define a minimum useful product, and make smart commercial decisions. Change the H1 from 'Customize your cookie preferences' to the article title: 'Bespoke App Development for UK Small Businesses'.Ensure no duplicate H1 across the page (check for other visible H1 elements). Verify th"
465,Content,Add FAQ section to improve contextual clarity and AI citability,Easy,False,False,SCHEMA|FAQ,RC-02|RC-05,obsolete-advice,high,1,/blog/ai-voice-agent-out-of-hours,+10 pts,,dbe8554f9fa9f677,3,"For a UK AI voice agent B2B audience, FAQ sections typically increase organic CTR by 5-10% on question-based queries and improve chances of appearing in featured snippets and AI overviews, which are prominent for technology queries.","Add an FAQ section before the conclusion with 5-8 questions derived from the article's myth/reality structure.Extract questions from the article content, e.g., 'What is the role of an out-of-hours AI voice agent?', 'Should an after-hours AI agent try to resolve every caller request?', 'Is voicemail replacement sufficient for nights and weekends?', 'What UK-specific compliance requirements apply?', 'How do you test an AI out-of-hours line before going live?'. ## Frequently Asked Questions ### What is the role of an out-of-hours AI voice agent? An out-of-hours AI voice agent acts as a triage and"
466,Content,Fix title-H1 mismatch on /conversion-focused-website-planning,Easy,True,False,META_DESC|H1_DUPLICATE|COOKIE_H1|TITLE_TAG,RC-01|RC-03|RC-04|RC-06,confirmed-3p-mutation,high,1,/blog/conversion-focused-website-planning,+20 pts,,cf5a42931b829afd,1,"Small business owners seeking web design guidance will be misled by the title and bounce when seeing a cookie consent heading, reducing trust and increasing bounce rate by an estimated 20-30%.","Replace the H1 with a heading that matches the page title and content.Change 'Customize your cookie preferences' to 'Conversion-Focused Web Design for UK Small Businesses' or a similar descriptive H1. Add a meta description of 140-160 characters summarizing the article's value for UK small businesses. Move or hide the cookie preference UI that's currently overriding the H1, ensuring the primary heading remains content-focused."
467,Content,Fix meta description and H1 mismatch on bespoke app guide,Easy,True,False,META_DESC|H1_DUPLICATE,RC-01|RC-04,confirmed-runtime,high,1,/blog/bespoke-app-development-guide,+12 pts,,3f6172e856b19c7c,2,"The irrelevant H1 confuses users and search engines, likely increasing bounce rate by 10-15% for organic visitors. Missing meta description reduces organic CTR by 8-12%, especially on commercial queries like 'bespoke app development UK'.","Update H1 to match the article topic, e.g. 'Bespoke App Development Guide for UK Small Businesses'. Write a compelling meta description of 150-160 characters summarizing the guide's key value: workflow-first approach, minimum useful product, and build-vs-buy decisions. Ensure the H1 is unique to this page and not reused elsewhere on the site."
468,Content,Fix H1 and add meta description to improve clarity and indexing,Easy,False,False,META_DESC|H1_DUPLICATE|COOKIE_H1|TITLE_TAG,RC-01|RC-03|RC-04|RC-06,confirmed-3p-mutation,high,1,/blog/ai-voice-agent-development,+15 pts,,b47bf33949419acb,1,"For a tech article targeting UK businesses, a missing meta description reduces organic CTR by 8-12%, and a mismatched H1 confuses users and search engines, potentially lowering rankings and engagement.","Replace the H1 with a topic-appropriate heading reflecting the article's focus.The current H1 is a cookie consent placeholder; use the page title or a compelling variant. <h1>AI Voice Agent Development for UK Businesses</h1> Add a meta description of 150-160 characters summarizing the article's value for the target audience.Include keywords like 'AI voice agent', 'UK businesses', 'production call flow', and 'governance'. Learn what AI voice agents really are, how production calls work, and how to buy sensibly for UK businesses. Compare with IVR, chatbots, and AI receptionists. Ensure the H1 is"
469,Content,Rewrite meta description for AI voice agent article,Easy,True,False,META_DESC|H1_DUPLICATE|SCHEMA|COOKIE_H1|VALUEPROP,RC-01|RC-02|RC-03|RC-04|RC-07,confirmed-runtime,high,1,/blog/ai-voice-agent-out-of-hours,+8 pts,,2e28d8c435933220,2,Missing meta description for an article targeting commercial-intent queries ('out-of-hours AI voice agent UK') can reduce organic CTR by 8-12%. This directly impacts lead generation for a B2B tech service.,"Add a meta description of 150-160 characters summarizing the article's value proposition: triage-focused AI voice agent for UK businesses, emphasizing benefits like capturing urgency, structured data, and escalation control. Ensure the H1 tag is corrected from the cookie consent placeholder to the article's actual headline, such as 'Out-of-Hours AI Voice Agent: Triage & Routing for UK Businesses'."
470,Content,Improve readability for /blog/ai-trades-operating-system-websites-automation,Medium,False,False,THIN|READABILITY,RC-01|RC-07,recommendation-only,high,1,/blog/ai-trades-operating-system-websites-automation,+10 pts,,32ef1954d51c6e1e,3,"The target audience includes plumbers, electricians, and builders who are often time-poor and may have lower reading levels. Complex text reduces comprehension, increases bounce rate, and lowers content sharing, costing potential leads and trust.","Break long sentences into shorter ones (max 20 words per sentence). For example, split the sentence about Silverstone AI into two or three simpler sentences. Replace complex words with simpler alternatives: 'fragmentation' → 'disconnected parts', 'commercially organised' → 'well-run', 'quantified' → 'measured'. Add bullet points or numbered lists in sections like 'What to automate first' to make content scannable. Use active voice and direct address: 'You need one working system' instead of 'The usual problem is not effort. It is fragmentation.'"
471,Content,Align H1 and title with article content on bespoke app development guide,Easy,True,False,META_DESC|H1_DUPLICATE|SCHEMA,RC-01|RC-02|RC-04,confirmed-runtime,high,1,/blog/bespoke-app-development-guide,+25 pts,,d1da8a2c2a9475d9,2,"Small business owners searching for bespoke app guidance encounter a cookie settings headline, causing immediate confusion and likely high bounce rates. For a tech site targeting UK SMEs, this lost trust directly reduces leads and conversions from organic traffic. Indexation issues may further prevent ranking for relevant queries.","Update the H1 to match the article's core theme.Replace 'Customize your cookie preferences' with a clear H1 that reflects the guide's promise, e.g., 'Bespoke App Development for UK Small Businesses' or 'A Practical Guide to Bespoke App Development'. Change H1 from 'Customize your cookie preferences' to 'Bespoke App Development for UK Small Businesses: Workflow-First Approach'. Ensure meta description is present and aligned.Add a 150-160 character meta description summarizing the article's value: workflow-first, MVP definition, integration decisions. Example: 'Learn how to approach bespoke app "
472,Content,Add meta description and FAQ section to /blog/ai-voice-agent-development,Easy,False,False,META_DESC|H1_DUPLICATE|SCHEMA|FAQ|COOKIE_H1|VALUEPROP,RC-01|RC-02|RC-03|RC-04|RC-05|RC-07,confirmed-runtime,high,1,/blog/ai-voice-agent-development,+15 pts,,0ca2df0ce15f6a1b,2,"UK businesses researching voice agents have high purchase intent. Missing meta reduces CTR 8-12%; no FAQ loses featured snippets and voice search opportunities, potentially costing 10-15% of organic traffic for commercial queries.","Set the H1 to the actual article title: 'AI Voice Agent Development for UK Businesses' and fix the current H1 which reads 'Customize your cookie preferences' (likely a misconfiguration).The H1 must match the page's topic. Ensure the cookie banner is separate from the page content heading. Write a meta description (150-160 characters) that summarizes the article's value proposition for UK businesses.Include keywords: AI voice agent development, UK businesses, production call workflow, governance, buying framework. Add an FAQ section at the end of the article, before the footer or related posts."
473,Content,Fix title and H1 mismatch on AI voice agent article,Easy,True,False,META_DESC|H1_DUPLICATE|COOKIE_H1|VALUEPROP,RC-01|RC-03|RC-04|RC-07,confirmed-runtime,high,1,/blog/ai-voice-agent-out-of-hours,+20 pts,,d09680c9372441c7,2,"For a B2B technology audience researching AI voice solutions, this misalignment signals poor page quality to Google, reducing organic CTR and preventing the page from ranking for relevant queries like 'AI voice agent out of hours UK'. The 17-point penalty in contextual clarity clutters the user experience and hurts lead generation.","Set the page's H1 to match the article's main topic, e.g., 'Out-of-Hours AI Voice Agent UK'.The current H1 is generated by a cookie plugin; ensure the page's actual heading (the visible H1) is the article title, not a cookie banner. Hide or move the cookie consent banner so it does not occupy the H1 tag.Use a lower-level heading (e.g., div or <p>) for the cookie notice, and assign a proper <h1> element to the article heading. Add a meta description (140-160 chars) summarizing the article's value proposition.Currently missing; include keywords like 'out-of-hours AI voice agent', 'UK', 'triage'."
474,Content,Expand /blog/ai-trades-operating-system from 1331 to 1500-3000 words,Medium,False,False,FAQ|THIN,RC-01|RC-05,obsolete-advice,high,1,/blog/ai-trades-operating-system-websites-automation,+10 pts,,af032178490fbe9f,3,"For technology/ML industry professionals and trades business owners, thin content may fail to satisfy informational intent, reducing dwell time, click-through rates, and organic conversions. Longer, deeper articles typically rank better for competitive queries and attract more backlinks.","Expand the 'What to automate first' section with concrete examples of automation in missed call handling, quote follow-up, and booking flow.Add 2-3 paragraphs detailing specific tools and workflows, including metrics like 'reduce average response time from 4 hours to 5 minutes'. For missed calls: integrate an AI receptionist that captures caller intent, sends an SMS with a booking link, and logs the lead to CRM within 60 seconds. Add a new section titled 'Case studies' or 'Real-world examples' with a 200-300 word example of a trades business that implemented an integrated operating system.Incl"
475,Content,Fix H1 and heading hierarchy on AI receptionist guide,Easy,True,False,H1_DUPLICATE|HEADING_GENERIC,RC-04,confirmed-runtime,high,1,/blog/ai-receptionist-small-business-guide,+10 pts,,a425c274ef84de31,2,"For a UK small business audience searching for AI receptionist guides, a mismatched H1 reduces relevance signals, potentially lowering rankings and click-through rates on commercial-intent queries.","Change the H1 tag to match the article title: 'AI Receptionist UK: Practical Guide for Small Businesses'. Ensure all H2 headings have proper spacing (e.g., 'What to take from this article', 'The system behind a good AI receptionist')."
476,Content,Add FAQ section to boost AI citability and contextual clarity,Medium,False,False,SCHEMA|FAQ,RC-02|RC-05,obsolete-advice,high,1,/blog/ai-automation-consulting-smarter-operating-system,+15 pts,,b0c656a94401fd39,3,"UK small businesses evaluating AI consulting often search for concrete answers. Without an FAQ, the page misses featured snippet opportunities (which get 30%+ CTR) and fails to answer pre-purchase questions, reducing conversion potential. A clear FAQ could capture 'AI consulting cost UK' or 'automation ROI small business' queries.","Add an H2 section 'Frequently Asked Questions' near the end of the article, after 'What a sensible next step looks like'.Answer 5-7 common questions with 2-4 sentences each, using a question-answer format (e.g., 'How much does AI consulting cost for a small business?'). Ensure each question is a natural language query. Implement FAQ schema (JSON-LD) to enable rich results in Google.Add structured data with the 'FAQPage' type, listing the questions and accepted answers. Use the existing content of the page to derive answers."
477,Content,Fix meta description and H1 on /blog/ai-voice-agent-development,Easy,False,False,META_DESC|H1_DUPLICATE|TITLE_TAG,RC-01|RC-04|RC-06,confirmed-3p-mutation,high,1,/blog/ai-voice-agent-development,+15 pts,,6204f67e8d6b1d87,1,Article pages on AI topics are highly competitive. A missing meta description can reduce CTR by 8-12%. Incorrect H1 may cause ranking misses for target queries like 'AI voice agent development UK'.,Add a compelling meta description of 140-160 characters summarizing the article's value for UK businesses. Change the H1 from 'Customize your cookie preferences' to match the page title or a keyword-rich variant.
478,Content,Fix meta description and H1 on /ai-receptionist-small-business-guide,Easy,True,False,META_DESC|H1_DUPLICATE|SCHEMA|FAQ|COOKIE_H1,RC-01|RC-02|RC-03|RC-04|RC-05,confirmed-runtime,high,1,/blog/ai-receptionist-small-business-guide,+12 pts,,0e632737febb94fb,2,Missing meta description reduces organic CTR by 8-12% for users searching for AI receptionist guides. Wrong H1 confuses users and may cause bounce.,"Write a meta description between 140-160 characters summarizing the guide.Include target keywords like 'AI receptionist UK', 'small business', 'practical guide'. Learn how UK small businesses can use AI receptionists to handle calls, bookings, and routing. A practical guide with rollout tips. Replace the H1 with the actual article title.Remove the cookie banner H1 and set it to the article title. Change <h1>Customize your cookie preferences</h1> to <h1>AI Receptionist UK: Practical Guide for Small Businesses</h1> Add basic FAQ schema to improve rich snippet potential.Implement FAQPage schema f"
479,Content,Rewrite meta description to match article content on /blog/ai-trades-operating-system-websites-automation,Easy,True,False,META_DESC|H1_DUPLICATE|VALUEPROP,RC-01|RC-04|RC-07,confirmed-runtime,high,1,/blog/ai-trades-operating-system-websites-automation,+15 pts,,851d8bcd0dc47da0,2,"Missing meta description causes auto-generated snippets from unrelated body text, reducing CTR by 5-10% on informational queries targeting UK trades business owners.","Write a 150-160 character meta description summarizing the article's value proposition for trades businesses.Focus on the benefit: fewer missed opportunities, streamlined operations, and a connected system. Discover how UK trades businesses can replace fragmented tools with a single operating system to reduce missed calls, automate follow-ups, and grow revenue. Fix the H1 to match the article topic instead of cookie preferences.Set H1 to 'AI Operating System for Trades Businesses' or similar. <h1>AI Operating System for Trades Businesses</h1>"
480,Content,Fix title-H1 misalignment: cookie consent vs article topic,Easy,True,False,META_DESC|H1_DUPLICATE|SCHEMA|COOKIE_H1|TITLE_TAG,RC-01|RC-02|RC-03|RC-04|RC-06,confirmed-3p-mutation,high,1,/blog/ai-voice-agent-development,+20 pts,,0d6d001c0be76ca9,1,"The H1/cookie mismatch signals a poor user experience, reducing engagement and trust. Missing meta and schema also hinder visibility. As a tech/AI article targeting UK businesses, this can lose 5-10% of potential organic traffic from commercial-intent queries.","Change the H1 from 'Customize your cookie preferences' to 'AI Voice Agent Development for UK Businesses'.This aligns the H1 with the page title and content focus. Add a meta description of 140-160 characters summarizing the article: e.g. 'Learn the real production stack behind AI voice agents for UK businesses: call-state design, integrations, governance and how to buy sensibly.'Include keywords like AI voice agent, UK businesses, production stack. Ensure the cookie consent prompt is implemented via a separate overlay or footer, not as the main H1.Check the theme/plugin settings to prevent con"
481,Content,Increase content depth and fix H1 mismatch for article page,Medium,True,False,META_DESC|H1_DUPLICATE|THIN,RC-01|RC-04,confirmed-runtime,high,1,/blog/ai-automation-consulting-smarter-operating-system,+15 pts,,620077fdb7925511,2,"For a tech/AI site targeting worldwide small business owners, insufficient depth reduces authority and dwell time, while a mismatched H1 confuses Google and searchers, likely lowering rankings for key terms like 'AI consulting UK'. Points lost (10) indicate a moderate SEO impact.","Change the H1 from 'Customize your cookie preferences' to 'AI & Automation Consulting for UK Small Businesses: A Smarter Operating System' Expand the article to at least 2000 words by adding a detailed case study or a 'How to Choose an AI Consultant' checklist in the section after 'What a sensible next step looks like'. Add a meta description of 150-160 characters summarizing the article's value, e.g., 'Learn how AI & automation consulting can streamline your UK small business operations. Discover the framework to decide what to automate, assist, or redesign.'"
482,Content,Fix meta description and H1 for /blog/ai-receptionist-small-business-guide,Easy,False,False,META_DESC|H1_DUPLICATE,RC-01|RC-04,confirmed-runtime,high,1,/blog/ai-receptionist-small-business-guide,+12 pts,,080733b3649609f8,2,"For a UK-focused AI business, this article likely targets small businesses searching for AI receptionist solutions. The mismatched H1 and missing meta description reduce organic CTR and may confuse users, losing potential leads.","Update the H1 from 'Customize your cookie preferences' to a relevant heading that matches the article's focus. Add a meta description of 150-160 characters summarizing the guide, including key phrases like 'AI receptionist UK', 'small business', and 'practical guide'."
483,Content,Fix title and H1 misalignment on /blog/ai-trades-operating-system-websites-automation,Medium,False,False,META_DESC|H1_DUPLICATE|COOKIE_H1,RC-01|RC-03|RC-04,confirmed-runtime,high,1,/blog/ai-trades-operating-system-websites-automation,+25 pts,,20ec22a8b4f219b3,2,"Search users clicking from results expecting an article on trades OS will see a cookie wall, causing high bounce rates and lost trust. Missing meta description reduces CTR by 8-12% for informational queries.","Resolve the cookie notice overlay issue so the correct H1 is displayed.Ensure the cookie consent banner does not hide the page's primary H1. Have developer adjust script to avoid injecting H1 incorrectly. Set cookie banner z-index lower or use a separate div without affecting semantic HTML. Add a concise meta description (140-160 chars) summarizing the article.Focus on the core promise: connecting trades tools into one system. Discover how trades businesses can unify missed calls, quotes, bookings & follow-ups into one operating system. A practical guide for UK trades firms."
484,Content,Fix H1 and meta description to match article topic,Easy,False,False,META_DESC|H1_DUPLICATE|COOKIE_H1,RC-01|RC-03|RC-04,confirmed-runtime,high,1,/blog/ai-receptionist-small-business-guide,+20 pts,,9f404cd63196bf66,2,"Missing meta description reduces CTR; incorrect H1 confuses search engines and users, potentially causing poor indexing and lower rankings for high-intent queries like 'AI receptionist UK guide'.","Set the H1 to 'AI Receptionist UK: A Practical Guide for Small Businesses' or similar.Ensure the cookie banner module does not override the page H1. <h1>AI Receptionist UK: A Practical Guide for Small Businesses</h1> Add a meta description of 140–160 characters summarizing the guide.Include key phrases like 'AI receptionist', 'small business', and 'UK'. Learn how UK small businesses can implement an AI receptionist. Understand value, readiness, rollout steps, and when human handoff is essential."
485,Content,Fix meta description and H1 for /blog/ai-automation-consulting-smarter-operating-system,Easy,False,False,META_DESC|H1_DUPLICATE|VALUEPROP,RC-01|RC-04|RC-07,confirmed-runtime,high,1,/blog/ai-automation-consulting-smarter-operating-system,+20 pts,,fc21e1c33ef56f02,2,"Article pages with misaligned H1 and missing meta description suffer lower CTR (est. 8-12% drop) and confused indexing, reducing organic traffic for AI consulting queries.","Change H1 from cookie preferences to a relevant title matching article content.Use the article's core value proposition. AI & Automation Consulting for UK Small Businesses: A Smarter Operating System Write a meta description of 150-160 characters summarizing the article's key takeaway.Include target keywords, unique selling points. Learn how AI & automation consulting helps UK small businesses reduce admin, improve response times, and scale profitably. Read our guide."
486,Content,Expand content creation service page from 433 to ~1000 words for greater depth,Medium,True,False,META_DESC|H1_DUPLICATE|SCHEMA|FAQ|THIN|INTERNAL_LINK,RC-01|RC-02|RC-04|RC-05|RC-07,confirmed-runtime,high,1,/services/content-creation,+25 pts,,a360265549efb51c,2,"Service pages for AI content systems target enterprise marketing leaders who need detailed proof points. Thin content (433 words vs. 600-1800 typical) reduces time on page, increases bounce rate, and loses conversions by failing to answer decision-maker questions like 'How is it governed?' and 'What results can I expect?'.","Expand page to at least 1000 words by adding sections on methodology, case studies, and ROI.Add a dedicated 'How It Works' section with 3-4 steps (e.g., Source Capture, Architecture, Creation, Review). Add a 'Results' section with hypothetical metrics (e.g., 'Clients see 40% faster time-to-publish'). New section: 'Our governed content system reduced one client's publishing cycle from 14 days to 3, while maintaining approval rates above 95%.' Fix spacing errors in H2 tags and ensure the H1 and title are distinct.Change H2s like 'What agoverned content systemchanges' to 'What a governed content "
487,Content,Expand /services/app-development from 513 to ~1200 words to improve content depth,Medium,False,False,THIN,RC-01,refuted-live,high,1,/services/app-development,+15 pts,,d8b7c2d1129042a7,3,"For a B2B technology services page targeting worldwide clients, thin content may cause lower rankings and reduced conversions. Detailed sub-pages reduce bounce rates by up to 40% for service queries.","Add a 'What you get' section with bullet points listing deliverables (e.g., product discovery report, UX prototypes, engineered MVP). Include a 'Process timeline' subsection explaining the project stages (Discovery 2 weeks, Build 4 weeks, Launch 1 week).This addresses the 'How delivery works' section which currently lacks detail. Add trust signals: client logos, a testimonial quote, or a relevant case study link. Silverstone AI helped [Client Name] move from idea to a testable product in 6 weeks."
488,Content,Fix heading hierarchy: H1 is 'cookie preferences' not article title,Easy,False,False,H1_DUPLICATE|HEADING_GENERIC,RC-04,confirmed-runtime,high,1,/blog/ai-receptionist-setup-guide,+12 pts,,b9345f42f0e91479,2,"For a B2B AI service targeting UK small businesses, a mismatched H1 with cookie preferences confuses users and reduces trust, likely increasing bounce rate by 15-25% and lowering organic CTR. The article's SEO authority is undermined by poor structure.",Change H1 from 'Customize your cookie preferences' to the article title: 'AI Receptionist UK: What to Set Up Before You Buy'. Fix the typo in H2 'What to take fromthis article' to 'What to take from this article'. Remove or repurpose 'ContinueExploring' and 'Build the next Silverstone system around your real workflow.' - these are not proper article subheadings. Replace with a concluding section H2 like 'Next Steps' or 'Build Your AI Receptionist System'.
489,Content,Fix title/H1 mismatch on /ai-automation-consulting-smarter-operating-system,Easy,True,False,H1_DUPLICATE|COOKIE_H1,RC-03|RC-04,confirmed-runtime,high,1,/blog/ai-automation-consulting-smarter-operating-system,+15 pts,,124448653cb0a40a,2,"Search engines see a misaligned H1 that doesn't reflect the page content, reducing topical relevance signals and likely hurting rankings for AI/automation consulting queries. Users arriving from search may be confused by a 'cookie preferences' heading, increasing bounce rate.","Ensure the article's H1 is set to a descriptive heading that matches the title, such as 'AI & Automation Consulting for a Smarter Small Business Operating System'. Verify that the cookie consent banner does not override the page's H1 element. Implement the cookie banner as a modal or overlay that does not inject an H1 into the main content."
490,Content,Add meta description to /app-development (missing -> 155 chars),Easy,True,False,META_DESC,RC-01,refuted-live,high,1,/services/app-development,+8 pts,,533f1628f10df0d2,3,"Service pages for B2B tech drive leads; a missing meta description reduces CTR by 8-12%, losing potential clients searching for bespoke app development.","Write a 150-160 character meta description summarising the page's unique value: de-risking app projects with a workflow-first approach.Include keywords like 'bespoke app development UK', 'risk reduction', 'testable first release'. De-risk your app project with a workflow-first approach. We build a testable first release focused on real users & tasks. UK-based AI & deterministic logic."
491,Content,"Fix H1, meta description, and readability on AI Receptionist setup guide",Medium,False,False,META_DESC|H1_DUPLICATE|READABILITY|TITLE_TAG,RC-01|RC-04|RC-06|RC-07,confirmed-3p-mutation,high,1,/blog/ai-receptionist-setup-guide,+15 pts,,5a2eab199d3ec398,1,"The missing meta description hurts CTR from search results for high-intent queries like 'AI receptionist UK'. The wrong H1 confuses users and search engines, likely harming rankings. Poor readability reduces time on page and conversions for busy small business owners.","Add a meta description of 150-160 characters that includes key terms: AI receptionist, UK small business, setup checklist.Use the page title and intro to craft a compelling snippet. Learn what to set up before buying an AI receptionist for your UK small business. Includes checklist, integration tips, and when to avoid AI. Change the H1 from 'Customize your cookie preferences' to the actual article title: 'AI Receptionist UK: What to Set Up Before You Buy'.Ensure the H1 matches the page's main topic and is a single, clear headline. Improve readability by simplifying sentences and using shorter "
492,Content,Add meta description to /services/content-creation,Easy,True,False,META_DESC,RC-01,refuted-live,high,1,/services/content-creation,+8 pts,,d2c8599097902778,3,"For a B2B AI services page, a missing meta description can lower CTR by 5-10% on branded and service-intent queries, directly impacting lead generation and consultation bookings.","Write a 150-160 character meta description that summarizes the governed content system service, emphasizing source-led, multi-channel asset creation."
493,Content,Add meta description and clarify value proposition for app development page,Easy,True,False,META_DESC|THIN|VALUEPROP,RC-01|RC-07,recommendation-only,high,1,/services/app-development,+15 pts,,9f2ea183ce4b71e0,3,"As a bespoke app development service, missing meta description reduces CTR by an estimated 8-12% on commercial queries. Unclear value proposition increases bounce rate as users cannot quickly determine relevance to their needs.","Write a meta description of 140-160 characters summarizing the service: 'Bespoke AI-powered app development in the UK. Get a testable product in weeks, not quarters. Scoped workflow, human-reviewed, GDPR-conscious.'Replace the empty meta with a compelling summary that includes key selling points: custom AI, UK-based, fast delivery, GDPR compliance. Revise the opening paragraph to state explicitly what the service is and who it's for within the first 150 words.Current opening is generic and methodology-focused. Add a direct statement: 'Silverstone AI builds custom application software for UK bu"
494,Content,Add concise value proposition in first 150 words of /content-creation,Easy,False,False,THIN|VALUEPROP,RC-01|RC-07,recommendation-only,high,1,/services/content-creation,+25 pts,,e31fb5c6e219432f,3,Visitors seeking 'AI content creation services' may bounce within seconds. A clear upfront value proposition could improve conversions by 15-25% for service pages in the AI/ML niche.,"Rewrite the opening paragraph to directly state the service and its outcome.Within the first 100 words, answer: 'What is this service?', 'Who is it for?', 'What problem does it solve?' Silverstone AI’s content creation service turns your expertise into a governed system of website, insight, email, and social assets. For UK businesses scaling thought leadership without losing credibility."
495,Content,Add meta description to AI receptionist guide,Easy,True,False,META_DESC|H1_DUPLICATE,RC-01|RC-04,confirmed-runtime,high,1,/blog/ai-receptionist-setup-guide,+10 pts,,a9cdd2d9e0fbb1a7,2,"This guide targets small UK businesses evaluating AI receptionist tools — a high-intent niche. A missing meta description reduces organic CTR by 8-12%, losing potential leads and consultations.","Write a 150-160 character meta description summarizing the article's value: a pre-purchase checklist covering scope, privacy, integration, and escalation. Update the H1 to match the title and content: change 'Customize your cookie preferences' to 'AI Receptionist UK: Setup Guide'."
496,Content,Align page content with title and add meta description for /services/content-creation,Medium,False,False,META_DESC|H1_DUPLICATE|THIN,RC-01|RC-04,confirmed-runtime,high,1,/services/content-creation,+15 pts,,1df8195041bd32c7,2,"For a technology/AI site targeting worldwide businesses, misaligned titles reduce organic CTR and increase bounce rates as users don't find expected content. Missing meta description further depresses CTR, costing potential leads for content services.","Add a 140-160 character meta description summarizing the governed content system and its AI-powered repurposing benefits. Expand page content to clearly explain how the system repurposes expertise into multiple formats using AI, including specific examples (e.g., blog, email, social assets). Update the H1 to more directly reflect the title, e.g., 'AI Content Systems & Repurposing: Turn Expertise Into Scalable Assets'."
497,Content,Align page title with content: change title to reflect workflow-first methodology,Easy,True,False,META_DESC|H1_DUPLICATE|TITLE_TAG,RC-01|RC-04|RC-06,confirmed-3p-mutation,high,1,/services/app-development,+15 pts,,e5642dc02adcb21b,1,"Visitors expecting a standard app development service page will be confused by the methodology-focused content, increasing bounce rate and reducing conversions for a B2B tech audience seeking structured, risk-reduced development.","Change the page title to reflect the workflow-first approach, e.g. 'Workflow-First App Development | Silverstone AI' or 'Bespoke App Development UK: Prove Value Before Scaling | Silverstone AI'. Update the H1 to be more descriptive of the service while retaining the methodology focus, e.g. 'Workflow-First App Development: Prove Value Before Scale'. Add a meta description that summarizes the unique workflow-first methodology and its benefit, targeting keywords like 'workflow-first app development', 'bespoke app development UK', 'risk-reduced app development'."
498,Content,Fix H1 mismatch and add meta description to AI Receptionist guide,Easy,False,False,META_DESC|H1_DUPLICATE|TITLE_TAG,RC-01|RC-04|RC-06,confirmed-3p-mutation,high,1,/blog/ai-receptionist-setup-guide,+17 pts,,e87d7a605f0bb905,1,"Small business owners comparing AI receptionist solutions will land on this page expecting a setup guide but see a cookie preference header, causing confusion and likely 20-30% bounce rate increase. Missing meta description further reduces organic CTR by 8-12%.","Change H1 from 'Customize your cookie preferences' to 'How to Set Up an AI Receptionist for Your UK Small Business'Align the H1 with the page title and body content. Replace <h1>Customize your cookie preferences</h1> with <h1>How to Set Up an AI Receptionist for Your UK Small Business</h1> Add a meta description of 150-160 characters summarizing the article's valueInclude key phrases: setup checklist, UK small business, integration, boundaries. <meta name=""description"" content=""Learn exactly what to set up before buying an AI receptionist for your UK small business: scope, integration, privacy"
499,Content,Expand /industry/physios-chiropractors from 516 to 800-2000 words (physio/chiro FAQ),Medium,False,False,META_DESC|FAQ|THIN|CITATION|IMAGE_ALT,RC-01|RC-05|RC-07,obsolete-advice,high,1,/industry/physios-chiropractors,+15 pts,,9836b7b02119bdeb,3,"Thin FAQ content loses credibility and fails to capture long-tail query traffic from physios/chiro searching for automation solutions, reducing lead quality and conversion rates.","Add a meta description of 140-160 characters summarizing the automation benefits for physio/chiropractic practices.Focus on keyword phrases like 'physio practice automation', 'chiropractic booking system', 'reduce admin work'. Automate booking, forms, and rebooking for your physio or chiropractic practice. Silverstone handles admin so you focus on care. UK-built, GDPR-compliant. Extend the 'Questions clinic leaders ask' section with 5-7 detailed Q&A entries.Each answer should be 100-150 words addressing concerns like pricing, integration with existing PMS, data security, onboarding time, and c"
500,Content,Expand and index /ai-consulting service page,Medium,False,False,META_DESC|H1_DUPLICATE|FAQ|THIN,RC-01|RC-04|RC-05,confirmed-runtime,high,1,/services/ai-consulting,+20 pts,,b79b3b193c4d13a9,2,AI consulting prospects compare multiple vendors; thin content reduces perceived expertise and organic traffic. Fixing indexing and content depth could lift qualified leads by 15-25%.,"Add a meta description (140-160 chars) summarizing the service benefits.Include keywords like AI consulting, use case prioritization, build vs buy. Independent AI consulting: prioritise use cases, test readiness, choose build vs buy. UK-based, GDPR-conscious. Get a roadmap that ends in decisions. Expand body content to at least 800 words by adding concrete case studies, client testimonials, and a FAQ section.Highlight 60% average overhead reduction and London-based team. Add a section 'Client Success Story: How we helped a FinTech reduce manual ops by 60%' with specific metrics and timeline. I"
501,Content,"Fix H1, meta description, and readability on AI Receptionist setup guide",Medium,False,False,META_DESC|H1_DUPLICATE|READABILITY|TITLE_TAG,RC-01|RC-04|RC-06|RC-07,exact-duplicate,high,1,/blog/ai-receptionist-setup-guide,+15 pts,EXACT-01,5a2eab199d3ec398,3,"The missing meta description hurts CTR from search results for high-intent queries like 'AI receptionist UK'. The wrong H1 confuses users and search engines, likely harming rankings. Poor readability reduces time on page and conversions for busy small business owners.","Add a meta description of 150-160 characters that includes key terms: AI receptionist, UK small business, setup checklist.Use the page title and intro to craft a compelling snippet. Learn what to set up before buying an AI receptionist for your UK small business. Includes checklist, integration tips, and when to avoid AI. Change the H1 from 'Customize your cookie preferences' to the actual article title: 'AI Receptionist UK: What to Set Up Before You Buy'.Ensure the H1 matches the page's main topic and is a single, clear headline. Improve readability by simplifying sentences and using shorter "
502,Content,Add meta description to /services/content-creation,Easy,True,False,META_DESC,RC-01,exact-duplicate,high,1,/services/content-creation,+8 pts,EXACT-02,d2c8599097902778,3,"For a B2B AI services page, a missing meta description can lower CTR by 5-10% on branded and service-intent queries, directly impacting lead generation and consultation bookings.","Write a 150-160 character meta description that summarizes the governed content system service, emphasizing source-led, multi-channel asset creation."
503,Content,Add meta description and clarify value proposition for app development page,Easy,True,False,META_DESC|THIN|VALUEPROP,RC-01|RC-07,exact-duplicate,high,1,/services/app-development,+15 pts,EXACT-03,9f2ea183ce4b71e0,3,"As a bespoke app development service, missing meta description reduces CTR by an estimated 8-12% on commercial queries. Unclear value proposition increases bounce rate as users cannot quickly determine relevance to their needs.","Write a meta description of 140-160 characters summarizing the service: 'Bespoke AI-powered app development in the UK. Get a testable product in weeks, not quarters. Scoped workflow, human-reviewed, GDPR-conscious.'Replace the empty meta with a compelling summary that includes key selling points: custom AI, UK-based, fast delivery, GDPR compliance. Revise the opening paragraph to state explicitly what the service is and who it's for within the first 150 words.Current opening is generic and methodology-focused. Add a direct statement: 'Silverstone AI builds custom application software for UK bu"
504,Content,Add concise value proposition in first 150 words of /content-creation,Easy,False,False,THIN|VALUEPROP,RC-01|RC-07,exact-duplicate,high,1,/services/content-creation,+25 pts,EXACT-04,e31fb5c6e219432f,3,Visitors seeking 'AI content creation services' may bounce within seconds. A clear upfront value proposition could improve conversions by 15-25% for service pages in the AI/ML niche.,"Rewrite the opening paragraph to directly state the service and its outcome.Within the first 100 words, answer: 'What is this service?', 'Who is it for?', 'What problem does it solve?' Silverstone AI’s content creation service turns your expertise into a governed system of website, insight, email, and social assets. For UK businesses scaling thought leadership without losing credibility."
505,Content,Add meta description to AI receptionist guide,Easy,True,False,META_DESC|H1_DUPLICATE,RC-01|RC-04,exact-duplicate,high,1,/blog/ai-receptionist-setup-guide,+10 pts,EXACT-05,a9cdd2d9e0fbb1a7,3,"This guide targets small UK businesses evaluating AI receptionist tools — a high-intent niche. A missing meta description reduces organic CTR by 8-12%, losing potential leads and consultations.","Write a 150-160 character meta description summarizing the article's value: a pre-purchase checklist covering scope, privacy, integration, and escalation. Update the H1 to match the title and content: change 'Customize your cookie preferences' to 'AI Receptionist UK: Setup Guide'."
506,Content,Align page content with title and add meta description for /services/content-creation,Medium,False,False,META_DESC|H1_DUPLICATE|THIN,RC-01|RC-04,exact-duplicate,high,1,/services/content-creation,+15 pts,EXACT-06,1df8195041bd32c7,3,"For a technology/AI site targeting worldwide businesses, misaligned titles reduce organic CTR and increase bounce rates as users don't find expected content. Missing meta description further depresses CTR, costing potential leads for content services.","Add a 140-160 character meta description summarizing the governed content system and its AI-powered repurposing benefits. Expand page content to clearly explain how the system repurposes expertise into multiple formats using AI, including specific examples (e.g., blog, email, social assets). Update the H1 to more directly reflect the title, e.g., 'AI Content Systems & Repurposing: Turn Expertise Into Scalable Assets'."
507,Content,Align page title with content: change title to reflect workflow-first methodology,Easy,True,False,META_DESC|H1_DUPLICATE|TITLE_TAG,RC-01|RC-04|RC-06,exact-duplicate,high,1,/services/app-development,+15 pts,EXACT-07,e5642dc02adcb21b,3,"Visitors expecting a standard app development service page will be confused by the methodology-focused content, increasing bounce rate and reducing conversions for a B2B tech audience seeking structured, risk-reduced development.","Change the page title to reflect the workflow-first approach, e.g. 'Workflow-First App Development | Silverstone AI' or 'Bespoke App Development UK: Prove Value Before Scaling | Silverstone AI'. Update the H1 to be more descriptive of the service while retaining the methodology focus, e.g. 'Workflow-First App Development: Prove Value Before Scale'. Add a meta description that summarizes the unique workflow-first methodology and its benefit, targeting keywords like 'workflow-first app development', 'bespoke app development UK', 'risk-reduced app development'."
508,Content,Fix H1 mismatch and add meta description to AI Receptionist guide,Easy,False,False,META_DESC|H1_DUPLICATE|TITLE_TAG,RC-01|RC-04|RC-06,exact-duplicate,high,1,/blog/ai-receptionist-setup-guide,+17 pts,EXACT-08,e87d7a605f0bb905,3,"Small business owners comparing AI receptionist solutions will land on this page expecting a setup guide but see a cookie preference header, causing confusion and likely 20-30% bounce rate increase. Missing meta description further reduces organic CTR by 8-12%.","Change H1 from 'Customize your cookie preferences' to 'How to Set Up an AI Receptionist for Your UK Small Business'Align the H1 with the page title and body content. Replace <h1>Customize your cookie preferences</h1> with <h1>How to Set Up an AI Receptionist for Your UK Small Business</h1> Add a meta description of 150-160 characters summarizing the article's valueInclude key phrases: setup checklist, UK small business, integration, boundaries. <meta name=""description"" content=""Learn exactly what to set up before buying an AI receptionist for your UK small business: scope, integration, privacy"
509,Content,Expand /industry/physios-chiropractors from 516 to 800-2000 words (physio/chiro FAQ),Medium,False,False,META_DESC|FAQ|THIN|CITATION|IMAGE_ALT,RC-01|RC-05|RC-07,exact-duplicate,high,1,/industry/physios-chiropractors,+15 pts,EXACT-09,9836b7b02119bdeb,3,"Thin FAQ content loses credibility and fails to capture long-tail query traffic from physios/chiro searching for automation solutions, reducing lead quality and conversion rates.","Add a meta description of 140-160 characters summarizing the automation benefits for physio/chiropractic practices.Focus on keyword phrases like 'physio practice automation', 'chiropractic booking system', 'reduce admin work'. Automate booking, forms, and rebooking for your physio or chiropractic practice. Silverstone handles admin so you focus on care. UK-built, GDPR-compliant. Extend the 'Questions clinic leaders ask' section with 5-7 detailed Q&A entries.Each answer should be 100-150 words addressing concerns like pricing, integration with existing PMS, data security, onboarding time, and c"
510,Content,Expand and index /ai-consulting service page,Medium,False,False,META_DESC|H1_DUPLICATE|FAQ|THIN,RC-01|RC-04|RC-05,exact-duplicate,high,1,/services/ai-consulting,+20 pts,EXACT-10,b79b3b193c4d13a9,3,AI consulting prospects compare multiple vendors; thin content reduces perceived expertise and organic traffic. Fixing indexing and content depth could lift qualified leads by 15-25%.,"Add a meta description (140-160 chars) summarizing the service benefits.Include keywords like AI consulting, use case prioritization, build vs buy. Independent AI consulting: prioritise use cases, test readiness, choose build vs buy. UK-based, GDPR-conscious. Get a roadmap that ends in decisions. Expand body content to at least 800 words by adding concrete case studies, client testimonials, and a FAQ section.Highlight 60% average overhead reduction and London-based team. Add a section 'Client Success Story: How we helped a FinTech reduce manual ops by 60%' with specific metrics and timeline. I"
511,Content,Expand AI Automation service page content from 487 to 1200+ words,Medium,False,False,THIN,RC-01,refuted-live,high,1,/services/ai-automation,+25 pts,,dec05d04098371b8,3,AI service pages need depth to build trust and answer technical evaluation questions. Thin content reduces organic visibility and conversion for accountability-driven buyers.,"Add a 'Why Handoffs Fail' section with real examples of manual document copying and email delays. Expand 'Proof, not promises' to include 2-3 anonymized case studies with metrics (time saved, error reduction). Add a pricing/engagement model section (e.g., fixed-scope, staged) to address budget concerns."
512,Content,Add meta description to /services/ai-consulting (~155 chars),Easy,True,False,META_DESC,RC-01,refuted-live,high,1,/services/ai-consulting,+8 pts,,7593ced488af010b,3,"For a B2B AI consulting page, a targeted meta description can increase CTR 8-12% on commercial-intent queries, leading to more consultation requests.","Add a meta description of 140-160 characters that summarizes the consulting service: independent decision layer, opportunity audit, readiness testing, build-versus-buy analysis, and roadmap."
513,Content,Add meta description to /ai-automation for CTR lift,Easy,True,False,META_DESC,RC-01,refuted-live,high,1,/services/ai-automation,+10 pts,,7f5f6bacbf4a8046,3,"This service page targets businesses seeking AI automation solutions. A missing meta description can lower CTR by 8-12% on high-intent queries like 'AI automation agency UK' or 'workflow automation services', directly reducing lead generation and revenue.","Write a 150-160 character meta description summarizing the service: custom workflows, AI judgement, handoff automation, and UK-based delivery.Include key value props: 98% extraction accuracy, first automation live in 2-4 weeks, GDPR-conscious. Custom AI automation workflows that handle handoffs between systems, with bounded AI judgement and human oversight. UK-based, GDPR-conscious, live in 2-4 weeks. Get a scoped build."
514,Content,Add meta description to physios-chiropractors page for CTR uplift,Easy,True,False,META_DESC,RC-01,refuted-live,high,1,/industry/physios-chiropractors,+8 pts,,4435fc3e0f27c0ca,3,"For a B2B SaaS targeting physio and chiropractic clinics, missing meta description reduces organic CTR by 8-12% on commercial-intent queries, directly impacting lead generation for practice automation.","Craft a 150-160 character meta description that includes target keywords: 'physio practice automation', 'chiropractic booking system', and highlights benefits like 'reduce reception work' and 'keep care human'.Go to the meta description field in Magento admin for this page and paste the suggested text."
515,Content,Add meta description and direct answer to /ai-consulting,Easy,True,False,META_DESC|H1_DUPLICATE|THIN|VALUEPROP,RC-01|RC-04|RC-07,confirmed-runtime,high,1,/services/ai-consulting,+15 pts,,1205a1eb943f3499,2,"Without a meta description, Google auto-generates snippets, likely reducing CTR by 8-12% for commercial-intent queries. The missing upfront definition increases bounce rate for searchers expecting a clear service summary.","Add a meta description of 140-160 characters that summarizes the consulting service and unique value.Include keywords: AI consulting, automation, UK, independent, decision layer. Silverstone AI provides independent AI & automation consulting in the UK. Prioritise use cases, test readiness, choose build vs buy — before committing budget. Rewrite the opening paragraph to include a clear, direct answer within the first 150 words.State what the service is, who it's for, and the key benefit immediately after the H1."
516,Content,Add and align meta description for /industry/trades (~0 -> 155 chars),Easy,True,False,META_DESC|VALUEPROP,RC-01|RC-07,recommendation-only,high,1,/industry/trades,+8 pts,,16a481f3d6b7b975,3,"Trades/home-service businesses searching for 'AI automation for trades' or 'missed call recovery' expect a clear value proposition in snippets. A missing meta description likely costs 8-12% of potential clicks from high-intent queries, directly impacting lead generation for Silverstone's target audience.","Write a 150-160 character meta description that summarizes the core offering: AI-powered call handling, job intake, and quote follow-up for trades.Focus on the key benefits: capturing missed calls, qualifying leads, and automating follow-ups. Stop losing jobs to missed calls. Silverstone AI captures, qualifies, and follows up on trade leads automatically. Trusted by UK home service businesses."
517,Content,Add a direct customer-facing definition in first 150 words and restore meta description,Easy,False,False,META_DESC|THIN|VALUEPROP,RC-01|RC-07,recommendation-only,high,1,/services/ai-automation,+18 pts,,5bc8868cf3805ec6,3,"For a B2B tech service targeting worldwide businesses, unclear messaging in the critical first block increases bounce rate by 20-30%. A missing meta description typically reduces organic CTR by 8-12% on high-intent queries like 'AI automation agency UK'.","Rewrite the opening paragraph (first 150 words) to start with a clear, customer-facing definition of the service.Replace 'Make the handoffs work…' with a sentence like 'Silverstone AI helps your team automate complex business workflows by connecting triggers, data, rules, AI judgement, and approvals into one inspectable operating layer.' Then move the bullet points below that definition. Before: 'Make the handoffs work without hiding the exceptions Custom workflows that connect triggers, data, rules, AI judgement, approvals and reporting into an operating layer your team can inspect.' After: '"
518,Content,Add meta description and restructure intro for direct answer,Easy,False,False,META_DESC|H1_DUPLICATE,RC-01|RC-04,confirmed-runtime,high,1,/industry/physios-chiropractors,+25 pts,,6242b91eb16d06f9,2,"Practitioners searching for 'physio practice automation UK' or 'chiropractic booking system' see this page in snippets. Without a meta description or a clear opening, click-through rates will be low, directly reducing demo requests and conversions for a £500+ monthly SaaS product.","Write a 150-160 character meta description that includes the page's purpose and key benefits.Include 'physio', 'chiropractic', 'UK', 'automation', 'booking', 'intake'. Restructure the first paragraph to directly state what Silverstone does for physios/chiropractors.Answer: 'This page explains how Silverstone automates non-clinical workflows for UK physio and chiropractic clinics – enquiries, booking, forms, rebooking – so your team focuses on patients.' Add a summary sentence after the H1 that concisely states the service and its value."
519,Content,Add meta description and front-load direct answer on /industry/trades,Easy,True,False,META_DESC|SCHEMA|FAQ|VALUEPROP,RC-01|RC-02|RC-05|RC-07,obsolete-advice,high,1,/industry/trades,+15 pts,,b4f09ee3ef1d17f5,3,"Trade business owners searching for AI automation solutions may bounce because they can't quickly grasp the value proposition, losing leads to competitors with clearer messaging and meta snippets.","Add a meta description of 150-160 characters summarizing the page's purpose for trade and home service businesses.Include keywords like 'AI automation', 'trades', 'home services', 'missed calls'. Silverstone AI automates missed calls, quoting, and follow-ups for UK trades and home services. Win more jobs without chasing. Rewrite the first paragraph to directly state what the page is about, starting with 'This page explains how Silverstone AI helps trades and home service businesses automate...' Add FAQ structured data to existing questions to enable rich results.Use JSON-LD with the questions "
520,Content,Align title and content on /ai-consulting,Easy,False,False,H1_DUPLICATE|TITLE_TAG|VALUEPROP,RC-04|RC-06|RC-07,confirmed-3p-mutation,high,1,/services/ai-consulting,+15 pts,,677d1c0dd9533133,1,"For a technology consulting firm targeting UK-based businesses, visitors looking for AI consulting services may perceive the page as too vague, increasing bounce rate and reducing lead generation by an estimated 20-30% for that query type.","Update the H1 to explicitly mention AI consulting, e.g., 'AI & Automation Consulting: Independent Strategy for Better Decisions'.Replace the abstract H1 with one that includes 'consulting' to bridge the gap between title and content. AI & Automation Consulting: Independent Strategy for Better Decisions Add a lead paragraph under the H1 that defines the consulting service, mentioning 'Silverstone AI consulting' and the value proposition.The current opening repeats the H1 and then dives into methodology. Restructure to first state what the service is. Silverstone AI provides independent AI and a"
521,Content,Rewrite title and meta for service page alignment,Easy,True,False,META_DESC|H1_DUPLICATE,RC-01|RC-04,confirmed-runtime,high,1,/services/ai-automation,+15 pts,,d5a17334ea0a56af,2,"Visitors searching for AI automation services won't immediately see matching value, increasing bounce rate and reducing conversions. Estimated 10-15% CTR loss for target keywords.","Change H1 to directly state the core service, e.g., 'AI Automation Services for Streamlined Workflows'. Write a 140-160 char meta description summarizing the service: 'Custom AI automation solutions from Silverstone AI. We build inspectable operating layers that connect triggers, data, rules, and AI judgement. UK-based, GDPR-conscious. Get your first automation live in 2-4 weeks.' Adjust the first paragraph to clearly state the service offering and target audience, e.g., 'Silverstone AI delivers custom automation workflows that connect your systems—reducing manual handoffs and error-prone proc"
522,Content,Align page title and content for physio/chiropractic automation,Medium,False,False,META_DESC|H1_DUPLICATE|TITLE_TAG|VALUEPROP,RC-01|RC-04|RC-06|RC-07,confirmed-3p-mutation,high,1,/industry/physios-chiropractors,+15 pts,,b5eec7a8627b86e3,1,"Physio and chiropractic professionals searching for specialized automation solutions may bounce upon seeing irrelevant content, reducing conversion rates and lead quality. Misaligned title and content can also harm search rankings for these specific queries.","Rewrite the H1 to include 'Physio and Chiropractic Practice' to match the title.Current H1 is 'Reduce reception friction. Keep care human.' New H1 could be 'Physio and Chiropractic Practice Automation – Reduce Reception Friction.' Add specific examples and terminology relevant to physiotherapy and chiropractic clinics throughout the content.Include terms like 'physio', 'chiropractor', 'patient intake for chiropractic care', 'appointment scheduling for physiotherapy'. Update the meta description to include both title keywords and a clear value proposition.Example: 'Automate reception tasks for "
523,Content,Align page content with title for Trades industry page,Medium,False,False,H1_DUPLICATE|THIN|TABLE|VALUEPROP,RC-01|RC-04|RC-07,confirmed-runtime,high,1,/industry/trades,+25 pts,,ee660da1565d5a37,2,"Trade business owners searching for 'AI automation for trades' or 'home services automation' will likely bounce when the page doesn't immediately speak their language. This could reduce qualified leads by an estimated 20-30%, as users seeking concrete solutions are met with vague messaging.","Rewrite the H1 and opening paragraph to directly address tradespeople and home service providers.Replace the metaphorical headline with a clear value proposition, e.g., 'Automate Your Trades Business: Capture Leads, Quotes, and Jobs On the Go'. The first paragraph should mention specific trades (plumbing, electrical, HVAC) and their daily challenges. Expand content to 1000+ words with sections for each trade pain point.Add dedicated sections: 'For Plumbers', 'For Electricians', 'For HVAC Technicians', each with specific use cases. Include a comparison table showing how Silverstone handles call"
524,Content,Expand /industry/hospitality from 589 to 800-2000 words with FAQ answers,Medium,False,False,SCHEMA|FAQ|THIN|TABLE,RC-01|RC-02|RC-05|RC-07,obsolete-advice,high,1,/industry/hospitality,+12 pts,,c3e365765de23720,3,FAQ pages for hospitality technology keywords target operators evaluating automation. Thin content reduces chances of ranking for long-tail questions like 'how to handle peak demand hospitality automation' and lowers conversion likelihood from searchers who need detailed reassurance.,"Add 5-10 actual questions with detailed answers under the 'Questions hospitality operators ask' H2 section.Write each answer in 100-200 words covering the question, solution, and benefit. Include a table comparing Silverstone's approach vs generic chatbots for common queries like availability checking, group booking handling, and allergen communication.Use a simple markdown table with columns: Scenario, Silverstone, Generic chatbot. Add schema markup (FAQPage) to the question-answer pairs.Use JSON-LD to encode each Q&A for rich snippet eligibility."
525,Content,Expand FAQ page for fitness coaches from 549 to 800+ words,Medium,False,False,FAQ|THIN,RC-01|RC-05,obsolete-advice,high,1,/industry/fitness-coaches,+12 pts,,c48f31d9f5e2bfc6,3,"For a tech site targeting UK fitness coaches, thin content reduces chances to rank for long-tail queries about automating client intake, reducing bounce rates, and improving conversion of coaches seeking a demo.","Expand the 'Questions coaches ask' section with 5-7 detailed FAQs addressing pain points like 'How do I stop losing DMs?' and 'Can it integrate with my calendar?' Add a real-world example or mini case study (e.g., 'How Coach Sarah cut response time by 40% using Silverstone'). Elaborate on each step in 'From DM to booked consultation' with 2-3 sentences per step explaining what happens and why it matters."
526,Content,Add meta description and expand content on /industry/ecommerce,Medium,False,False,META_DESC|FAQ|THIN|VALUEPROP,RC-01|RC-05|RC-07,obsolete-advice,high,1,/industry/ecommerce,+15 pts,,28d1c25cfde7bb94,3,"eCommerce leaders searching for automation solutions have high purchase intent. Missing meta description reduces CTR by 8-12%, and thin content fails to capture long-tail queries, losing qualified leads to competitors with richer FAQs.","Write a meta description of 150-160 characters incorporating primary keywords (eCommerce automation, AI support, UK) and a CTA.Include 'eCommerce automation' and 'AI support' naturally. Silverstone AI automates eCommerce support: returns, order tracking, and refunds. UK-built, human-reviewed. Scale your customer experience without scaling chaos. Expand the 'Questions ecommerce leaders ask' section to 5-7 detailed FAQs, each with 100-150 words answer addressing pain points like order status, returns, and integration.Use actual customer queries from top GSC keywords if available. Q: How does Sil"
527,Content,"Add meta description to /industry/hospitality (missing -> ~155 chars, aligned to FAQs)",Easy,True,False,META_DESC|FAQ|THIN|VALUEPROP,RC-01|RC-05|RC-07,obsolete-advice,high,1,/industry/hospitality,+8 pts,,661efc8b8fe9aecb,3,"As a hospitality automation page targeting UK operators, missing meta description reduces organic CTR 10-20% on commercial-intent queries. With 589 words, the auto-snippet typically fails to convey value proposition.","Write a 150-160 character meta description summarizing the page's core offering: automation for reservations, group bookings, and safety, preserving human touch.Keep it benefit-driven, include 'UK-built', 'reservations', 'group enquiries', and 'allergen alerts'. AI-powered hospitality automation for UK venues. Handle reservations, group enquiries & safety alerts without losing the human touch. Built in London."
528,Content,Expand /book from 370 to 1500+ words with structured content,Medium,False,False,META_DESC|FAQ|THIN,RC-01|RC-05,obsolete-advice,high,1,/book,+40 pts,,d5f42ce29d87e3f8,3,"Thin content reduces dwell time and conversion on this high-intent booking page. For a B2B AI consultancy, each discovery call can lead to projects worth $10k–$100k. Low content depth risks losing leads to competitors with more thorough explanations.","Add a 120-160 character meta description summarizing the call value (e.g., 'Book a free 30-minute discovery call with Silverstone AI. Bring one real business problem and leave with a clear next step.') Expand each H2 section to at least 150 words. For 'Is now the right time?', add specific signs (e.g., 'If you have a process affecting delivery time or conversion, yes.') and a bullet list of when to wait. Write a new 'What the call delivers' section with 3 concrete outcomes (e.g., clarity on AI fit, a scoped next step, a no-obligation estimate). Add a 'Who should attend' section describing idea"
529,Content,"Add meta description to /industry/fitness-coaches (549 words, FAQ page)",Easy,False,False,META_DESC|FAQ|THIN,RC-01|RC-05,obsolete-advice,high,1,/industry/fitness-coaches,+8 pts,,d048dbb87ab68ad8,3,"This FAQ page targets fitness coaches searching for automated lead management. A compelling meta description can lift organic CTR 5-10%, directly increasing consultation bookings for UK-based coaches.","Write a 140-160 character meta description that includes key value props: DM qualification, booking automation, and UK-built trust.Use keywords like 'online fitness coaches', 'automation', 'DM qualification', 'consultation booking'. Automate DM qualification and consultation booking for online fitness coaches. Keep it personal, make it disciplined. UK-built, human-reviewed. Start today. Implement the meta description in the page's <head> section.Add <meta name='description' content='...' /> in the HTML head."
530,Content,Add direct answer and meta description to /industry/hospitality,Easy,False,False,META_DESC|H1_DUPLICATE,RC-01|RC-04,confirmed-runtime,high,1,/industry/hospitality,+15 pts,,755eea8319920fdc,2,"Tech-seekers researching hospitality automation need instant clarity. Without a direct answer, bounce rates increase by 20-30% and organic CTR drops 8-12% due to missing meta description.","Add a 1-2 sentence direct answer in the first paragraph after the H1 (e.g., 'Silverstone AI is a human-reviewed automation platform for hospitality, handling reservations, group enquiries, and guest communication without feeling robotic.'). Write a 140-160 character meta description summarizing the page value."
531,Content,Add & optimize meta description for /industry/ecommerce,Easy,True,False,META_DESC|VALUEPROP,RC-01|RC-07,recommendation-only,high,1,/industry/ecommerce,+5 pts,,ebe3dab8909237f1,3,"For a B2B SaaS site targeting eCommerce decision-makers, a missing meta description can reduce CTR by 8-12% on high-intent queries like 'eCommerce automation agency' or 'AI customer support ecommerce'.","Write a compelling meta description of 150-160 characters summarizing the value proposition: eCommerce automation for order inquiries, returns, and post-purchase support. Include primary keyword 'eCommerce automation agency' naturally. Add a call-to-action like 'Learn how Silverstone AI scales support without scaling chaos.'"
532,Content,Add meta description & clarify value in first 150 words for /industry/fitness-coaches,Easy,False,False,META_DESC|THIN|VALUEPROP,RC-01|RC-07,recommendation-only,high,1,/industry/fitness-coaches,+15 pts,,76ca426717f382b6,3,"Fitness coaches searching for automation solutions need immediate clarity. Without a meta description, CTR drops 8-12%. Without a clear value proposition in the first 150 words, bounce rate increases and qualified leads are lost.","Write a meta description of 140-160 characters summarizing Silverstone's automation for fitness coaches, including key benefits. Automate DM qualification, consultation booking and onboarding for online fitness coaches. UK-built, human-reviewed, GDPR-conscious. Book more consultations. Restructure the first 150 words to start with a direct answer: what Silverstone does and for whom. Silverstone automates the commercial workflow for online fitness coaches — from social lead qualification through consultation booking and onboarding — so you focus on coaching, not admin."
533,Content,Align title and add meta description for /industry/hospitality,Easy,False,False,META_DESC|H1_DUPLICATE|TITLE_TAG,RC-01|RC-04|RC-06,confirmed-3p-mutation,high,1,/industry/hospitality,+15 pts,,f901ec67b560b42e,1,"Hospitality decision-makers searching for automation tools may bounce due to misaligned messaging, reducing conversion by an estimated 10-15%. Missing meta description lowers CTR on SERPs, costing potential leads.","Rewrite the page title to reflect the actual focus: 'Hospitality Peak Demand Automation | Silverstone AI' or 'Handle Peak Demand with Human-Aided Automation for Hospitality'.Align title with the H1's emphasis on peak demand and service feel. Add a meta description of 150-160 characters summarizing the value: handle peak demand without losing personal touch, automate reservations and enquiries while keeping human judgement. Handle peak reservations and guest enquiries without feeling automated. Silverstone AI brings human judgement to every interaction. UK-built, GDPR-conscious. In the body tex"
534,Content,Write meta description for /book (missing -> ~155 chars),Easy,True,False,META_DESC,RC-01,refuted-live,high,1,/book,+8 pts,,5e5daa9c8211055a,3,"Users searching for AI consultation booking have high purchase intent; a tailored meta description can improve CTR by 8-12%, directly increasing booked calls for a tech services company.",Craft a meta description of 140-160 characters summarizing the page's purpose: a 30-minute discovery call for naming and solving a process or product decision with AI.
535,Content,Add meta description and direct answer intro to /industry/ecommerce,Easy,False,False,META_DESC|THIN|VALUEPROP,RC-01|RC-07,recommendation-only,high,1,/industry/ecommerce,+15 pts,,b07d53524dab31fd,3,"For a B2B AI automation agency targeting eCommerce, a clear meta description can improve CTR by 8-12% on commercial queries like 'eCommerce automation agency UK'. Lack of direct answer in the intro increases bounce rate and fails to capture high-intent traffic.","Write a 140-160 character meta description that includes value proposition and target keywords.Include 'eCommerce automation', 'AI customer support', and 'UK-based'. AI-powered eCommerce customer support automation. Resolve order, return & delivery questions instantly. UK-built, human-reviewed. Book a scoping call. Add a clear, direct-answer paragraph within the first 150 words that defines what the page is about.Replace or augment the opening with a sentence like 'Silverstone AI automates eCommerce customer service – from order tracking to returns – using live data and human oversight.' Silve"
536,Content,Align title with content and add meta description for /fitness-coaches,Medium,False,False,META_DESC|H1_DUPLICATE|SCHEMA|FAQ|TITLE_TAG|VALUEPROP,RC-01|RC-02|RC-04|RC-05|RC-06|RC-07,confirmed-3p-mutation,high,1,/industry/fitness-coaches,+25 pts,,2e1e77b310cd059d,1,"Fitness coaches searching for 'automation' may bounce when they see consultation booking focus, losing leads. Without meta description, snippets are auto-generated, reducing CTR by 8-12% for high-intent queries.","Update the meta description to 140-160 characters summarizing the page's value: booking automation for fitness coaches.Include key phrases like 'fitness coaches', 'consultation booking', 'DM management', 'UK'. Automate DM management, consultation booking, and onboarding for online fitness coaches in the UK. Keep service personal while reducing admin. Adjust the H1 and opening paragraph to better reflect the title's promise of automation for online fitness coaches.Keep 'Keep the service personal. Make the journey disciplined.' but add a subheading or lead sentence stating explicitly this is aut"
537,Content,Add meta description and provide direct answer in first 150 words,Easy,False,False,META_DESC|THIN|VALUEPROP,RC-01|RC-07,recommendation-only,high,1,/book,+15 pts,,01abc1c72009b0f9,3,"For a high-intent landing page like a booking page, a missing meta description can reduce CTR by 10-15%. Without a clear upfront answer, users may bounce, losing potential leads for Silverstone AI's consulting services.","Write a meta description between 140-160 characters summarizing the value of the discovery call.Include keywords like 'AI consultation', 'Silverstone AI', 'free discovery call'. Revise the first 150 words to directly state the page's purpose: booking a 30-minute discovery call with Silverstone AI to discuss AI/automation needs.Move the current introductory text after the direct answer."
538,Content,Align /industry/ecommerce title with FAQ content,Easy,True,False,SCHEMA|FAQ|TITLE_TAG|VALUEPROP,RC-02|RC-05|RC-06|RC-07,confirmed-3p-mutation,high,1,/industry/ecommerce,+15 pts,,8fd966f471cf83eb,1,"For a B2B AI agency targeting eCommerce leaders, misaligned title drops CTR on agency-intent queries and may increase bounce rate as visitors expect service details but find a FAQ format. Over 17 points lost in content clarity scoring.",Rewrite page title to reflect the FAQ nature and core value proposition.Keep primary keyword 'eCommerce automation' but frame as a knowledge resource or FAQ for eCommerce leaders. eCommerce Automation FAQ | Common Questions Answered by Silverstone AI Add a clear introductory paragraph that explains the page is a FAQ covering key eCommerce automation questions.Position the page as a resource that answers top-of-mind questions for ecommerce leaders evaluating automation. Explore answers to the most pressing questions eCommerce leaders ask about scaling support with AI automation. Reorganize H2s 
539,Content,Align /book page content with title promise of booking a call,Medium,False,False,H1_DUPLICATE,RC-04,confirmed-runtime,high,1,/book,+17 pts,,6150255f0b90b14e,2,"Visitors arrive wanting to book a call but encounter a wall of text and a multi-step form, increasing friction and reducing conversion rate. For a high-intent service page, this could lose 20-30% of potential leads.","Rewrite H1 to match title: 'Book a Discovery Call' Move the booking calendar and form above the fold, immediately after a short intro paragraph Trim or collapse the 'Who the call is for', 'What we'll discuss', and 'Secure your call' sections into accordion or expandable elements"
540,Content,Fix missing meta description and improve readability on /blog/salon-barber-ai-guide,Easy,False,False,META_DESC|H1_DUPLICATE|THIN|READABILITY|COOKIE_H1,RC-01|RC-03|RC-04|RC-07,confirmed-runtime,high,1,/blog/salon-barber-ai-guide,+12 pts,,440c51d3c396b4b6,2,"Missing meta description reduces CTR by 8-12% for informational queries. Poor readability may increase bounce rate by 15-20% among salon/barber owners (busy professionals seeking quick answers). The H1 issue misrepresents the page content, confusing users and search engines.","Add a meta description of 140-160 characters summarizing the article's value for UK salon/barber owners.Include target keywords: 'AI for UK salons', 'barber business automation', 'booking system'. Fix the H1 to match the article topic, e.g., 'AI for UK Salons and Barbers: A Practical Guide'.The current H1 'Customize your cookie preferences' is likely a cookie banner error. Ensure the correct H1 is served. Improve readability by shortening sentences and breaking long paragraphs into bullet points or subheadings.Aim for average sentence length under 20 words. Use simpler vocabulary (e.g., 'help'"
541,Content,Fix heading hierarchy and add meta description to /blog,Easy,False,False,META_DESC|H1_DUPLICATE|HEADING_GENERIC,RC-01|RC-04,confirmed-runtime,high,1,/blog,+15 pts,,f7a9f10300de2d5c,2,"As an AI and ML blog hub, this page targets high-intent searchers evaluating technology decisions. A missing meta description reduces CTR by 8-12%, and poor heading hierarchy confuses screen readers and search engines, potentially losing visibility for branded queries like 'Silverstone AI blog' or 'AI guides'.","Consolidate to a single H1 tag. Use the existing 'Read before you build.' as the sole H1. Rewrite H2s to be clear, logical subheadings that outline the page content. For example: 'Featured Intelligence Briefings', 'Search and Filter by Service or Industry', 'Explore by Discipline', 'Turn Research into a Decision'. Add a meta description of 140-160 characters summarizing the blog's purpose and content. Remove any extraneous heading-like text that isn't a proper heading tag (e.g., 'Featured intelligence', 'The newest selected signals' if not wrapped in H2)."
542,Content,"Expand /about from 332 to 600-900 words with team, mission, and trust signals",Medium,False,False,THIN,RC-01,refuted-live,high,1,/about,+15 pts,,4a3f066fe151a1e6,3,"About pages are top-3 visited pages for technology consultancies; visitors here are evaluating trust before engaging. Thin content reduces conversion by 20-40% for potential enterprise clients, directly impacting sales inquiries.","Add a 'Who We Are' section (150-200 words) covering founding story, mission, and core team values.Include real team names, roles, and photos if possible. If not available, describe the team's collective experience (e.g., 'Our team of 30 engineers, designers, and strategists...'). Add a 'Trusted By' or client logos section (50-100 words) with logos of past clients or partners.Even generic descriptions like 'We've partnered with leading enterprises in finance, healthcare, and retail' add trust. Add a call-to-action section (100 words) with links to case studies, services, or a contact form.End w"
543,Content,"Add meta description and improve readability of /blog (293 words, grade >12)",Easy,False,False,META_DESC|THIN|READABILITY,RC-01|RC-07,recommendation-only,high,1,/blog,+15 pts,,5e523f444a41a23c,3,"For a tech/SaaS site targeting leaders worldwide, a missing meta description reduces CTR by 8-12% on search results. Low readability (47/100) loses 5 points, potentially increasing bounce rate among readers who skim for quick insights.","Write a 140-160 character meta description summarizing the library's value.Include 'practical AI guides' and 'decision-making' to match search intent. Simplify introductory sentences to grade 8-10 level.Replace 'Practical analysis for leaders deciding what to automate, what to design, what to measure and where human judgement still matters' with a clearer version. Add a brief introductory paragraph for first-time visitors explaining what the blog covers.Use bullet points or short sentences."
544,Content,Expand /how-we-work from 389 to 1000+ words with concrete examples,Medium,False,False,META_DESC|THIN|VALUEPROP,RC-01|RC-07,recommendation-only,high,1,/how-we-work,+15 pts,,1f98a6511c9269d0,3,"Thin content reduces rankings for B2B AI/ML terms, losing qualified leads who compare methodologies; missing meta description lowers CTR by 8-12%.","Add a 150-160 character meta description summarizing the methodology and value proposition. Expand each of the five stages with a 2-3 sentence explanation of what happens, who is involved, and a concrete example. Add an 'How We Deliver Results' section with 1-2 client case studies."
545,Content,Expand article to 1500-3000 words and fix meta + H1,Medium,False,False,META_DESC|H1_DUPLICATE|THIN|TABLE,RC-01|RC-04|RC-07,confirmed-runtime,high,1,/blog/salon-barber-ai-guide,+15 pts,,7c096aa6ee78bfca,2,"Missing meta description reduces CTR from search by 8-12%. Incorrect H1 confuses search engines and users, potentially lowering rankings and user trust. Thin content may cause search engines to deem the page less authoritative, reducing organic traffic to a high-intent audience (salon owners).","Add a meta description of 140-160 characters summarizing the article's value for UK salon and barber owners. Discover how AI can streamline booking, follow-ups, and admin for UK salons and barbers. Practical tips to build your digital stack without losing the human touch. Update the H1 to match the article title, e.g., 'AI for UK Salons and Barbers' or a more compelling variant. <h1>AI for UK Salons and Barbers: Practical Automation Without Losing the Human Touch</h1> Expand the article to 1500-3000 words by adding sections on real-world case studies, step-by-step implementation guides, cost c"
546,Content,Add a meta description that summarizes Silverstone's value proposition,Easy,True,False,META_DESC|VALUEPROP,RC-01|RC-07,recommendation-only,high,1,/about,+8 pts,,a431774c0846a3d3,3,"For a B2B technology firm, the about page often ranks for brand and partner discovery queries. A missing meta description reduces CTR by 8-12%, potentially losing high-value leads from companies seeking a premium AI and automation partner.","Write a 150-160 character meta description that conveys Silverstone's unique blend of strategy, engineering, AI, and automation under a 'judgment-first' philosophy. Include key differentiators: six connected disciplines, commercial strategy, UK-built, GDPR-conscious."
547,Content,Add meta description to /how-we-work page,Easy,True,False,META_DESC,RC-01,refuted-live,high,1,/how-we-work,+8 pts,,c83bd3d6f6f6f0a0,3,"Technology buyers researching AI vendors often evaluate methodology pages. A missing meta description leads to auto-generated snippets that may not highlight the disciplined, gated approach, hurting CTR and lead generation.","Write a 150-160 character meta description that summarizes the page's unique value: a disciplined route from diagnosis to delivery, with human judgement gates."
548,Content,Add a compelling meta description to the blog category page,Easy,True,False,META_DESC|H1_DUPLICATE,RC-01|RC-04,confirmed-runtime,high,1,/blog,+10 pts,,029bf171b7e351ce,2,"Without a tailored meta description, the page may suffer from lower CTR in SERPs for informational queries like 'AI guides', 'digital automation guides', or 'build vs buy AI decision'. This is especially critical for a blog category serving as a hub for decision-makers in the AI/ML space.","Add a meta description tag to the <head> of the page, summarizing the page's purpose as a searchable library of practical guides for leaders deciding on automation and AI decisions. Ensure the description is between 140-160 characters, includes primary keywords like 'AI guides', 'practical guides', and 'technology decisions', and reflects the H1 and body content."
549,Content,Fix meta description and H1 on /blog/salon-barber-ai-guide to match content,Easy,True,False,META_DESC|H1_DUPLICATE|COOKIE_H1,RC-01|RC-03|RC-04,confirmed-runtime,high,1,/blog/salon-barber-ai-guide,+15 pts,,ef87b12cf292e982,2,"Without a compelling meta description, CTR could drop by 10-20% on organic search results. A mismatched H1 confuses Google and users, potentially reducing ranking signal and lowering conversions for a well-written 1322-word article.","Add a 140-160 character meta description that summarizes the article and includes primary keywords 'AI for UK salons', 'barber shop automation', 'booking system'. Replace the H1 tag content with the actual article title, e.g., 'AI for UK Salons and Barbers: Practical Automation Guide'. Ensure the cookie consent widget does not output an <h1> tag. If it does, adjust the widget settings to use a <div> or hide it from SEO indexing."
550,Content,Rewrite /about intro to deliver clear value proposition in first 150 words,Easy,True,False,THIN|VALUEPROP,RC-01|RC-07,recommendation-only,high,1,/about,+20 pts,,85c81dd6b11d3d7f,3,About pages are high-intent; unclear open cost 20+ trust/retention points. A direct definition upfront lifts engagement 15–30% and helps search snippets.,Replace opening sentence with: 'Silverstone AI builds practical AI systems and digital products for mid-market and enterprise clients.' Keep the 'Judgement is rare' line as secondary clarifying sentence. Add a one-sentence summary of services within first 100 words.
551,Content,Strengthen direct answer and meta description on /how-we-work,Easy,False,False,META_DESC,RC-01,refuted-live,high,1,/how-we-work,+25 pts,,1c7f892e82bfad1c,3,"Technology buyers researching AI implementation need immediate clarity on process and differentiation. Missing meta description reduces CTR by 10-15% on branded queries, and the lack of a direct answer may cause bounce rates over 70% as users cannot quickly assess fit.","Replace the first paragraph with a direct, plain-language answer that summarizes the five-stage method in one sentence. Example: 'Silverstone uses a five-stage gated delivery method—diagnose, scope, design, build, govern—to safely transform business problems into working AI systems.' Write a meta description of 140-160 characters that includes the unique selling points: 'Silverstone's five-stage AI delivery method: diagnose, scope, design, build, govern. UK-built, human-reviewed, GDPR-conscious. Start with one real problem.' Add a brief summary of the five stages immediately after the new dire"
552,Content,Realign blog page title and content to match category purpose,Medium,False,False,META_DESC|H1_DUPLICATE|THIN|TITLE_TAG,RC-01|RC-04|RC-06,confirmed-3p-mutation,high,1,/blog,+25 pts,,57ef529cc1c4d685,1,"Category pages that mislead searchers lose 10-20% of organic traffic potential. For a B2B AI site targeting CTOs and decision-makers, a weak blog landing page fails to capture research-intent queries, reducing lead generation from topical content.","Expand the page to at least 800 words, featuring a description of the library's purpose, curated categories, and a list of recent guides with brief excerpts. Introduce a filterable grid UI that shows guide titles, categories, and read times, not just 3 featured posts. Add an introductory paragraph that clearly explains what the library contains and how to navigate it, using keywords like 'AI guides', 'digital transformation playbooks', and 'practical briefings'. Update the H1 to be more descriptive, e.g., 'Library: Practical AI & Digital Transformation Guides'. Add a meta description (140-160 "
553,Content,Fix meta description and align H1 with blog content for /blog/salon-barber-ai-guide,Easy,False,False,META_DESC|H1_DUPLICATE|COOKIE_H1,RC-01|RC-03|RC-04,confirmed-runtime,high,1,/blog/salon-barber-ai-guide,+12 pts,,4417fece246be7ed,2,"For a tech AI blog targeting UK salon owners, the missing meta description forces Google to auto-generate snippets, likely reducing CTR by 5-10%. The H1 mismatch confuses both users and crawlers, potentially lowering rankings for commercial-intent queries like 'AI for barbers UK'.","Add a meta description of 150-160 characters summarizing the article's value: practical AI workflow for UK salons.Focus on the guide's promise: practical automation, booking, and follow-up without replacing human touch. Replace the H1 'Customize your cookie preferences' with the actual article headline, e.g., 'AI for UK Salons and Barbers: A Practical Guide'.Ensure the H1 is the first visible heading on the page, not a cookie consent popup heading. Move or style the cookie preference banner so its heading does not override the article's semantic structure.Use a less prominent heading (e.g., H3"
554,Content,Improve title-content alignment on /about page,Medium,False,False,H1_DUPLICATE|THIN|TITLE_TAG,RC-01|RC-04|RC-06,confirmed-3p-mutation,high,1,/about,+15 pts,,4096d1a625db7766,1,About pages are key trust signals for B2B tech buyers evaluating partners. Misaligned content increases bounce rate and reduces conversion probability by an estimated 15-20% for visitors seeking company background.,"Revise page title to match the actual content focus, e.g., 'Our Disciplines & Principles | Silverstone AI'Since the page primarily describes capabilities and methodology, the title should reflect that rather than a generic 'About'. Add an introductory paragraph that clearly states this is an overview of Silverstone's approach and what makes them differentPlace this right after the H1, before the list of disciplines. Expand content to cover standard about-page elements: founding story, team bios, location, culture, and client logosCurrently missing key trust-building information. Add 200-300 wo"
555,Content,Rewrite H1 and body to match title 'How Silverstone Works',Easy,False,False,H1_DUPLICATE,RC-04,confirmed-runtime,high,1,/how-we-work,+25 pts,,257ac95d783d92fb,2,"Visitors seeking to understand Silverstone's methodology bounce or get confused, reducing trust and conversion (inquiry/contact).","Replace H1 with 'How We Work: Discovery to Delivery' to match title.Remove tagline from H1; keep tagline as intro paragraph. Restructure body to explicitly cover Discovery, Scope, Design, Build, Govern in order with clear headings.The current H2s hint at stages but don't label them consistently. Add 'Step 1: Discovery', etc."
556,Content,Expand /industry/salons-barbers from 617 to 800-2000 words,Medium,False,False,SCHEMA|FAQ|THIN,RC-01|RC-02|RC-05,obsolete-advice,high,1,/industry/salons-barbers,+15 pts,,c141bac1d4b5a31c,3,Salon owners researching automation need comprehensive answers to justify investment; thin content reduces trust and conversion rates by ~15% on commercial intent queries for AI booking tools.,"Expand each H2 section with 2-3 paragraphs, including specific examples, statistics, or case studies. Add a 'How It Works' section with step-by-step explanation of the automation flow. Integrate schema markup for FAQPage to enable rich results."
557,Content,Fix H1 and meta description for /blog/hospitality-automation-guide,Easy,True,False,META_DESC|H1_DUPLICATE|COOKIE_H1,RC-01|RC-03|RC-04,confirmed-runtime,high,1,/blog/hospitality-automation-guide,+15 pts,,0c163c34276e0cb8,2,"For a B2B tech audience researching hospitality automation, a mismatched H1 confuses users and reduces relevancy signals. Missing meta description lowers CTR on organic listings, especially for high‑intent queries like “hospitality automation UK”.","Replace the H1 with the actual article title: ‘Hospitality Automation for UK Small Businesses’. Write a meta description of 150–160 characters that summarizes the article’s value, mentions key benefits (operational bottlenecks, AI receptionist, human‑touch balance). Ensure no other H1 tags exist on the page, and that the cookie banner is a <div> or <aside> with no heading role."
558,Content,Expand /pricing from 308 to 500-2000 words with pricing examples,Medium,False,False,THIN|TABLE,RC-01|RC-07,recommendation-only,high,1,/pricing,+15 pts,,88db5f677bc8762c,3,Pricing pages are high-intent; thin content here can lose 30-50% of potential leads to competitors who offer transparent ranges or case studies.,"Add a 'Typical Investment Range' section showing sample budget bands for strategic definition, focused release, integrated programme, and ongoing evolution.E.g., 'Strategic definition: £5k-15k', 'Focused first release: £15k-50k', etc. Instead of saying 'no public price', add: 'Typical project investments range from £5k for a strategic definition to £50k+ for an integrated programme.' Add a 'What You Get' table for each engagement structure with deliverables, timeline, and sample outcomes.Create 4 rows (one per listed structure) with 3 columns: Deliverables, Timeline, Typical Investment. For 'F"
559,Content,Add FAQ section to /blog/ai-automation-consulting-guide (improve contextual clarity & citability),Easy,False,False,SCHEMA|FAQ,RC-02|RC-05,obsolete-advice,high,1,/blog/ai-automation-consulting-guide,+13 pts,,c1bd6fe3a0b942de,3,"Small business owners searching 'what to automate first' or 'AI consulting vs DIY' often scan FAQ-style answers. Without an FAQ, the page misses up to 15% of potential organic clicks from featured snippets and People Also Ask boxes.","Add a FAQ section at the end of the article, before the CTA. Use a <details>/<summary> or plain list format with clear Q&A.Write 5-7 questions based on common search intents. Use schema.org/FAQPage markup. Create a FAQPage schema block in JSON-LD or embedded in the HTML.Include the questions and answers from step 1."
560,Content,Add a compelling meta description to /industry/salons-barbers,Easy,True,False,META_DESC|VALUEPROP,RC-01|RC-07,recommendation-only,high,1,/industry/salons-barbers,+12 pts,,a5a7c2e4aa515bcf,3,"Salons searching for booking solutions have high commercial intent. A missing meta description reduces CTR by an estimated 8-12%, directly impacting lead generation for Silverstone's automation services.","Create a meta description between 140-160 characters that summarizes the page's value proposition for salons and barbers. Include primary keywords such as 'salon automation', 'booking', and 'rebooking' naturally. Add a call-to-action that encourages clicks, e.g., 'See how Silverstone can fill cancellations and rebook clients automatically.'"
561,Content,Expand blog post from 1302 to 1500-3000 words with deeper hospitality examples,Medium,False,False,FAQ|THIN|TABLE,RC-01|RC-05|RC-07,obsolete-advice,high,1,/blog/hospitality-automation-guide,+15 pts,,7c476fa460597392,3,"Thin content risks losing organic visibility on commercial-intent queries like 'hospitality automation for UK small businesses', reducing lead generation for Silverstone AI's core service.","Add a section 'Case study: automating a boutique hotel booking workflow' with real metrics (e.g., reduction in missed calls, time saved). Expand 'The operating system approach' with numbered implementation steps for each component (website, AI receptionist, automation, content). Include pricing comparison table or timeline showing typical ROI for UK hospitality businesses. Add a FAQ section answering common objections (e.g., 'Will AI replace my staff?', 'How long does setup take?')."
562,Content,Add meta description to /pricing page,Easy,True,False,META_DESC,RC-01,refuted-live,high,1,/pricing,+8 pts,,67a0b11e186570c1,3,"AI & machine learning buyers researching pricing need clear differentiators. Without a meta description, CTR may drop 8-12% compared to a well-crafted snippet, leading to fewer qualified leads.","Write a 150-160 character meta description that summarizes the bespoke pricing approach and mentions key differentiators like scoping, transparency, and UK-based service."
563,Content,"Fix H1, add meta description, and expand content for /blog/ai-automation-consulting-guide",Easy,True,False,META_DESC|H1_DUPLICATE|THIN,RC-01|RC-04,confirmed-runtime,high,1,/blog/ai-automation-consulting-guide,+15 pts,,edbc8358858d5326,2,"Missing meta description reduces CTR from search results. Wrong H1 confuses search engines and users, potentially lowering rankings and user engagement. The content is nearly adequate but could be more authoritative.","Update H1 from 'Customize your cookie preferences' to 'AI & Automation Consulting for UK Small Businesses'.The H1 should match the article title to clearly signal the page topic to search engines and users. Change <h1>Customize your cookie preferences</h1> to <h1>AI & Automation Consulting for UK Small Businesses</h1> Add a meta description of 140-160 characters summarizing the article's value.Include key benefits: workflow automation, AI vs rules, readiness framework, practical steps. Learn which workflows to automate first, where AI helps vs rules, and how to assess readiness. Practical AI a"
564,Content,Add meta description and improve opening for /industry/salons-barbers,Easy,True,False,META_DESC|THIN|VALUEPROP,RC-01|RC-07,recommendation-only,high,1,/industry/salons-barbers,+15 pts,,869253144e519821,3,"For a tech/AI company targeting salon owners, a missing meta description can drop CTR by 10-15% on commercial-intent queries. The vague intro may cause visitors to bounce, losing potential leads in a competitive market.","Add a meta description of 150-160 characters that clearly states the page topic and value proposition.Include keywords like 'salon automation', 'booking', 'cancellation refill', and 'rebooking' to match search intent. Automate salon bookings, cancellations, and rebooking. Silverstone AI answers calls, refills gaps, and recovers revenue—built for UK salons & barbers. Revise the opening paragraph to directly answer the reader's primary question within the first 150 words.The first words should state what the page offers: 'Silverstone AI automates your salon's bookings, cancellations, and rebooki"
565,Content,"Add meta description & H1 to /pricing, restructure opening for direct answer",Easy,True,False,META_DESC|H1_DUPLICATE|THIN|VALUEPROP,RC-01|RC-04|RC-07,confirmed-runtime,high,1,/pricing,+25 pts,,0d19e8171d805e18,2,"Pricing pages are high-intent landing pages for B2B AI services. Without a meta description, Google auto-generates snippets from thin body text, reducing CTR by 8-12%. Unclear opening copy causes users to bounce, losing potential consulting engagements valued at £10k+ each.",Write a meta description of 140-160 characters that includes a price range or clear next step.Include keywords like 'custom AI pricing' and 'bespoke quote'. Silverstone AI pricing is bespoke per project. Get a custom quote after a free discovery call. London-based UK-built AI solutions. Replace the H1 with a direct heading that states what the page is about.Current H1 is a slogan; change to something like 'Silverstone AI Pricing: Bespoke Quotes After Discovery'. Add a 1-2 sentence direct answer in the first 150 words explaining the pricing model.Example: 'Silverstone AI prices each project bes
566,Content,Add meta description to /ai-automation-consulting-guide (missing -> ~155 chars),Easy,False,False,META_DESC|VALUEPROP,RC-01|RC-07,recommendation-only,high,1,/blog/ai-automation-consulting-guide,+8 pts,,fb2d04906b78cfc0,3,"For a tech/AI niche, a missing meta description can reduce CTR by 5-10% on informational queries. This page targets small business owners seeking consulting guidance.","Write a 150-160 character meta description summarizing the article's value proposition.Summarize what the reader will learn: which workflows to automate first, where AI helps vs. rules, and how to assess readiness. Learn which workflows to automate first, where AI helps vs. rules, and how to assess readiness. Practical automation consulting for UK small businesses."
567,Content,Align page content with title promise on /industry/salons-barbers,Medium,False,False,VALUEPROP,RC-07,recommendation-only,high,1,/industry/salons-barbers,+20 pts,,213701169c690897,3,"Salon owners searching for 'salon booking automation UK' expect concrete details about UK-specific features, pricing, and integrations. Misalignment causes high bounce rates and lost leads, especially since the page receives commercial-intent traffic.","Rewrite the opening paragraph to explicitly mention UK salons, booking and rebooking automation, and the specific benefits for barbers/salons. Add a section titled 'How Silverstone Automates Bookings & Rebookings for UK Salons' with clear, numbered steps or use cases. Insert UK-specific references such as local integrations (e.g. Google My Business, local phone numbers), compliance with UK data laws, and testimonials from UK salons. Update the H2 'A full diary can still leak revenue' to include a concrete example: e.g., 'A 3pm cancellation costs you £50 – Silverstone refills it in minutes.'"
568,Content,Fix misaligned H1 showing cookie preferences instead of article topic,Easy,False,False,H1_DUPLICATE|COOKIE_H1,RC-03|RC-04,confirmed-runtime,high,1,/blog/ai-automation-consulting-guide,+17 pts,,54513a32529533e6,2,"Visitors see a cookie preference heading first, causing confusion and likely increasing bounce rate. For a blog article targeting small business owners, this misalignment undermines credibility and hurts engagement metrics.","Replace the H1 with a descriptive heading that matches the title and content, e.g., 'AI & Automation Consulting for UK Small Businesses'. Ensure cookie consent banner does not inject an H1. Test with JavaScript disabled to confirm the H1 is correct."
569,Content,Rewrite /pricing meta description and align content to title,Easy,True,False,META_DESC|H1_DUPLICATE|VALUEPROP,RC-01|RC-04|RC-07,confirmed-runtime,high,1,/pricing,+30 pts,,de69fb21e2927f7c,2,"Missing meta description reduces CTR by 8-12% on commercial-intent queries. Title-content misalignment increases bounce rate and reduces conversion for visitors evaluating AI services. For a B2B AI company, every high-intent visitor lost equates to missed qualified leads.","Add a meta description of 140-160 chars summarizing the page: explain that pricing is bespoke, determined after discovery, and based on scope/complexity. Reframe H1 and opening paragraphs to directly address 'How pricing works' instead of defending against fixed packages. Lead with the process: discovery → proposal → engagement."
570,Content,Expand gym automation FAQ from 584 to 800-2000 words for depth,Medium,False,False,FAQ|THIN|TABLE,RC-01|RC-05|RC-07,obsolete-advice,high,1,/industry/gyms-fitness-studios,+25 pts,,eb228f85aa9e2660,3,"Gym operators searching for automation solutions are likely to bounce to competitors with more detailed content, losing potential trial conversions. A 10-point penalty on content depth indicates poor search performance for high-intent queries.","Add detailed answers under each existing H2, aiming for 3-5 sentences per heading. For 'Demand is leaking between systems', explain specific scenarios like phone calls vs. Instagram leads and how Silverstone consolidates them.Expand each H2 section to at least 80-100 words of actionable content. Under 'Demand is leaking between systems', add: 'For example, a lead might call your front desk, fill a contact form, and DM on Instagram—all without any system tracking. Silverstone unifies these into one view, so your team never duplicates outreach or misses a follow-up.' Create a new FAQ section wit"
571,Content,Fix H1 mismatch on /blog/ai-voice-agent-buyers-guide (cookie banner vs article topic),Easy,False,False,H1_DUPLICATE|COOKIE_H1|TITLE_TAG,RC-03|RC-04|RC-06,confirmed-3p-mutation,high,1,/blog/ai-voice-agent-buyers-guide,+15 pts,,6ebbd648d66dec86,1,"Misleading H1 reduces keyword relevance signals and may cause search engines to misclassify the page. Visitors expecting a buyers guide see cookie settings, increasing bounce rate. For a tech buyers guide, this could mean losing qualified leads.","Change the H1 from 'Customize your cookie preferences' to 'AI Voice Agents in the UK for Small Businesses'.Update the page template to ensure the cookie banner does not set an H1, or hide it from search engines. The article's main heading must reflect the content. Change <h1>Customize your cookie preferences</h1> to <h1>AI Voice Agents in the UK for Small Businesses</h1> Ensure the article's H1 is unique and semantically matches the title tag.The title tag is 'AI Voice Agents in the UK for Small Businesses' — the H1 should be identical or a close variant (e.g., 'AI Voice Agents for UK Small Bu"
572,Content,Add FAQ section and switch meta description on /small-business-ai-automation,Easy,False,False,META_DESC|SCHEMA|FAQ|CITATION|VALUEPROP,RC-01|RC-02|RC-05|RC-07,obsolete-advice,high,1,/blog/small-business-ai-automation,+15 pts,,b4e9aff9262a28de,3,"For a technology / AI & ML site targeting worldwide audience, missing meta description reduces CTR on SEO queries (estimated 8-12% loss). Missing FAQ section lowers chances of appearing in 'People also ask' boxes and reduces AI-generated citation opportunities, potentially reducing organic traffic from informational queries.","Write a meta description of 140-160 characters summarizing the article's value proposition, e.g., for UK small businesses seeking AI automationThe current title is 'AI Automation for UK Small Businesses | Silverstone AI'. The meta description should expand on the audience and key takeaways. Learn where AI automation fits in a UK small business. Prioritise high-friction workflows and use our automate-assist-leave-alone framework before buying. Add an FAQ section with 3-5 common questions and answers related to AI automation for small businessesBased on the article's H2s, relevant FAQs could cov"
573,Content,Fix meta description and H1 mismatch on hospitality automation article,Easy,True,False,META_DESC|H1_DUPLICATE|COOKIE_H1|TITLE_TAG,RC-01|RC-03|RC-04|RC-06,confirmed-3p-mutation,high,1,/blog/hospitality-automation-guide,+12 pts,,0ca7e1973d3e0459,1,"For a technology/AI business targeting UK small businesses, this misalignment reduces organic CTR, wastes the article's authority-building potential, and can cause high bounce rates due to mismatched expectations.","Update the H1 heading to accurately reflect the article's topic, e.g., 'Hospitality Automation for UK Small Businesses' matching the title tag.Ensure the cookie consent banner is not mistakenly inserted as an H1; set its heading level to something lower (e.g., H4) or remove the heading from the banner. Write a compelling meta description (140–160 characters) summarizing the article's value and including target keywords.Include 'hospitality automation', 'UK small businesses', 'AI receptionist', 'system approach'."
574,Content,Fix H1 and add meta description to AI voice agent buyers guide,Easy,False,False,META_DESC|H1_DUPLICATE|COOKIE_H1|TITLE_TAG,RC-01|RC-03|RC-04|RC-06,confirmed-3p-mutation,high,1,/blog/ai-voice-agent-buyers-guide,+12 pts,,d03cf5615c2faaf3,1,"For a tech/SaaS audience searching for AI voice agents, a wrong H1 confuses relevance signals, and missing meta description reduces CTR by an estimated 8-12%. This article targets commercial-intent queries; poor snippet can cost leads.","Update the H1 from 'Customize your cookie preferences' to 'AI Voice Agents in the UK for Small Businesses' (matching the page title). Ensure the cookie consent plugin does not override the page's H1. Add a meta description of 140-160 characters summarizing the buyer's guide value. Example: 'Complete guide to AI voice agents for UK small businesses. Learn how to evaluate, implement, and get ROI from voice AI with compliance and human handoff.'"
575,Content,Fix H1 and meta description misalignment on hospitality automation article,Easy,False,False,META_DESC|H1_DUPLICATE|COOKIE_H1|VALUEPROP,RC-01|RC-03|RC-04|RC-07,confirmed-runtime,high,1,/blog/hospitality-automation-guide,+20 pts,,95cbf52199a96e35,2,"Misaligned H1 and missing meta description can cause Google to misclassify the page, reducing search visibility for hospitality automation queries. For a UK small business target audience, this means lost organic traffic and credibility.","Change the H1 to match the article topic, e.g., 'Hospitality Automation for UK Small Businesses' or 'The UK Hospitality Automation Guide'. Add a compelling meta description of 140-160 characters summarizing the article's value proposition, including key phrases like 'UK hospitality', 'automation', 'bookings', and 'efficiency'. Ensure the cookie banner is implemented as a pop-up or footer element, not as the page's main heading."
576,Content,Fix H1 and add meta description to buyers guide article,Easy,False,False,META_DESC|H1_DUPLICATE,RC-01|RC-04,confirmed-runtime,high,1,/blog/ai-voice-agent-buyers-guide,+12 pts,,3248b706e069f51d,2,"Misleading H1 reduces click-through rate and confuses users, likely increasing bounce rate. Missing meta description loses control over search snippets, lowering organic traffic for a commercial-intent guide.","Change the H1 to match the article's main topic.Replace 'Customize your cookie preferences' with a descriptive H1 like 'The Essential AI Voice Agent Buyer’s Guide for UK Small Businesses'. <h1>The Essential AI Voice Agent Buyer’s Guide for UK Small Businesses</h1> Write a meta description of 140-160 characters summarizing the article's value.Include key keywords: AI voice agents, UK small businesses, buying guide, call handling. Learn how AI voice agents can handle routine calls for UK small businesses. This buyer’s guide covers what to look for, compliance, and human handoff."
577,Content,Add meta description to gyms-fitness-studios page,Easy,True,False,META_DESC,RC-01,refuted-live,high,1,/industry/gyms-fitness-studios,+8 pts,,a66cd23d0635b11d,3,"Gym operators searching for automation solutions will see auto-generated snippets, reducing CTR by 8-12% on high-intent queries. This page likely targets commercial keywords like 'gym lead automation' and 'fitness studio CRM'.","Write a 140-160 character meta description summarizing how Silverstone connects gym enquiries (website, phone, social) to membership trials and retention."
578,Content,Fix meta description and cookie banner H1 on /blog/small-business-ai-automation,Easy,False,False,META_DESC|H1_DUPLICATE|COOKIE_H1,RC-01|RC-03|RC-04,confirmed-runtime,high,1,/blog/small-business-ai-automation,+15 pts,,a0b49d8495992b02,2,"For a technology/AI audience, missing meta description can reduce CTR by 8-12%. A cookie consent H1 confuses search engines, likely preventing proper indexing. The article targets UK small businesses searching for AI automation – poor snippet control loses commercial-intent traffic.","Write a 140-160 character meta description summarizing the article's value for UK small businesses.Include target keywords 'AI automation', 'UK small business', 'workflow automation'. Learn where AI automation fits in a UK small business. Prioritise high-friction workflows with a practical automate-assist-leave-alone framework. Change the H1 from 'Customize your cookie preferences' to 'AI Automation for UK Small Businesses'.Update the page's H1 tag to match the article title and topic. Ensure the cookie banner uses a different HTML element (e.g., <div> or <span>)."
579,Content,Expand FAQ page to 800-2000 words (569 currently) for dental practice automation,Medium,False,False,FAQ|THIN,RC-01|RC-05,obsolete-advice,high,1,/industry/dentists,+12 pts,,5629ac13318cdcbf,3,"Dentists searching for phone automation have high commercial intent. Thin content likely hurts rankings for terms like 'dental practice phone automation' (currently position 31 with 0 clicks), reducing lead generation and trial signups.","Expand the 'Verified results, four ways' section with specific, quantified outcome examples (e.g., 'Reduced missed calls by 40% in pilot practices').Add 2-3 sentences per result, citing anonymized real data or industry benchmarks. Practices using Silverstone AI have seen missed calls drop by 35-50% within the first month, with recall response rates increasing by 25%. Expand the 'Questions practice leaders ask' section from a brief list into short paragraphs (100-150 words per question).Address cost, integration with existing PMS, and staff training. Each answer should include a benefit stateme"
580,Content,Fix misaligned H1 and add meta description to AI voice agent buyer's guide,Easy,True,False,META_DESC|H1_DUPLICATE,RC-01|RC-04,confirmed-runtime,high,1,/blog/ai-voice-agent-buyers-guide,+15 pts,,1b007c9dbdf34667,2,"As a buyer's guide for small businesses, a misaligned H1 confuses users and search engines, reducing organic CTR by an estimated 10-15%. Missing meta description further drops CTR on commercial-intent queries, costing potential leads.","Change the H1 from 'Customize your cookie preferences' to a title that matches the article's focus, e.g., 'AI Voice Agent Buyer's Guide for UK Small Businesses'. Write a meta description between 140-160 characters summarizing the guide's key takeaways, including 'bounded call flows', 'compliance', and 'human handoff'."
581,Content,Add clear direct answer in first 150 words for gyms/fitness studios page,Easy,True,False,META_DESC|H1_DUPLICATE|THIN|VALUEPROP,RC-01|RC-04|RC-07,confirmed-runtime,high,1,/industry/gyms-fitness-studios,+20 pts,,1bfc61ba0ae81052,2,"Fitness studio owners searching for gym automation solutions need immediate clarity to stay on page. Without a direct answer, bounce rates may increase 10-20%, losing potential trial sign-ups and demo requests. Industry conversion rates for B2B software are ~3-5% of visitors; losing clarity reduces this significantly.","Rewrite the first paragraph (within first 150 words) to include a direct answer: 'Silverstone helps UK gyms and fitness studios automate lead capture, trial booking, and member retention with a single platform.'Place this immediately after the H1, before any feature lists. Silverstone helps UK gyms and fitness studios automate lead capture, trial booking, and member retention with a single platform. Connect website, phone, social, classes and membership records so trials and follow-up move with context—not scattered reminders. Update the H1 to be more direct and keyword-focused.Current H1: 'Ma"
582,Content,Fix H1 and Add Meta Description to /blog/small-business-ai-automation,Easy,True,False,META_DESC|H1_DUPLICATE,RC-01|RC-04,confirmed-runtime,high,1,/blog/small-business-ai-automation,+15 pts,,8afc3f8b6b439a34,2,"Lack of meta description reduces CTR by 8-12% on informational queries about AI automation. Wrong H1 confuses search engines and users, harming topical authority and indexing for target keywords like 'AI automation for UK small businesses'.","Change H1 to 'AI Automation for UK Small Businesses' or a similar descriptive headline. Write a meta description of 150-160 characters summarizing the article's value, mentioning UK small business context and the decision framework."
583,Content,Expand home page from 75 to 300-800 words for content depth,Medium,False,False,THIN|VALUEPROP,RC-01|RC-07,recommendation-only,high,1,/,+15 pts,,4532d0455c1ffdbc,3,"For a UK AI automation company, a thin home page lowers trust and conversion rates. Prospects researching 'AI automation' (top keyword) need compelling copy to understand value; 75 words fail to convince and reduce time-on-site, hurting SEO signals.","Expand body copy to 400-600 words covering the three H2 sections: Services, Industries, Company. Add a clear value proposition and call-to-action (e.g., 'Book a demo'). Include specific examples of AI voice, reception, and automation systems."
584,Content,Fix H1 misalignment: replace cookie consent with content-relevant H1,Easy,True,False,META_DESC|H1_DUPLICATE|THIN|COOKIE_H1|TITLE_TAG,RC-01|RC-03|RC-04|RC-06,confirmed-3p-mutation,high,1,/blog/small-business-ai-automation,+17 pts,,4f6442a8d51987a1,1,"Misaligned H1 reduces contextual clarity, potentially increasing bounce rate as users expect cookie settings instead of educational content. Search engines rely on H1 for topic relevance, so this may suppress rankings for the target keyword 'UK small business AI automation' despite the article's high word count (1484 words). Estimated impact: 10-20% lower CTR and rankings for this page.","Replace the H1 with the article's actual topic heading, e.g., 'AI Automation for UK Small Businesses'.Edit the page HTML to change the H1 tag from 'Customize your cookie preferences' to a relevant title that matches the page title and content. <h1>AI Automation for UK Small Businesses</h1> Ensure the cookie consent banner uses a different HTML element (e.g., div or span) instead of an H1.Move the cookie preferences heading to a non-heading element to avoid semantic confusion. Add a meta description matching the H1 and content to reinforce relevance in SERPs.Write a 150-160 character meta descr"
585,Content,"Align page content with title: emphasize lead, trial, retention automation for gyms/fitness studios",Easy,False,False,H1_DUPLICATE|FAQ|VALUEPROP,RC-04|RC-05|RC-07,confirmed-runtime,high,1,/industry/gyms-fitness-studios,+15 pts,,1e10ed33dfc4d377,2,"For a B2B SaaS targeting gym and fitness studio operators, this misalignment reduces conversion rates by 10-15% because visitors seeking automation solutions for leads/trials/retention may not immediately see relevant content and bounce.","Update H1 from 'Make every genuine enquiry visible to the team' to 'Gym Automation for Leads, Trials & Retention | Silverstone'.Align H1 directly with the title to immediately communicate the core value proposition. Gym Automation for Leads, Trials & Retention | Silverstone Add a 2-3 sentence introductory paragraph after the H1 that explicitly mentions the three pillars: lead automation, trial management, and retention workflows.Replace the current opening section with a clear statement that matches the title. Silverstone automates lead capture across all channels, ensures trials are tracked a"
586,Content,Rewrite meta description & expand thin content on homepage,Medium,False,False,META_DESC|THIN|VALUEPROP,RC-01|RC-07,recommendation-only,high,1,/,+15 pts,,b22fb773a4e7e20c,3,Homepage is the most visited page for an AI studio; missing meta description reduces CTR by ~10-20% on brand and 'AI automation' queries. Thin content (75 words) hurts topical authority and may limit indexing depth.,"Write a compelling meta description of 140-160 characters summarizing the value proposition: AI voice, reception, and automation systems for UK SMEs.Include keywords: AI automation, UK businesses, voice AI, workflow automation. Silverstone AI builds custom websites, apps and AI workflows for UK businesses. Our AI voice and automation systems answer every call and streamline operations so you grow faster. Expand homepage content to at least 500 words covering each H2 section: Services, Industries, Company.Add 2-3 paragraphs per section. Use bullet points for services (AI voice, AI reception, au"
587,Content,Add meta description to /dentists (missing -> 150-160 chars),Easy,True,False,META_DESC|VALUEPROP,RC-01|RC-07,recommendation-only,high,1,/industry/dentists,+8 pts,,1624b16b6d259692,3,"Missing meta description lowers CTR on commercial-intent queries like 'dental practice phone automation' by 8-12%, directly reducing lead generation for a B2B service.","Write a compelling meta description of 150-160 characters summarizing the page's value proposition.Include key selling points: missed call recovery, clinical judgement preserved, UK-built, GDPR-conscious. Automate dental practice admin without touching clinical care. Recover missed calls, streamline recall & booking. UK-built, GDPR-conscious. Learn more."
588,Content,"Add direct answer and meta description to /dentists page (569 words, missing meta)",Easy,True,False,META_DESC|THIN|VALUEPROP,RC-01|RC-07,recommendation-only,high,1,/industry/dentists,+15 pts,,c38212a5da7cbd0c,3,Dental practices searching for automation solutions have high commercial intent. Missing meta reduces organic CTR by 8-12%. No direct answer in the first 150 words increases bounce rate and reduces conversions for a service with high lifetime value.,"Write a meta description of 150-160 characters that includes keywords like 'dental practice automation', 'phone automation', and a clear value proposition.Mention UK-built, human-reviewed, and clinical safety focus. Rewrite the first paragraph to directly answer 'What is Silverstone AI for dental practices?' within the first 150 words.Start with something like 'Silverstone AI automates phone calls, bookings, recalls, forms, and follow-ups for dental practices — while never touching clinical judgement.'"
589,Content,Expand /services/ai-receptionists from 89 to 800+ words and add meta description,Medium,False,False,META_DESC|SCHEMA|FAQ|THIN,RC-01|RC-02|RC-05,obsolete-advice,high,1,/services/ai-receptionists,+25 pts,,dd71730f90e811b9,3,Service pages with under 600 words typically see 70% lower conversion rates and poor rankings. Missing meta description reduces CTR by 5-15%.,"Write a 155-160 character meta description including target keywords and a clear CTA. Expand body content to 800-1000 words covering: features, pricing plans, customer testimonials, FAQ, and comparison with human receptionists. Add schema markup for Service and FAQPage."
590,Content,Add meta description and expand home page content to 500+ words,Easy,False,False,META_DESC|THIN|VALUEPROP,RC-01|RC-07,recommendation-only,high,1,/,+25 pts,,07f9ccd78dd5cbc5,3,"Home pages drive top-of-funnel discovery and brand searches. A missing meta description causes search snippets to auto-generate from sparse body text, likely reducing CTR. Thin content lowers topical authority for 'AI automation' and 'UK AI services' queries, causing competitors with richer home pages to outrank.","Write a 150-160 character meta description that includes target keywords and a clear value proposition.Include 'AI voice, reception, and automation systems for UK businesses' and a call to action like 'Book a demo'. Silverstone AI builds custom AI voice, reception, and automation systems for UK businesses. Answer every call, capture every enquiry, and grow without extra headcount. Expand the body content to at least 500 words, adding a 'What is Silverstone AI?' paragraph that directly answers the reader's likely questions.Define what the company does, list core services (AI voice agents, AI re"
591,Content,"Fix duplicate H1, add meta description, improve readability on /blog/ai-estate-agents-systems-agencies",Easy,False,False,META_DESC|H1_DUPLICATE|READABILITY,RC-01|RC-04|RC-07,confirmed-runtime,high,1,/blog/ai-estate-agents-systems-agencies,+15 pts,,2d51ff01611ddb9e,2,"For a tech/AI site targeting UK estate agents, a missing meta description lowers CTR by 8-12% on organic results. The wrong H1 confuses both users and search engines, weakening topical relevance. Low readability may cause bounce rates to rise, especially among small agency owners who may not be tech-savvy.","Change the H1 from 'Customize your cookie preferences' to 'AI for Estate Agents: UK Systems for Small Agencies' to match the article title and improve SEO. Add a meta description of 140-160 characters summarizing the post's value: helping small UK estate agencies save time and win deals with AI and automation. Improve readability by breaking down long sentences, adding bullet points, and reducing jargon where possible."
592,Content,Improve alignment between title and content on /industry/dentists,Medium,False,False,META_DESC|H1_DUPLICATE|THIN,RC-01|RC-04,confirmed-runtime,high,1,/industry/dentists,+25 pts,,21cb63c414e24dd9,2,"Dental practices searching for automation solutions may overlook the page because it doesn't address their specific needs. Missing meta description reduces CTR. Thin content fails to convert visitors, losing potential leads in a competitive UK market.","Add a meta description of 150-160 characters that includes 'dental practice automation' and specific benefits.Use target keyword in description. Automate dental practice calls, bookings, and admin with Silverstone AI. Protect clinical time. UK-built, GDPR-compliant. Book a demo. Revise H1 to include 'Dental Practice Automation' or similar.Align with title to improve topical relevance. Dental Practice Automation: Protect Reception, Preserve Clinical Time Expand content to at least 1000 words with dental-specific examples.Add sections on common dental admin tasks (recall systems, insurance verif"
593,Content,Rewrite meta description and expand content for /ai-receptionists,Medium,False,False,META_DESC|SCHEMA|THIN,RC-01|RC-02,refuted-live,high,1,/services/ai-receptionists,+15 pts,,df043f3544365986,3,"Service pages with missing meta descriptions lose 8-12% CTR. Thin content (89 words vs. typical 500+ for commercial intent) signals low quality to Google, reducing ranking for key terms like 'AI receptionist UK' and 'virtual front desk'. This directly impacts lead generation for a B2B technology company.","Write a 150-160 character meta description that includes service name, key benefits, and CTA.Include phrases like 'AI receptionist', 'front desk', 'UK', 'handle calls', 'bookings', 'handover'. Expand body content to at least 500 words. Cover each H2 section with 2-3 paragraphs explaining features, benefits, and use cases. Add schema markup (e.g., Service, SoftwareApplication) to help search engines understand the page type."
594,Content,"Rewrite homepage to match title's promise (75 words → ~600+ words, UK business-focused)",Medium,False,False,THIN,RC-01,refuted-live,high,1,/,+25 pts,,2c7d925230f5c480,3,"Homepage is the highest-traffic page. Misaligned title and thin content reduce dwell time, increase bounce rate, and lose conversions for 'ai automation' (top keyword, pos 1 but 0 clicks). Competitions with rich service overviews capture leads.","Expand body to 600+ words covering all three titled services: websites, apps, and AI workflows, with concrete UK use cases. Add a 'Services' section with brief overviews for each offer (websites, apps, voice/reception, automations) linking to service pages. Add an 'Industries' section with 3–5 sectors served (e.g., retail, legal, healthcare) and specific examples."
595,Content,Add a direct answer/definition in first 150 words on /services/ai-receptionists,Easy,False,False,THIN|VALUEPROP,RC-01|RC-07,recommendation-only,high,1,/services/ai-receptionists,+15 pts,,ee40e76ec408e77c,3,"Visitors scanning for a quick understanding bounce off. For a service page, this can reduce conversion rates by 20-30% on cold traffic. Search engines also struggle to understand the page's core topic, harming rankings for queries like 'AI receptionist service UK'.","Replace the first paragraph with a clear, concise definition of your AI receptionist service, followed by key benefits in bullet points.Lead with 'Our AI receptionist handles routine enquiries, books appointments, and seamlessly hands off complex calls to your team — 24/7, in natural language.' Then list 3-4 bullet points summarizing core capabilities. Our AI receptionist handles routine enquiries, books appointments, and seamlessly hands off complex calls to your team — 24/7, in natural language. - Answer calls and chat instantly, never miss an enquiry. - Qualify leads and schedule appointmen"
596,Content,Fix meta description and H1 mismatch on no-show follow-up article,Easy,True,False,META_DESC|H1_DUPLICATE|COOKIE_H1,RC-01|RC-03|RC-04,confirmed-runtime,high,1,/blog/automate-no-show-follow-up,+10 pts,,a888d320a24ff178,2,"For a technology/AI company targeting fitness coaches, this page could rank for commercial-intent queries like 'automate no-show follow-up'. A missing meta description reduces CTR by 8-12%, and the mismatched H1 confuses both users and search engines, potentially losing qualified leads.","Set the H1 to match the article topic, e.g., 'Automate Fitness Coach No-Show Follow-Up'.Replace the current H1 'Customize your cookie preferences' with a relevant headline that incorporates the target keyword. Write a compelling meta description of 140-160 characters summarizing the article's value and including primary keywords.Focus on the maturity model approach and benefits for fitness coaches. Ensure the cookie consent banner is not overriding the page content's H1. Move the cookie banner to a separate overlay or footer if needed.Check theme settings to prevent the cookie banner from bein"
597,Content,Expand article from 1303 to 1500-3000 words for depth and authority,Medium,False,False,THIN,RC-01,refuted-live,high,1,/blog/homepage-first-redesigns-misdiagnose-conversion,+20 pts,,e6efa6ba1a311a2f,3,"Businesses researching homepage redesigns may find the content insufficiently detailed, leading them to competitors with more comprehensive guides. For a tech/AI consultancy, thin content reduces perceived authority and organic visibility for competitive long-tail queries.","Add a 'Buyer Route Mapping' section with a step-by-step guide and example workflow.Include practical steps for auditing user journeys, identifying drop-off points (service pages, mobile handoff, forms), and aligning content with buyer intent. Map 3 common user personas: first-time visitor, returning researcher, high-intent buyer. For each, outline the path from entry to conversion. Insert a 'Common Pitfalls' section with real-world examples or mini case studies.Describe 2-3 examples of UK businesses that misdiagnosed conversion issues and how they corrected them. A UK electrical services firm "
598,Content,Add meta description & expand thin content (89 words) on AI Receptionists page,Medium,True,False,META_DESC|THIN|VALUEPROP,RC-01|RC-07,recommendation-only,high,1,/services/ai-receptionists,+25 pts,,fc7345e772256d36,3,"As a high-intent service page for AI receptionists, missing meta description and thin content reduce organic CTR and conversion potential. Estimated 60%+ of visitors may bounce due to insufficient information.","Write a meta description of 150-160 characters that includes target keywords (AI receptionist, UK) and a clear value proposition.Use active language and include a call-to-action like 'Book a demo' or 'See how it works'. Expand body content to at least 600 words covering each H2 section with concrete details.Explain how the AI front desk works, benefits over traditional receptionists, pricing tiers, use cases by industry (e.g., dental, legal), and a clear CTA to schedule a demo or free trial."
599,Content,Add FAQ section to no-show follow-up article for higher AI citability,Medium,False,False,SCHEMA|FAQ|THIN,RC-01|RC-02|RC-05,obsolete-advice,high,1,/blog/automate-no-show-follow-up,+15 pts,,90248a91bab960c7,3,"For a UK fitness coach audience, missing FAQ content reduces organic visibility in voice search and AI overviews. Competitor pages with FAQs capture 2-3x more snippet impressions, directly reducing traffic and lead generation for Silverstone AI.",Add an FAQ section before the 'What to measure' heading with 5-7 questions addressing common no-show follow-up concerns. Use FAQ schema markup for each Q&A pair. Ensure each FAQ answer is concise (40-60 words) and directly answers the question.
600,Content,Add meta description to /ai-estate-agents-systems-agencies (missing -> ~155 chars),Easy,True,False,META_DESC|VALUEPROP,RC-01|RC-07,recommendation-only,high,1,/blog/ai-estate-agents-systems-agencies,+12 pts,,33455f3fc895f2ae,3,"For a tech/AI site targeting UK estate agents, a missing or misaligned meta description reduces CTR by 8-12% on informational queries about AI in real estate, losing potential leads and authority.","Write a meta description of 140-160 characters that accurately summarizes the article's value proposition.Focus on pain points (lost time, missed leads) and solutions (AI automation for small agencies)."
601,Content,Add meta description to blog article (missing → ~155 chars),Easy,True,False,META_DESC,RC-01,refuted-live,high,1,/blog/homepage-first-redesigns-misdiagnose-conversion,+10 pts,,0d49e7821d603dd0,3,"For a tech/AI audience, this article targets a specific pain point (homepage redesign failures). A missing meta description can cause 20-30% lower CTR for informational intent queries, reducing organic traffic and authority building.","Write a 140-160 character meta description that reflects the core argument: homepage redesign often misses real conversion bottlenecks.Focus on the article's value: helping UK businesses diagnose conversion issues beyond the homepage, mentioning service pages, buyer routes, and enquiry quality. Homepage redesign can misdiagnose conversion problems. Learn why UK businesses should audit service pages and buyer routes first. Read more. Update the meta description in the page's <head> using appropriate CMS or HTML editor.Ensure it is unique and matches the page's content."
602,Content,Fix meta description and align with page content,Easy,False,False,META_DESC|H1_DUPLICATE,RC-01|RC-04,confirmed-runtime,high,1,/blog/automate-no-show-follow-up,+15 pts,,b1c031ef32dec81e,2,"This article targets fitness coaches searching for no-show automation solutions. Missing meta description reduces CTR by 8-12% on search results, and mismatched H1 can cause high bounce rates, losing potential leads for AI automation services.",Change the H1 from 'Customize your cookie preferences' to 'Automate Fitness Coach No-Show Follow-Up'.Update the page H1 tag to match the article title and content focus. Write a meta description (140-160 characters) summarizing the article's value for fitness coaches.Include keywords like 'fitness coach no-show follow-up' and 'automation' to attract the target audience.
603,Content,Add meta description and FAQ section to /fitness-coach-enquiry-automation,Easy,True,False,META_DESC|H1_DUPLICATE|SCHEMA|FAQ|CITATION|COOKIE_H1,RC-01|RC-02|RC-03|RC-04|RC-05|RC-07,confirmed-runtime,high,1,/blog/fitness-coach-enquiry-automation,+15 pts,,42d41ead8599ac9a,2,"Fitness coaches searching for enquiry automation may skip this article due to auto-generated snippets showing cookie notice. No FAQ reduces featured snippet chances and AI tool citation, lowering organic CTR by 5-10% for commercial-intent queries.","Write meta description ~155 chars highlighting UK fitness coach enquiry-to-consultation funnel solution.Include keywords: UK fitness coaches, enquiry automation, consultation funnel. Discover how UK fitness coaches automate enquiries into booked consultations. Learn website, AI, and follow-up strategies that convert leads consistently. Add FAQ section after 'What good looks like when the system is working' with 4-5 common questions.Use schema.org FAQPage markup. Q: How does AI help UK fitness coaches? A: AI handles routine queries and routing, freeing coaches for high-value consultations. Upda"
604,Content,Fix H1 from cookie notice to article topic on AI estate agents page,Easy,False,False,H1_DUPLICATE|COOKIE_H1,RC-03|RC-04,confirmed-runtime,high,1,/blog/ai-estate-agents-systems-agencies,+17 pts,,7cc352e8108f5fa7,2,"Search engines and users rely on H1 for page context; a mismatched H1 reduces topical relevance signals, hurting rankings and user trust. For a technology/AI niche site targeting small UK agencies, this could lower engagement and conversion on an article designed to attract leads.","Change the H1 from 'Customize your cookie preferences' to a title that matches the article topic, such as 'AI for Estate Agents: A Practical Guide for Small UK Agencies'.Ensure the H1 is set in the page's HTML or CMS field, not just a visual heading. Check that cookie banner elements use proper ARIA labels and do not override the main H1. <h1>AI for Estate Agents: A Practical Guide for Small UK Agencies</h1>"
605,Content,Align page title with content topics (17 pts),Medium,False,False,TITLE_TAG,RC-06,confirmed-3p-mutation,high,1,/blog/automate-no-show-follow-up,+17 pts,,05b7915523281b28,1,Misaligned page title reduces click-through rate from search results and increases bounce rate.,"Review the page title and identify the primary topic it promises Ensure the page body directly addresses the title's promise in the first 2 paragraphs If the title is misleading, rewrite it to match the actual content"
606,Content,Expand /services/web-design-development from 584 to 800+ words with concrete examples,Medium,False,False,THIN,RC-01,refuted-live,high,1,/services/web-design-development,+15 pts,,58117d263aaf7d13,3,"High-intent B2B buyers comparing agencies will leave for competitors that detail pricing, timelines or past work; thin content reduces conversion from service queries by 15-20%.","Add a 'Case study' section with 2 real client examples (describe challenge, solution, result). Expand 'What you receive' to include a numbered list of deliverables with typical timeline. Add a 'Pricing' or 'Investment' range to address the most common buyer question."
607,Content,Fix title-H1 misalignment and add meta description to blog article,Easy,False,False,META_DESC|H1_DUPLICATE|COOKIE_H1|TITLE_TAG,RC-01|RC-03|RC-04|RC-06,confirmed-3p-mutation,high,1,/blog/homepage-first-redesigns-misdiagnose-conversion,+15 pts,,870c78b57b4c8ea2,1,"For a tech/AI audience, this misalignment signals poor page quality, increasing bounce rate and reducing organic CTR. Missing meta description leaves snippets to auto-generate, further hurting CTR on a topic that could attract B2B leads researching web design.","Change the H1 from 'Customize your cookie preferences' to a title that matches the article topic, e.g., 'When Homepage Redesigns Misdiagnose Conversion Problems'.Ensure the H1 is unique, descriptive, and aligned with the page title. Do not duplicate the title verbatim but capture the core theme. Current: <h1>Customize your cookie preferences</h1> → Suggested: <h1>Why Homepage Redesigns Often Miss the Real Conversion Bottleneck</h1> Add a meta description of 140-160 characters summarizing the article's value for UK businesses.Write a concise, engaging description that includes keywords like 'ho"
608,Content,Fix H1 and add meta description to /blog/how-dental-practices-should-run,Easy,True,False,META_DESC|H1_DUPLICATE,RC-01|RC-04,confirmed-runtime,high,1,/blog/how-dental-practices-should-run,+15 pts,,fea401007d95372d,2,"Dental practice managers searching for PMS downtime plans will see a cookie-related snippet and likely skip this result, reducing organic CTR by an estimated 20-30% and losing potential leads for Silverstone AI's automation services.",Change the H1 from 'Customize your cookie preferences' to a topic-aligned H1 such as 'Dental PMS Downtime Plan: A Step-by-Step Guide'. Add a 150-160 character meta description that summarizes the article's value for dental practices. Ensure the page is set to 'index' if it's meant to be found via search; verify no noindex tag is present.
609,Content,Write meta description for /services/web-design-development,Easy,True,False,META_DESC,RC-01,refuted-live,high,1,/services/web-design-development,+8 pts,,bedbd38136970d94,3,"Service pages for bespoke web development in the AI/ML niche attract decision-makers evaluating agencies. A missing meta description can lower CTR by 8-12%, directly reducing qualified leads for Silverstone AI's higher-ticket services.","Compose a 140-160 character meta description that summarizes the page's unique selling points: scoped before build, CRM integration, commercial focus. Include a primary keyword like 'bespoke web design' or 'commercial website' and a call-to-action such as 'Book a free consultation'."
610,Content,Fix cookie banner override on /estate-agent-automation-guide,Easy,False,False,META_DESC|H1_DUPLICATE|COOKIE_H1|TITLE_TAG,RC-01|RC-03|RC-04|RC-06,confirmed-3p-mutation,high,1,/blog/estate-agent-automation-guide,+10 pts,,98a55dfa5471ab52,1,"For a B2B estate agent audience seeking automation guides, a cookie banner H1 damages trust and increases bounce rate. Search engines may misinterpret page topic, leading to poor rankings for targeted keywords like 'estate agent automation'.","Set the H1 dynamically to match the page title or a variant of it, e.g., 'Estate Agent Automation in the UK'. Verify that the cookie consent module is not injecting its own H1; if so, adjust the template to use a lower heading level (e.g., H2) or hide it from the content area. Ensure the meta description is added (currently missing) to describe the article clearly."
611,Content,Add direct answer and meta description to web design service page,Easy,True,False,META_DESC|THIN|VALUEPROP,RC-01|RC-07,recommendation-only,high,1,/services/web-design-development,+15 pts,,0d3898b6926ff61d,3,"Missing meta description reduces CTR by 8-12% on search results. Unclear opening increases bounce rate for visitors seeking web design services, losing potential qualified leads. For a B2B technology service page, a 0.5% improvement in conversion could mean significant revenue.","Write a meta description of 140-160 characters that includes target keywords and a call to action.Include 'bespoke web design', 'UK', 'conversion-focused' and a value proposition. Custom web design & development in the UK. We build conversion-focused sites that turn visitors into booked calls. Get a free consultation. Rewrite the first 150 words to directly answer 'What is this service?' in plain language.Start with a clear definition: 'Silverstone AI offers bespoke web design and development for UK businesses. Our service combines strategy, copy, design, and engineering to create a site that "
612,Content,Add FAQ section to dental PMS downtime article for AI citability & SEO,Easy,False,False,SCHEMA|FAQ,RC-02|RC-05,obsolete-advice,high,1,/blog/how-dental-practices-should-run,+20 pts,,9a87a3f35f8adcab,3,Dental practice managers searching for PMS downtime plans are 30-40% more likely to click on pages that directly answer FAQs in rich snippets. Missing FAQ coverage loses this traffic and reduces AI citability in generative search results.,"Add a FAQ section at the end of the article (before 'Continue Exploring') with 5-7 questions and concise answers. Use FAQ schema markup for the section to enhance rich snippet eligibility. Align questions with real queries from dental practitioners: e.g., 'What does the front desk stop doing?', 'How do we avoid duplicate bookings?'."
613,Content,Rewrite meta description to match article content,Easy,True,False,META_DESC|H1_DUPLICATE,RC-01|RC-04,confirmed-runtime,high,1,/blog/fitness-coach-enquiry-automation,+15 pts,,b26205644c09587f,2,"Missing and misaligned meta description reduces CTR for fitness coaches searching for enquiry automation solutions, potentially losing consultation bookings.","Add a meta description of 140-160 characters that summarizes the article's value: how UK fitness coaches can turn enquiries into consultations using simple systems and AI. Fix the H1 to accurately reflect the article topic, e.g., 'How UK Fitness Coaches Turn Enquiries Into Consultations'."
614,Content,Add meta description and expand content for article depth,Medium,False,False,META_DESC|H1_DUPLICATE|SCHEMA|FAQ|THIN|COOKIE_H1,RC-01|RC-02|RC-03|RC-04|RC-05,confirmed-runtime,high,1,/blog/estate-agent-automation-guide,+15 pts,,cec7ffea2145da2b,2,"For a technology/AI site targeting UK estate agents, a missing meta description reduces organic CTR by 8-12%, while thin content limits ranking for long-tail queries. This could lose leads from agencies seeking automation guides.","Add a proper meta description (140-160 characters) summarizing the article's value for estate agents.Include keywords: UK estate agent automation, lead routing, response timing. Learn how UK estate agents can automate valuation enquiries, missed-call recovery, and viewing workflows to stop revenue leaks. Practical guide for small agencies. Fix the H1 to reflect the article topic instead of the cookie banner.Change H1 from 'Customize your cookie preferences' to 'Estate Agent Automation Guide for UK Agencies'. Estate Agent Automation Guide for UK Agencies Expand each section with more practical "
615,Seo,Ensure there is only one H1 heading on 59 pages,,False,False,H1_DUPLICATE,RC-04,confirmed-runtime,high,10,/about|/blog|/blog/ai-automation-consulting-guide|/blog/ai-automation-consulting-smarter-operating-system|/blog/ai-estate-agents-systems-agencies|/blog/ai-receptionist-setup-guide|/blog/ai-receptionist-small-business-guide|/blog/ai-trades-operating-system-websites-automation|/blog/ai-voice-agent-buyers-guide|/blog/ai-voice-agent-development,,,4b00a45ff7567c69,2,,
616,Performance,Improve Largest Contentful Paint (LCP) for better Core Web Vitals,,False,False,PERF,RC-08,unverified,medium,0,,,,2cf29fad7557de7f,3,,
617,Seo,Resolve conflicting indexing signals on 1 page confusing search engines,,False,False,OTHER,RC-07,recommendation-only,high,0,,,,8da7354191562446,3,,
618,Seo,Review 1 page with noindex tags that should be indexed,,False,False,OTHER,RC-07,recommendation-only,high,1,/privacy-policy,,,2d96edefa9aa3328,3,,
619,Content,Rewrite H1 and add meta description matching article content,Easy,False,False,META_DESC|H1_DUPLICATE|COOKIE_H1,RC-01|RC-03|RC-04,confirmed-runtime,high,1,/blog/how-dental-practices-should-run,+15 pts,,825d11bd6e99136e,2,"For an AI/tech site targeting dental practices, this page could rank for high-intent queries like 'dental practice PMS downtime' or 'PMS fallback procedure'. Missing meta drops CTR by up to 30%; wrong H1 may cause bounce and hurt topic authority. Losing clicks from practice managers researching downtime plans means lost lead generation opportunities.","Replace the H1 with an accurate, keyword-rich heading. Write a compelling meta description (140-160 chars) summarizing the article's value for dental practices. Ensure the cookie popup does not override the page's main heading; implement a proper cookie consent banner."
620,Content,Fix H1 mismatch: cookie preference vs article topic,Easy,False,False,META_DESC|H1_DUPLICATE|COOKIE_H1,RC-01|RC-03|RC-04,confirmed-runtime,high,1,/blog/fitness-coach-enquiry-automation,+17 pts,,7b60fb6e1326a5eb,2,"Visitors land on a blog article about fitness coaching and see a cookie banner as H1, causing confusion and likely higher bounce rates. Search engines interpret the H1 as the page heading, weakening topical relevance for the intended keywords around fitness coach enquiry automation and consultation funnels.","Replace the H1 'Customize your cookie preferences' with a descriptive heading matching the article title.Set the H1 to something like 'How UK Fitness Coaches Turn Enquiries Into Consultations' or a variant that captures the article's core promise. Ensure the cookie preference UI does not use an H1 tag; use a lower-level heading or non-semantic element. Add a meta description summarizing the article benefits, e.g., 'Learn how UK fitness coaches can automate enquiry follow-ups, reduce lead loss, and book more consultations with AI-supported workflows.'"
621,Content,Rewrite title and H1 to match service page content about commercial web systems,Easy,False,False,H1_DUPLICATE|THIN|TITLE_TAG|VALUEPROP,RC-01|RC-04|RC-06|RC-07,confirmed-3p-mutation,high,1,/services/web-design-development,+15 pts,,d516f2dd7e79940e,1,Tech buyers searching for 'bespoke web design UK' land on a page that doesn't clearly address that query. This increases bounce rate and reduces conversions for Silverstone AI's core service offering. Misalignment can drop CTR by 10-15% on branded queries.,"Update the page title to reflect both the service and the commercial benefit.Keep 'Bespoke Web Design & Development' but add a conversion-focused hook. Bespoke Web Design & Development UK | Conversion-Focused Sites by Silverstone AI Change the H1 to match the title and clarify the page's purpose.Use a clear, benefit-driven H1 that includes the service name. Bespoke Web Design & Development That Converts Add more explicit mentions of 'web design', 'web development', and related keywords (e.g., responsive design, custom development) in the first 200 words of body copy.Replace vague phrases with "
622,Content,Fix title-content alignment on dental PMS downtime article,Easy,False,False,META_DESC|H1_DUPLICATE|COOKIE_H1|TITLE_TAG,RC-01|RC-03|RC-04|RC-06,confirmed-3p-mutation,high,1,/blog/how-dental-practices-should-run,+15 pts,,a2eed9e0ef037bc5,1,"Misaligned title and content confuse users and search engines, reducing CTR and rankings for dental practice workflow queries. Missing meta description further lowers CTR by 8-12%.","Change the page title to match the content: 'How Dental Practices Should Run PMS Downtime Procedures | Silverstone AI'. Add a meta description summarizing the article, e.g., 'Step-by-step guide to managing PMS downtime in UK dental practices. Learn fallback capture, queue handling, and record restoration.' Fix H1 to reflect the main topic. Remove cookie banner from H1; set H1 to 'How Dental Practices Should Run PMS Downtime Procedures'."
623,Content,Add meta description and improve readability on /blog/build-a-prototype-instead,Easy,False,False,META_DESC|H1_DUPLICATE|READABILITY|COOKIE_H1,RC-01|RC-03|RC-04|RC-07,confirmed-runtime,high,1,/blog/build-a-prototype-instead,+25 pts,,6de677a732e1b3db,2,"As a UK startup-focused article, missing meta description and complex language can discourage clicks and reading time, reducing lead generation for Silverstone AI's app development services.","Add a meta description of 140-160 characters summarizing the article's value.Focus on the prototype vs MVP decision for UK startups, mentioning key benefits. Simplify language to aim for grade 8-12 reading level.Shorten sentences, use common words, and break up long paragraphs. Fix the H1 to match the article topic (e.g., 'Prototype vs MVP: Which Is Right for Your UK Startup?').Ensure H1 is not overridden by cookie banner."
624,Content,Fix missing meta description and improve readability on /physio-chiropractic-ai-guide,Easy,False,False,META_DESC|H1_DUPLICATE|READABILITY|TITLE_TAG,RC-01|RC-04|RC-06|RC-07,confirmed-3p-mutation,high,1,/blog/physio-chiropractic-ai-guide,+15 pts,,3fe2c95144a1e458,1,"UK physio and chiropractic clinics lose potential patient bookings because the page doesn't entice clicks from search results. Poor readability may cause visitors to bounce, reducing lead generation.","Add a meta description of 140-160 characters summarizing the guide's value.Focus on the key takeaway: how AI improves access and admin without clinical risk. Discover how UK physio and chiropractic clinics can use AI to reduce admin friction, avoid missed bookings, and maintain clinical boundaries. Improve the H1 from 'Customize your cookie preferences' to a relevant title.The current H1 is likely a technical glitch. Change it to match the page title or a compelling headline. AI for Physio & Chiropractic Clinics: A Practical Guide Simplify sentence structures and break long paragraphs for bett"
625,Content,"Fix H1, add meta description, and improve readability on dental automation guide",Easy,False,False,META_DESC|H1_DUPLICATE|READABILITY|VALUEPROP,RC-01|RC-04|RC-07,confirmed-runtime,high,1,/blog/dental-practice-automation-guide,+15 pts,,e011fe7b9c4a61bd,2,"For a content-driven tech site targeting UK dental practices, a missing meta description reduces organic CTR by 8-12%. Wrong H1 confuses users and search engines, lowering relevance for queries like 'dental practice automation UK'. Poor readability increases bounce rate, especially for busy practice owners.",Replace H1 with a topic-relevant headlineChange 'Customize your cookie preferences' to 'Dental Practice Automation: A UK Systems Guide' or similar. Add a compelling meta description (140-155 characters)Include target keywords and a value proposition. Improve readability by breaking long sentences and using simpler languageAim for grade 8-12 reading level.
626,Content,Add FAQ section to prototype vs MVP article for improved clarity and AI citability,Medium,False,False,SCHEMA|FAQ|THIN,RC-01|RC-02|RC-05,obsolete-advice,high,1,/blog/build-a-prototype-instead,+8 pts,,58683c3730495f66,3,"FAQ sections increase organic visibility by appearing in featured snippets and People Also Ask boxes, driving 5-15% more traffic from informational queries. For a UK startup audience, accelerating decisions on prototype vs. MVP could increase lead conversion by 10-20%.","Insert an FAQ section after 'A practical decision test before you brief an agency' with 5-7 questions and concise answers.Use Schema.org FAQPage markup for structured data. Keep answers under 50 words to qualify for featured snippets. Add a 'More Resources' or 'Continue Exploring' section linking to related articles on prototyping tools, MVP case studies, and cost guides."
627,Content,Add FAQ section and fix H1 mismatch on blog article,Easy,False,False,H1_DUPLICATE|SCHEMA|FAQ|COOKIE_H1,RC-02|RC-03|RC-04|RC-05,confirmed-runtime,high,1,/blog/physio-chiropractic-ai-guide,+15 pts,,a5d6200f7bb4bb8f,2,"UK physio and chiropractic owners searching for AI solutions expect clear actionable answers. Missing FAQ and wrong H1 confuse search engines and users, lowering trust and click-through rates.","Fix the H1 to match the article title: 'AI for UK Physio & Chiropractic Clinics'Ensure the cookie banner is not injecting an H1. Set the page's H1 tag to the intended title. Add an FAQ section with 4-6 common questionsBase questions on the article content (e.g., access friction, booking automation, admin boundaries). FAQ sections improve structured data eligibility and snippet capture."
628,Content,Fix H1 mismatch & expand to 1500-3000 words for dental automation article,Medium,False,False,H1_DUPLICATE|FAQ|THIN,RC-01|RC-04|RC-05,confirmed-runtime,high,1,/blog/dental-practice-automation-guide,+15 pts,,2e77a51a049be055,2,"For a UK dental practice audience searching for automation guides, a mismatched H1 reduces click-through rate and topical relevance signals. Thin content may cause users to bounce, losing leads for Silverstone AI's target market of small UK businesses.","Change the H1 from 'Customize your cookie preferences' to a topic-aligned H1 such as 'Dental Practice Automation UK: A Practical Guide'. Expand the article from 1460 words to between 1500 and 3000 words by adding sections on implementation, costs, vendor comparison, and step-by-step guidance. Add an FAQ section addressing common questions about automation in UK dental practices (e.g., GDPR compliance, integration with NHS systems)."
629,Content,Fix meta description and H1 for /physio-chiropractic-ai-guide,Easy,True,False,META_DESC|H1_DUPLICATE,RC-01|RC-04,confirmed-runtime,high,1,/blog/physio-chiropractic-ai-guide,+15 pts,,7553de9be7c39204,2,"Missing meta description reduces CTR from search results, and a mismatched H1 hurts relevancy signals, potentially lowering rankings for high-intent queries from UK clinic owners searching for AI solutions.",Add a meta description of 150-160 characters that summarizes the article. Change the H1 from 'Customize your cookie preferences' to a relevant headline matching the article's core topic.
630,Content,Rewrite meta description for /blog/build-a-prototype-instead,Easy,True,False,META_DESC,RC-01,refuted-live,high,1,/blog/build-a-prototype-instead,+10 pts,,652f37ae41b447a7,3,"For a tech startup audience searching for prototype/MVP guidance, a missing meta description reduces CTR by 8-12%. This article targets high-intent queries where searchers are making build decisions, and a custom snippet can significantly improve organic click-through.","Write a compelling meta description of 150-160 characters summarizing the article's distinction between prototype and MVP, emphasizing the decision framework for UK startups."
631,Content,Fix meta description and H1 mismatch for /dental-practice-automation-guide,Easy,False,False,META_DESC|H1_DUPLICATE,RC-01|RC-04,confirmed-runtime,high,1,/blog/dental-practice-automation-guide,+10 pts,,9759537355d65bb5,2,"For a B2B tech audience searching for dental practice automation, a misleading H1 and missing meta description reduce organic CTR by an estimated 8-12%. This page targets commercial intent queries like 'automating a dental practice', and poor snippet quality lowers click-through rates.","Update the H1 to match the article topic, e.g., 'Dental Practice Automation: A Practical UK Systems Guide'. Write a meta description of 150-160 characters summarizing the guide's value, including key terms like 'non-clinical tasks', 'UK practices', and 'automation framework'."
632,Content,Fix meta description and H1/H2 misalignment for /blog/build-a-prototype-instead,Easy,False,False,META_DESC|H1_DUPLICATE|COOKIE_H1,RC-01|RC-03|RC-04,confirmed-runtime,high,1,/blog/build-a-prototype-instead,+20 pts,,740faa284b055849,2,"UK startup founders searching for prototype vs MVP guidance will see a mismatched snippet and cookie consent H1, reducing CTR and trust. Missing meta description leads to auto-generated snippets that may not attract clicks, losing potential leads for Silverstone's app development services.","Add a compelling meta description 140-155 characters summarizing the article's value for UK startups.Include key terms: prototype, MVP, UK startups, decision guide. Learn when to build a prototype vs MVP for your UK startup. Practical decision test to save time and budget. Expert guide from Silverstone AI. Update the page H1 to reflect the article title, e.g., 'Prototype vs MVP for UK Startups: Which Build Stage is Right?'Replace the cookie consent H1 with an article-specific heading. Remove or relocate the cookie consent banner from H1 to a proper cookie notice, and ensure the page content di"
633,Content,Fix meta description and H1-title alignment on /physio-chiropractic-ai-guide,Easy,False,False,META_DESC|H1_DUPLICATE|TITLE_TAG,RC-01|RC-04|RC-06,confirmed-3p-mutation,high,1,/blog/physio-chiropractic-ai-guide,+17 pts,,2ecd2e6d0df42eab,1,"For a technology site targeting worldwide audience, a missing meta description reduces click-through rate from search by ~8-12%. The mismatched H1 confuses users and search engines, likely lowering relevance signals and hurting rankings for AI and physio/chiropractic queries.","Add a meta description of 150–160 characters summarizing the article's value for UK physio and chiropractic clinics.Use a description that matches the key takeaways and includes relevant terms like 'access friction', 'booking automation', and 'non-clinical boundaries'. Discover how AI for UK physio and chiropractic clinics removes access friction, automates booking & admin, and sets clear non-clinical boundaries. Change the H1 from 'Customize your cookie preferences' to a relevant article heading.The H1 should align with the page title and body content. Consider using the page title or a conci"
634,Content,Fix meta description and H1 mismatch on estate agent automation guide,Easy,True,False,META_DESC|H1_DUPLICATE|VALUEPROP,RC-01|RC-04|RC-07,confirmed-runtime,high,1,/blog/estate-agent-automation-guide,+12 pts,,c43997767b6724ac,2,"For a worldwide tech audience targeting UK estate agents, a mismatched H1 and missing meta description reduce organic CTR by an estimated 10-20% for high-intent queries like 'estate agent automation UK'. This can lead to missed lead generation for Silverstone AI's services.","Update the H1 from 'Customize your cookie preferences' to 'Estate Agent Automation in the UK: A Practical Guide'Replace the H1 in the page template or content management system to reflect the article topic. <h1>Estate Agent Automation in the UK: A Practical Guide</h1> Add a meta description of 150-160 characters summarizing the article's value proposition.Write a concise summary that includes key takeaways and keywords. <meta name=""description"" content=""Discover how UK estate agents can automate valuation enquiries, missed-call recovery, and viewing workflows to reduce revenue leaks and improv"
635,Content,Fix misaligned H1 and add meta description for dental automation article,Easy,True,False,META_DESC|H1_DUPLICATE|TITLE_TAG,RC-01|RC-04|RC-06,confirmed-3p-mutation,high,1,/blog/dental-practice-automation-guide,+15 pts,,1bab9ca8bf8ecda3,1,"For a UK dental practice audience researching automation, a misleading H1 and missing meta description reduce click-through rates from search by an estimated 10-20%, losing potential leads. The page currently ranks low (position 67) for a relevant query; improved alignment could boost visibility.","Change the H1 from 'Customize your cookie preferences' to a descriptive title such as 'Dental Practice Automation: A UK Systems Guide' or 'How to Automate Your Dental Practice in the UK'.Ensure the H1 matches the page title and content focus on dental practice automation. Add a meta description of 140-160 characters that summarizes the guide's value for UK dental practitioners.Include key phrases like 'UK dental practice', 'automation', 'non-clinical tasks', 'patient workflows'."
636,Content,Fix H1 title mismatch and missing meta description,Easy,True,False,META_DESC|H1_DUPLICATE|COOKIE_H1|TITLE_TAG,RC-01|RC-03|RC-04|RC-06,confirmed-3p-mutation,high,1,/blog/estate-agent-automation-guide,+12 pts,,a4cc55c3680c56f8,1,"For a tech/AI audience searching for estate agent automation, a mismatched H1 confuses users and search engines, reducing engagement and trust. Missing meta description lowers click-through rate by an estimated 8-12% on search results.","Set the H1 to a clear, descriptive headline that matches the title and content.The H1 should summarize the article's value, e.g., 'Estate Agent Automation Guide: Streamline Your UK Agency'. Add a meta description of 140-160 characters that summarizes the article and includes primary keywords. Ensure the cookie consent banner does not override the H1 on the page; if it does, restructure the DOM so the article H1 is the primary heading."
637,Content,"Fix heading hierarchy: H1 is cookie notice, not article title",Easy,True,False,H1_DUPLICATE|HEADING_GENERIC|COOKIE_H1,RC-03|RC-04,confirmed-runtime,high,1,/blog/ecommerce-brands-websites-apps-ai-systems,+10 pts,,84727dfe9a1cf85b,2,"A missing or mismatched H1 reduces topical relevance signals for search engines, potentially lowering rankings for eCommerce AI-related queries. Users may also be confused by the cookie notice as the main heading.","Change the H1 element to reflect the article topic, e.g., 'eCommerce Websites, Apps and AI Systems'. Ensure the cookie consent widget uses a non-heading element (e.g., div with role='dialog') to avoid conflicting with the article's heading structure."
638,Content,Fix heading hierarchy on /industry — add proper H1 and reorder H2s,Easy,False,False,H1_DUPLICATE|HEADING_GENERIC,RC-04,confirmed-runtime,high,1,/industry,+15 pts,,66935e468cbb4bc9,2,"For a technology site targeting B2B buyers across nine sectors, a missing H1 and broken hierarchy reduce semantic relevance signals. This can lower rankings for industry-related queries (e.g., 'AI for legal sector UK'), potentially losing qualified leads that convert at high rates.","Add an H1 that matches the page's purpose, e.g., 'Industries We Support – Sector-Specific AI Systems'. Replace the current H2 with a properly nested H1, then adjust subsequent H2s to reflect distinct sections: Introduction, Each Sector, Results, Architecture, Getting Started. Fix typos in H2s: 'ninepurpose-built systems' → 'nine purpose-built systems', 'sectorfeels' → 'sector feels', 'Where thisconnects next' → 'Where this connects next'."
639,Content,Improve readability and add meta description to blog article,Medium,False,False,META_DESC|READABILITY,RC-01|RC-07,recommendation-only,high,1,/blog/ecommerce-brands-websites-apps-ai-systems,+15 pts,,157eccdd6863a058,3,"Poor readability reduces time on page and conversions, especially for small UK eCommerce owners who may not have technical backgrounds. Missing meta description lowers CTR by 8-12% on informational keywords, impacting organic traffic.","Write a meta description of 150-160 characters summarizing the article's value for UK eCommerce brands.Include keywords like 'eCommerce growth', 'UK brands', 'AI systems', 'operational efficiency'. Learn how UK eCommerce brands can fix operational handoffs with websites, apps, and AI systems. A practical roadmap for growth. Shorten and simplify complex sentences throughout the article to achieve a reading level of grade 8-12.For example, split the opening sentences into shorter, clearer statements. Use bullet points for key takeaways. Add subheadings or bullet points to break up dense paragrap"
640,Content,Fix H1 mismatch and heading hierarchy on /blog/content-creation-framework,Easy,True,False,H1_DUPLICATE|HEADING_GENERIC,RC-04,confirmed-runtime,high,1,/blog/content-creation-framework,+15 pts,,4250e60c8bc7038f,2,"For a UK small business audience, the mismatched H1 kills relevance signals for the target keyword 'content creation frameworks', likely losing rankings and organic traffic from commercial-intent queries.","Change the H1 to match the article title: 'Content Creation Framework for UK Small Businesses'. Fix the typo in the first H2: change 'What to take fromthis article' to 'What to take from this article'. Ensure a proper heading hierarchy: H1, then H2s, then H3s under relevant H2s. No skipped levels. Convert section headings like 'Introduction' to H2 (they likely are), and ensure subheadings are H3s. Review all H2s for consistent casing (e.g., capitalize first letter of each major word) and remove spacing issues."
641,Content,"Rewrite /industry for readability and expand content (grade 8-12, 600+ words)",Medium,False,False,H1_DUPLICATE|FAQ|THIN|READABILITY|VALUEPROP,RC-01|RC-04|RC-05|RC-07,confirmed-runtime,high,1,/industry,+20 pts,,8f8408b078c4dbe4,2,Category pages serve as hubs for multiple industry subpages. Poor readability and thin content reduce organic traffic by 15-25% for broad queries like 'AI for business sectors UK'. Potential customers scanning for their industry leave without engaging.,"Simplify H1 and opening paragraph to directly state the page's purpose.Replace 'Technology shaped around your operating reality' with something like 'AI Solutions for 9 UK Industries'. H1: 'AI Solutions for 9 UK Industries' Fix H2s: remove run-on words and add clear industry links.Change 'Nine industries, ninepurpose-built systems' to 'Nine Industries, Nine Purpose-Built AI Systems' and link each industry to its dedicated page. Expand body to at least 600 words. Add a brief summary for each industry (1-2 sentences) with a 'Learn more' link.Use simple, active voice. Example: 'For healthcare: au"
642,Content,Align meta description with content for /ecommerce-brands-websites-apps-ai-systems,Easy,True,False,META_DESC,RC-01,refuted-live,high,1,/blog/ecommerce-brands-websites-apps-ai-systems,+8 pts,,33b747a022a1b39d,3,"eCommerce brands searching for AI integration tips will see a generic title and missing meta guide, reducing the chance they click through. A relevant meta description could improve CTR by 8-12% for queries like 'AI for eCommerce' or 'eCommerce system integration'.","Write a meta description of 140-160 characters that summarizes the article's value: how to prioritize websites, apps, AI, and automation by operational bottleneck."
643,Content,Fix meta description and readability on /blog/content-creation-framework,Easy,True,False,META_DESC|H1_DUPLICATE|READABILITY|COOKIE_H1,RC-01|RC-03|RC-04|RC-07,confirmed-runtime,high,1,/blog/content-creation-framework,+15 pts,,df4c699033758367,2,"Small business decision-makers searching for content frameworks may skip this page due to an irrelevant H1 and missing meta description, reducing CTR and potential conversions. Poor readability can increase bounce rate and lower time on page, diminishing the article's effectiveness as a lead generation asset.","Update the H1 to match the page topic, e.g., 'Content Creation Framework for UK Small Businesses'The current H1 'Customize your cookie preferences' is likely a cookie banner or a site-wide misconfiguration. Replace it with a proper title that aligns with the page's focus. Change <h1>Customize your cookie preferences</h1> to <h1>Content Creation Framework for UK Small Businesses</h1> Add a compelling meta description (140-160 characters) that summarizes the article and includes key queriesUse phrases like 'content creation framework', 'UK small business', 'AI workflow' to attract searchers. <me"
644,Content,Align meta description and H1 with article content to improve CTR and contextual clarity,Easy,True,False,META_DESC|H1_DUPLICATE|VALUEPROP,RC-01|RC-04|RC-07,confirmed-runtime,high,1,/blog/ecommerce-brands-websites-apps-ai-systems,+17 pts,,ecf2fb6ea8b6bef1,2,"Missing meta description reduces organic CTR by 8-12% on commercial-intent eCommerce queries. Misaligned H1 confuses both users and crawlers, undermining topical authority and hurting click-through for UK eCommerce brands.","Add a 150-160 character meta description that summarizes the article's value proposition for UK eCommerce brands.Include key selling points: system handoffs, AI integration, operational bottlenecks. Discover how UK eCommerce brands can prioritize websites, apps, and AI to fix operational handoffs. Learn where AI helps most and where human control stays firm. Replace the H1 'Customize your cookie preferences' with a descriptive H1 that matches the title and body.Use an H1 like 'Building eCommerce Websites, Apps and AI Systems: A Practical Guide for UK Brands' to align with the article's focus. "
645,Content,Add meta description and expand content on /industry page,Medium,False,False,META_DESC|SCHEMA|THIN,RC-01|RC-02,refuted-live,high,1,/industry,+15 pts,,bccefc07c3a3996f,3,Missing meta description reduces organic CTR by 8-12% for keyword queries like 'AI solutions for UK industries'. Thin content (235 words) may cause the page to rank poorly or be excluded from featured snippets for commercial-intent queries.,"Write a 150-160 character meta description that lists key UK sectors and emphasizes tailored AI solutions.Include terms like 'UK business sectors', 'AI workflow', 'industry-specific' to match search intent. Silverstone AI builds purpose-built systems for nine UK sectors including healthcare, finance, retail, and more. Explore industry-specific AI workflows and verified results. Expand the page content to at least 800 words. Add a section for each of the nine industries with a brief use case, problem, and solution.Use the H2 outline to structure sections. Replace generic headings like 'Services"
646,Content,Add meta description matching article intent,Easy,True,False,META_DESC,RC-01,refuted-live,high,1,/blog/content-creation-framework,+8 pts,,12ff57fe269029de,3,"For a B2B AI tool targeting UK small businesses, a missing meta description can reduce organic CTR by 10-20% on the primary keyword 'content creation frameworks', directly impacting trial signups.",Write a 150-160 character meta description that summarizes the article's value: a practical content system for UK small businesses using AI.
647,Content,Add FAQ section and fix H1/title mismatch on AI guide,Easy,False,False,META_DESC|H1_DUPLICATE|SCHEMA|FAQ|TITLE_TAG,RC-01|RC-02|RC-04|RC-05|RC-06,confirmed-3p-mutation,high,1,/blog/ecommerce-ai-systems-guide,+25 pts,,85be3fe150c0d64f,1,"Missing meta description reduces CTR from search results by an estimated 8-12%. Mismatched H1 confuses both users and search engines, likely lowering topical relevance signals. Absence of FAQ markup means the page misses out on featured snippet opportunities and AI training data extraction, which is critical for a tech/AI audience searching for answers.","Replace the H1 with the actual article heading: 'AI Systems for eCommerce Brands'Edit the page's H1 HTML tag from 'Customize your cookie preferences' to 'AI Systems for eCommerce Brands'. <h1>AI Systems for eCommerce Brands</h1> Write a meta description between 140-160 charactersSummarize the page's value: guide to building AI systems for eCommerce, focusing on joins between tools, workflow-first approach, and UK small business examples. Learn how UK eCommerce brands can build AI systems that reduce friction at the joins between storefront, fulfilment and support. A practical guide from Silver"
648,Content,Fix title-content mismatch and missing meta description on /content-creation-framework,Easy,True,False,META_DESC|H1_DUPLICATE|VALUEPROP,RC-01|RC-04|RC-07,confirmed-runtime,high,1,/blog/content-creation-framework,+20 pts,,72dd14b4821dd27d,2,"Content framework queries have high commercial intent for B2B AI SaaS. A mismatch suppresses CTR and keyword rankings, directly reducing trial signups and demo requests. The H1 alone wastes a prime relevancy signal.","Change the H1 from 'Customize your cookie preferences' to 'Content Creation Framework for UK Small Businesses'.Update the page H1 tag to match the title and core topic. This is the headline users see first and a strong ranking signal. Replace H1 '<h1>Customize your cookie preferences</h1>' with '<h1>Content Creation Framework for UK Small Businesses</h1>'. Add a meta description of 140–160 characters highlighting the framework's benefits for UK small businesses.Include keywords like 'content framework', 'UK small business', and 'AI'. Use a clear value proposition. <meta name=""description"" cont"
649,Content,Align title/content on /industry: add industry list and meta description,Easy,False,False,META_DESC|TITLE_TAG|VALUEPROP,RC-01|RC-06|RC-07,confirmed-3p-mutation,high,1,/industry,+20 pts,,18d835e1f8348e90,1,"Visitors landing from search for 'Silverstone AI industries' find no industry information, increasing bounce rate and reducing conversions. Missing meta description lowers CTR by 8-12% on branded and sector-specific queries.","Add a visible list or grid of the nine UK sectors with links to specific industry pages (e.g., Healthcare, Finance, Retail, etc.). Add a meta description of 140-160 characters summarizing the industry coverage and value proposition."
650,Content,Fix meta description and expand content on /ecommerce-ai-systems-guide,Medium,False,False,META_DESC|H1_DUPLICATE|THIN|COOKIE_H1|VALUEPROP,RC-01|RC-03|RC-04|RC-07,confirmed-runtime,high,1,/blog/ecommerce-ai-systems-guide,+20 pts,,1edaf473c1179c6e,2,"For a technology/AI site targeting eCommerce brands, the missing meta description will reduce organic CTR by 8-12% on commercial-intent queries. Thin content (1470 words) vs. the 1500-3000 ideal may cause ranking drops for competitive AI-related keywords, limiting lead generation for UK small businesses.","Write a compelling meta description (140-160 chars) summarizing the article's value proposition for eCommerce brands.Should mention AI systems, UK small businesses, operational efficiency, and Silverstone AI's expertise. Discover how UK eCommerce brands can build sharper AI operating systems around orders, content, service and exceptions. Learn from Silverstone AI. Fix the H1 to reflect the page topic instead of cookie preferences.Replace cookie banner H1 with a meaningful page heading. <h1>AI Systems for eCommerce Brands: A Guide to Smarter Operations</h1> Expand the article to 2000-2500 word"
651,Content,Restructure heading hierarchy on /services for logical content flow,Easy,False,False,H1_DUPLICATE|HEADING_GENERIC|READABILITY,RC-04|RC-07,confirmed-runtime,high,1,/services,+15 pts,,3bfea1c5d9691ea1,2,"For a technology/AI services site targeting UK businesses, poor heading hierarchy reduces crawl efficiency and readability. Potential clients scanning for specific services may leave because they cannot quickly identify relevant sections. This could lower conversion rates on service inquiries by 5-10% and harm organic CTR due to unclear snippet generation.","Ensure only one H1 per page. Keep current H1 if it summarizes the page purpose.Current H1 'Services built around real business workflows' is acceptable but could be more keyword-rich. Rewrite H2s to be descriptive, consistent, and concise (under 60 chars). Use them to divide the page into logical sections.Replace current H2s with clear section headings like 'Overview', 'Our Service Disciplines', 'How We Work', 'Industry Solutions', 'Next Steps'. Add H3 subheadings under relevant H2s to create a proper hierarchy (H1 > H2 > H3).For example, under 'Our Service Disciplines' (H2), use H3s for each "
652,Content,Expand /industry/estate-agents from 633 -> ~1200 words with FAQ schema,Medium,False,False,SCHEMA|FAQ|THIN,RC-01|RC-02|RC-05,obsolete-advice,high,1,/industry/estate-agents,+15 pts,,0ebcf189bffef7f8,3,"Thin content loses organic visibility for high-intent queries like 'lead management for estate agents UK', directly impacting demo requests.","Expand content to 1200-1500 words by adding detailed sections on each H2 topic with real agency scenarios.Break down 'Where instructions leak' into 3-4 paragraphs explaining common leak points with specific examples (e.g., missed calls, slow email response). Add an explicit FAQ section at the bottom with 5-7 questions & answers (e.g., 'How does Silverstone integrate with my CRM?', 'What is the typical ROI for estate agents?').Use the actual questions from the current body (e.g., 'Is this your agency?', 'Questions agency leaders ask') as FAQ items. Implement FAQ structured data (JSON-LD) to ena"
653,Content,Improve readability and add meta description to /services page,Medium,False,False,META_DESC|THIN|READABILITY|VALUEPROP,RC-01|RC-07,recommendation-only,high,1,/services,+15 pts,,5905bfc750f21418,3,"As a services category page, this is a key landing page for potential clients exploring AI offerings. Missing meta reduces CTR by 8-12% on branded and service queries. Low readability may cause high bounce rates among business decision-makers seeking clear service descriptions.","Add a meta description of 150-160 characters summarizing the core services and value proposition.Include keywords like 'AI services', 'UK businesses', 'web, app, content' Explore Silverstone AI's web, app, content and AI services for UK businesses. Scoped, measured, and human-reviewed. Start with one workflow. Expand page content to at least 500-800 words with clear sections corresponding to each service line.Add paragraphs for each of the seven disciplines mentioned, with bullet points or short descriptions. Rewrite content targeting Grade 8-12 reading level: use shorter sentences, simpler wo"
654,Content,Add meta description matching content to /blog/ecommerce-ai-systems-guide,Easy,True,False,META_DESC,RC-01,refuted-live,high,1,/blog/ecommerce-ai-systems-guide,+12 pts,,053c46eb877739ee,3,"For a tech/AI site targeting eCommerce brands, a missing meta description reduces CTR by 8-12% on informational queries. This article could attract decision-makers searching for AI eCommerce systems, and poor snippets diminish credibility.",Write a 150-160 character meta description that summarizes the article's value: addressing eCommerce operational friction at the 'joins' and building coherent AI systems for UK businesses.
655,Content,Add meta description for /industry/estate-agents,Easy,True,False,META_DESC,RC-01,refuted-live,high,1,/industry/estate-agents,+10 pts,,16e5e476c4644737,3,"For a UK estate agency SaaS targeting high-intent leads, a missing meta description can lower CTR by 5-20%. Competitors with well-crafted descriptions capture clicks that this page loses, directly affecting demo requests and trial signups.","Write a 150-160 character meta description summarizing the core offering: AI automation for estate agents to capture and convert portal leads, viewing requests, valuations.Mention key benefits: 'real-time responses', 'live diary slots', 'no missed instructions'. Keep it compelling for estate agents."
656,Content,Add meta description and direct answer to /industry/estate-agents,Easy,False,False,META_DESC|THIN|VALUEPROP,RC-01|RC-07,recommendation-only,high,1,/industry/estate-agents,+15 pts,,aa983ba6348f4fc6,3,"For a B2B tech site targeting UK estate agents, missing meta description reduces organic CTR by 8-12%. Without a direct answer, users may bounce before understanding the value proposition.","Write a meta description (140-160 chars) summarizing the page content.Include keywords 'AI automation', 'estate agents', 'UK', and value proposition. Silverstone AI automates enquiry handling for UK estate agents: capture, route, and respond to portal leads, calls, and valuations instantly – from one intelligent switchboard. Add a direct answer in the opening paragraph, within the first 150 words.Define what the page is about. Use 'Silverstone AI is an intelligent enquiry switchboard for UK estate agencies, connecting portal leads, calls, viewing requests, and valuations into owned branch conv"
657,Content,Rewrite missing meta description for /services (0 chars to ~155),Easy,True,False,META_DESC,RC-01,refuted-live,high,1,/services,+10 pts,,959768f7b5192b26,3,"For a tech/AI site targeting UK businesses, a compelling meta description can lift organic CTR by 5-10% on commercial keywords like 'AI services UK' or 'digital services for business'—directly impacting lead generation.","Write a 140–160 character meta description that summarizes the page's offerings (web, app, content, AI) and reinforces the UK-built, scoped-before-build value.Include key differentiators: UK-built, human-reviewed, GDPR-conscious. UK-built web, app, content & AI services scoped around your workflows. Human review, GDPR-conscious. From estate agency to clinics—see how we connect systems."
658,Content,Align title and H1 with content focus on estate agent automation,Easy,False,False,H1_DUPLICATE|SCHEMA|FAQ|TITLE_TAG|VALUEPROP,RC-02|RC-04|RC-05|RC-06|RC-07,confirmed-3p-mutation,high,1,/industry/estate-agents,+15 pts,,6163a7797fdc9c20,1,"Estate agents searching for 'AI automation' expect clear technical and practical benefits. Misaligned messaging reduces trust, increases bounce rate, and lowers conversion for a high-intent commercial audience.","Rewrite H1 to clearly state the page's value proposition, e.g., 'AI Automation for Estate Agents: Capture Every Lead Instantly'Ensure H1 matches title intent and targets primary keyword. Add a concise introductory paragraph that explains what Silverstone does for estate agents in plain language, referencing the title promise.Include terms like 'automate lead capture', 'CRM integration', 'AI-powered response'. Add FAQPage schema to structure the Questions section and improve search snippet eligibility."
659,Content,Add a compelling meta description to /services page,Easy,True,False,META_DESC,RC-01,refuted-live,high,1,/services,+10 pts,,a24f83175d1a2f5f,3,"As a technology provider targeting UK businesses, this page is critical for lead generation. Missing meta description reduces visibility in search results and CTR on commercial-intent queries, directly impacting the number of qualified leads.","Write a meta description between 140-160 characters that summarizes the service categories and highlights key differentiators (UK-built, scoped, measured).Include primary keywords: 'digital services', 'UK businesses', 'web', 'app', 'AI'. Use an active tone and a call-to-action. Explore Silverstone AI's web, app, content, and AI services for UK businesses. Scoped before build, measured after launch. UK-built, human-reviewed. Update the page's <meta name=""description""> tag with the new text.Locate the head section of the HTML and add or replace the meta description tag."
660,Content,Fix H1 misalignment on /ecommerce-ai-systems-guide (cookie preferences),Easy,True,False,H1_DUPLICATE|TITLE_TAG,RC-04|RC-06,confirmed-3p-mutation,high,1,/blog/ecommerce-ai-systems-guide,+15 pts,,a0f4f28f02232b0a,1,"For a B2B technology audience searching for AI system guidance, a mismatched H1 with cookie-preference text causes confusion and high bounce rates. This misalignment may reduce organic CTR by 10-15% and weakens topical relevance signals for search engines.","Update the H1 to match the page title and content focus.Replace 'Customize your cookie preferences' with a clear, benefit-driven H1 that reflects the article's promise."
661,Content,Add published/last-updated date to /blog/salon-automation-salons-barbers-first-should,Easy,True,False,H1_DUPLICATE|DATES,RC-02|RC-04,confirmed-runtime,high,1,/blog/salon-automation-salons-barbers-first-should,+10 pts,,774bf89ee3fd8532,2,"UK salon and barber owners searching for automation advice are likely to value timeliness. Without a clear date, the article may appear outdated or untrustworthy, reducing click-through rates and engagement. Adding a date can improve CTR by an estimated 5–10% for informational queries.","Add a visible 'Published on' date near the top of the article, before the introduction.Insert the date 'Published on 19 July 2026' (or a dynamic 'Last updated' date) below the H1 or above the first paragraph. Ensure it is styled clearly, e.g., in a smaller grey font. <p><time datetime=""2026-07-19"">Published on 19 July 2026</time></p>"
662,Content,Add external citations to /blog/workflow-automation-selection-guide,Easy,False,False,CITATION,RC-07,recommendation-only,high,1,/blog/workflow-automation-selection-guide,+15 pts,,ff5c8521ccfc125e,3,B2B buyers evaluating workflow automation agency services rely on third-party validation; missing citations reduce trust and conversion likelihood.,"Add a citation to a reputable source (e.g., McKinsey, Forrester, or Gartner) in the 'What makes a strong first automation candidate?' section.Insert a hyperlink to a report on automation success criteria. Add a citation to a UK business authority (e.g., UK Gov or FSB) in the 'UK SMEs' context.Link to a resource on SME process optimization or digital adoption."
663,Content,Add quantifiable data and statistics to gym freeze automation article,Medium,False,False,CITATION|TABLE,RC-07,recommendation-only,high,1,/blog/gym-membership-freeze-automation-myths,+15 pts,,8cd391da0040ce1e,3,"AI systems and in-depth searchers penalize content lacking quantified evidence. Including statistics can improve content authority and topical depth, potentially increasing organic traffic from competitive queries by 15-30%.","Add industry-specific statistics about gym membership freezes, such as percentage of members who freeze, average freeze duration, and impact on retention. Include case studies or examples with real numbers from a hypothetical gym, e.g., 'Gym X reduced freeze processing time by 40% with automation.' Add a 'by the numbers' section with a table or bullet points listing key metrics like freeze request volume, error rates, and staff time saved. Cite external sources or studies where possible, e.g., 'According to IHRSA, 15% of gym members freeze annually.'"
664,Content,Add a visible publication date to article for freshness signal,Easy,True,False,SCHEMA|DATES,RC-02,refuted-live,high,1,/blog/content-creation-system-should-build-not,+10 pts,,e95f572874faaa37,3,"For UK small businesses researching content systems, a clear publication date signals relevance. Missing it can reduce click-through rates by 5-10% for queries where recency matters, potentially losing traffic from users seeking up-to-date advice.","Add a 'Published on' date line immediately after the title or in the byline area, formatted like: Published on 16 July 2026. Add a 'Last updated' date if the content is updated later; for now, use the same date as published. Ensure the date is visible in the article schema (e.g., datePublished in JSON-LD) for enhanced SERP display."
665,Content,Add structured data table comparing web design build approaches,Easy,False,False,SCHEMA|TABLE,RC-02|RC-07,recommendation-only,high,1,/blog/conversion-focused-website-planning,+8 pts,,00e189e9035a4856,3,"Data tables are highly citable by AI systems and improve dwell time. For a B2B tech audience, structured comparisons reduce bounce rate and increase conversion likelihood by presenting clear tradeoffs.","Insert a comparison table after the section 'A practical framework for choosing the right build approach'Create a 4-column, 6-row table comparing platforms on: ease of use, flexibility, SEO capabilities, cost, maintenance, and best fit. | Platform | Ease of Use | Flexibility | SEO | Cost | Best For | Add a caption and table summaryInclude a brief paragraph before the table explaining what it compares and a key takeaway. The table below outlines key differences between popular build options for UK small businesses."
666,Content,Add JSON-LD structured data (Article schema) to /blog/ai-voice-agent-out-of-hours,Easy,False,False,SCHEMA|DATES,RC-02,refuted-live,high,1,/blog/ai-voice-agent-out-of-hours,+20 pts,,4a2ac09770b4aa54,3,"Without structured data, the article misses opportunities for enhanced SERP features (e.g., headline, author, publish date, rich snippets). This can reduce click-through rates for an educational content piece targeting AI/ML professionals.","Add JSON-LD structured data with Article schema to the page's <head>.Include fields: @context, @type: Article, headline, description, datePublished, dateModified, author, publisher, image (if available). <script type=""application/ld+json""> { ""@context"": ""https://schema.org"", ""@type"": ""Article"", ""headline"": ""Out-of-Hours AI Voice Agent UK | Silverstone AI"", ""description"": ""Learn how to design an AI voice agent for out-of-hours calls in the UK: triage rules, escalation thresholds, and message capture."", ""datePublished"": ""2026-07-23"", ""dateModified"": ""2026-07-23"", ""author"": { ""@type"": ""Organizati"
667,Content,Add publish/update date to /ai-receptionist-small-business-guide,Easy,False,False,H1_DUPLICATE|SCHEMA|DATES,RC-02|RC-04,confirmed-runtime,high,1,/blog/ai-receptionist-small-business-guide,+10 pts,,f45b1edaaa2367ba,2,"Small business owners evaluating AI solutions value recency; no visible date can decrease trust and time-on-page by up to 15%, harming conversion for demo/signup.","Add a 'Published on' or 'Last updated' line immediately below the H1 or at the start of the article's metadata section.Use the date from the raw evidence (11 July 2026) or the actual publish date. Published: July 11, 2026 | 8 min read Ensure the date is marked up with schema.org/Article datePublished or dateModified property.Add JSON-LD structured data for the article with datePublished and dateModified."
668,Content,Add external citations to AI receptionist guide (0 citations for 1638 words),Easy,False,False,THIN|CITATION,RC-01|RC-07,recommendation-only,high,1,/blog/ai-receptionist-small-business-guide,+15 pts,,e7aa5bd10dc70e46,3,"For a technology niche targeting UK small businesses, lack of citations hurts credibility and may cause readers to bounce to competitors who back claims with data. Higher trust leads to better lead conversion.","Add a citation from a UK small business authority in the 'Introduction' section, e.g., a statistic about missed calls from Ofcom or a study on SME customer service expectations.Search for recent UK small business phone handling stats (e.g., 'Ofcom missed calls small business') and add an inline citation with a hyperlink to the source. Cite an external source on AI receptionist adoption or voice AI accuracy in the 'What an AI receptionist actually is' section.Find a reputable source like Gartner, McKinsey, or a UK tech publication that discusses voice AI adoption in SMBs. In the 'Where AI recep"
669,Content,Add publication/update date to blog article for freshness signal,Easy,True,False,H1_DUPLICATE|SCHEMA|READABILITY|DATES,RC-02|RC-04|RC-07,confirmed-runtime,high,1,/blog/ai-trades-operating-system-websites-automation,+10 pts,,80a004446a43687b,2,"Visitors may question the content's freshness, reducing trust and engagement. Search engines consider freshness as a quality signal; lacking a date can lower rankings for competitive queries related to trades business operating systems.",Add a 'Published on' or 'Last updated' date near the article title or author byline. Use a visible <time> element or plain text with a clear label.Place it immediately below the H1 or before the first paragraph. Ensure it's styled to be easily noticed. Include the date in a machine-readable format with a schema.org datePublished and dateModified property.Add JSON-LD structured data for Article schema with datePublished and dateModified fields.
670,Content,Improve readability on Physio/Chiro automation page,Medium,False,False,READABILITY,RC-07,recommendation-only,high,1,/industry/physios-chiropractors,+12 pts,,c81a309e8aad33d5,3,"Physio and chiropractic clinic owners looking for automation solutions may bounce due to unclear messaging, reducing lead quality and conversion rates for a high-intent audience.","Rewrite body content to full sentences with a reading level of grade 8-12. Use shorter paragraphs and bullet points for key benefits. Clarify H2s by adding spaces between words (e.g., 'Access breaks outside the treatment room' instead of 'Access breaksoutside the treatment room'). Add a concise summary of how the system works in plain language, including a typical user scenario."
671,Content,Improve readability and expand /about page content (332 words → ~800),Medium,False,False,THIN|READABILITY|VALUEPROP,RC-01|RC-07,recommendation-only,high,1,/about,+10 pts,,beb85d8a219ed663,3,"Low readability and short length reduce dwell time and comprehension, hurting conversion for potential clients evaluating a premium technology partner. Approximately 5 points lost in content quality score.","Rewrite the opening to state the company's purpose and audience in simpler terms within the first 50 words.Target reading grade 8-10. Example: 'Silverstone AI helps businesses combine strategy, engineering, AI, and automation – using each only where it adds value.' Expand each H2 section to 100-150 words with concrete examples and client outcomes.Add a bulleted list for 'Four principles' (already exist but integrate into narrative). Add a final 'Why Silverstone' section with a clear CTA and link to contact or services.Keep tone professional but accessible."
672,Content,Add citations to authoritative sources in buyers guide,Easy,False,False,CITATION,RC-07,recommendation-only,high,1,/blog/ai-voice-agent-buyers-guide,+10 pts,,9092b205bb6d12c7,3,"Small business owners evaluating AI voice agents rely on trusted sources. Missing citations reduce page authority, likely lowering rankings for commercial-intent queries and decreasing trust-driven conversions.","Add a citation to UK ICO guidelines on AI and data privacy in the 'guardrails' section.In the section about compliance and consent, link to the ICO's Guidance on AI and Data Protection. Reference the ICO page with anchor text 'UK ICO guidance on AI and data protection'. Cite Ofcom's research on voice services or call handling in the UKIn the value section, Ofcom's communications market report can back claims about missed calls and small businesses. Link to Ofcom's annual report with anchor 'Ofcom research on UK business communications'. Link to a third-party review or comparison of AI voice ag"
673,Content,Improve data precision in article with specific statistics and examples,Medium,False,False,TABLE,RC-07,recommendation-only,high,1,/blog/small-business-ai-automation,+15 pts,,1d1d9227bc0da601,3,"For a worldwide tech audience, data-backed claims increase trust and conversion. Without them, competitors with quantified case studies will rank higher, reducing organic traffic and lead generation.","Add a specific statistic early in the Introduction, e.g., 'UK small businesses waste an average of 120 hours per year on manual data entry.' Include a case study or example with real numbers, such as 'Client X reduced response time by 40% after automating follow-ups.' Add a table comparing common automation tools with pricing and user counts to provide concrete benchmarks."
674,Content,Add Organization schema markup and meta description to homepage,Easy,True,False,META_DESC|SCHEMA,RC-01|RC-02,refuted-live,high,1,/,+20 pts,,bd25e4737ec5764a,3,"Without meta description, search snippets are auto-generated and may not highlight key services. Missing schema means no rich results (e.g., site links or organization info), reducing CTR for brand and 'AI automation' queries. This affects a new site with already low traffic.","Add a 150-160 character meta description to the homepage <head>.Include brand name, key services (websites, apps, AI workflows), and target audience (UK businesses). Add Organization JSON-LD structured data in the <head>.Include name, URL, logo, description, sameAs (social profiles if any). Use schema.org/Organization."
675,Seo,Improve AI citation visibility with quotable content and structured data,Medium,True,False,SCHEMA|FAQ|CITATION,RC-02|RC-05|RC-07,obsolete-advice,high,0,,+15 pts,,b804b8f57050b9ea,3,"Low citation score reduces domain authority, making it harder to rank competitively in AI and machine learning. Improving citations can boost organic traffic by 15-30% over six months.","Audit top 5 blog posts and identify opportunities to add quotable statistics or original research. Add structured data markup (FAQPage, HowTo, or Article) to the identified pages. Create a 'Cite this' section at the end of key posts with ready-to-use citation text."
676,Content,Add external citations to /blog/ecommerce-brands-websites-apps-ai-systems (0 citations in 1509 words),Easy,False,False,THIN|CITATION,RC-01|RC-07,recommendation-only,high,1,/blog/ecommerce-brands-websites-apps-ai-systems,+15 pts,,ba264c30cd10b8aa,3,"For a technology B2B audience, citation density builds credibility. Missing citations can lower trust and reduce conversions as readers may view claims as unsubstantiated. Competitors with cited stats are more likely to be cited themselves.","Add at least 3 external citations from authoritative sources (e.g., industry reports, academic papers, reputable analytics firms) to support key claims.Aim for 1 citation per 500 words. Cite statistics on eCommerce growth, AI adoption rates, or operational inefficiencies. Cite a 2024 Gartner report on AI in eCommerce when discussing 'Where AI helps most'."
677,Seo,Improve citation density in /build-a-prototype-instead,Easy,False,False,THIN|READABILITY|CITATION,RC-01|RC-07,recommendation-only,high,1,/blog/build-a-prototype-instead,+30 pts,,08cfdf1eddcf0828,3,"Technology startups reading this article may perceive it as opinion rather than expert advice, reducing trust and likelihood to engage Silverstone's services. AI search engines penalize content with low citation density, potentially reducing organic visibility for queries like 'prototype vs MVP UK'.","Add 3-4 external citations from authoritative sources (e.g., academic papers, industry reports, reputable blogs) to support key claims.Aim for at least 1 citation per 500 words. Cite sources for statements about prototyping costs, MVP success rates, or UK startup statistics. In the 'What decision are you actually trying to make?' section, cite a study like 'The Lean Startup' by Eric Ries or a report from UK's Startup Genome. Format citations as hyperlinks within the body, linking to the specific source page.Use anchor text that naturally fits the copy, e.g., 'according to [source]' rather than"
678,Seo,Add citations to authority sources on /blog/small-business-web-development,Easy,False,False,CITATION,RC-07,recommendation-only,high,1,/blog/small-business-web-development,+15 pts,,e266373848928e48,3,"UK small business owners trust authority-backed advice. Without citations, the article may be deprioritized by AI-driven search features (ChatGPT, Google SGE), reducing organic reach among high-intent buyers comparing providers.","Add a citation to UK government data on small business website importance after 'For many UK firms...' example: Gov.uk SME statistics.Use a hyperlink or footnote format referencing ONS or BEIS data on small business digital presence. Source: Gov.uk, 'Small Business Survey 2023' Cite industry research on conversion rates after the section about commercial performance.Reference a reputable study (e.g., from Think with Google or Econsultancy) showing how well-designed sites impact conversion. Think with Google: '53% of mobile users abandon sites that take longer than 3 seconds to load' Add a cita"
679,Seo,Add TL;DR / Key Takeaways section for AI visibility,Easy,True,False,CITATION|TLDR|VALUEPROP,RC-07,recommendation-only,high,1,/book,+10 pts,,aa992591fcbb41f3,3,"AI-generated overviews increasingly pull from structured summaries. Adding a TL;DR could improve citation rate by 15-25% for this high-intent page, increasing visibility and discovery call bookings.","Insert a 'Key Takeaways' box at the top of the page content, before the first body paragraph.Summarize the page's core value proposition and agenda in 3-4 bullet points. Key Takeaways: • A 30-minute discovery call to discuss your process, journey, or product decision. • We'll assess fit, discuss current reality, commercial consequence, decision boundary, and next step. • No technical preparation needed—just bring one real problem. • Booking is simple: choose a time, answer 4 quick questions, confirm. Add a second summary box at the bottom of the page, after the booking form details.Reinforce t"
680,Seo,Add FAQ section to /services/ai-automation for GEO,Easy,False,False,FAQ,RC-05,obsolete-advice,high,1,/services/ai-automation,+20 pts,,451b9971fce8cec6,3,"For a worldwide AI/ML technology service, AI overviews and conversational search engines increasingly pull from FAQ structures. Without FAQs, the page loses potential visibility in ChatGPT, Perplexity, and Google AI overviews — three engines scoring below 31% currently. Missing this pattern reduces organic discovery by up to 40% for key service queries.","Add a FAQ section with 3-5 questions that address common customer doubts about AI automation.Place it after the 'How delivery works' content block or as an accordion near the bottom of the page. FAQ section heading: <h2>Frequently Asked Questions about AI Automation</h2> Write each question as a clear, natural language query that a potential buyer would ask.Use phrases like 'How long does it take to set up AI automation?' or 'What data do you need from us?' Q: How quickly can we see the first working automation? A: Our standard delivery timeline is 2-4 weeks for the first live workflow, scoped"
681,Seo,Add TL;DR section to /blog for AI-optimized summaries,Easy,False,False,H1_DUPLICATE|CITATION|TLDR,RC-04|RC-07,confirmed-runtime,high,1,/blog,+15 pts,,286bdf6ebaecfa65,2,"For a worldwide tech audience researching AI decisions, missing a TL;DR means lower click-through and citation rates from AI overviews, potentially losing 30%+ of organic traffic from AI-driven search features.","Add a 'Key Takeaways' section immediately after the H1 or at the top of the body.Include 3-4 bullet points summarizing the page's purpose and key guide categories. Key Takeaways:\n- Explore practical AI guides for automation, design, and measurement decisions.\n- Filter by 16 services and industries to find relevant briefings.\n- Start with the newest intelligence dispatches featured above."
682,Seo,Add or improve 'Key Takeaways' summary box for AI overview extraction,Easy,False,False,H1_DUPLICATE|THIN|CITATION|TLDR,RC-01|RC-04|RC-07,confirmed-runtime,high,1,/blog/ai-automation-consulting-smarter-operating-system,+15 pts,,e46a9e3ec21371cd,2,"For an AI-focused technology site targeting UK small businesses, missing a key-takeaways section can reduce snippet eligibility and AI overview citation by an estimated 15-25%, losing referral traffic from AI searches (Google AI Overviews, ChatGPT, Perplexity).","Create a standalone 'Key Takeaways' box (e.g., <div class=""key-takeaways"">) placed immediately after the H1 or before the introduction.Use an unordered list with a distinct background color/border. Each takeaway should be a single sentence (under 20 words). <div class=""key-takeaways"" style=""background:#f5f5f5; border-left:4px solid #0073aa; padding:15px;""><h3>Key Takeaways</h3><ul><li>Focus on operational pressure points, not tech novelty.</li><li>Use a decision framework: automate, assist, redesign, or leave as is.</li><li>UK-specific issues (GDPR, fragmented systems) shape better implementat"
683,Seo,Add structured data/comparison tables to blog category page,Medium,False,False,SCHEMA|TABLE,RC-02|RC-07,recommendation-only,high,1,/blog,+40 pts,,52356422492a4d60,3,"For a technology/AI company targeting worldwide decision-makers, missing structured content reduces discoverability in AI overviews and chat answers, potentially losing leads from technical buyers who rely on AI-assisted research.","Add a comparison table summarizing key guides by service and industry (e.g., table columns: Guide Title, Service, Industry, Read Time, Key Takeaway).Include up to 5-6 recent guides with their metadata in a simple HTML table. <table><thead><tr><th>Guide</th><th>Service</th><th>Industry</th><th>Read Time</th></tr></thead><tbody><tr><td>When a UK Startup Should Build a Prototype Instead of an MVP</td><td>App Development</td><td>Startup</td><td>8 min</td></tr><tr><td>Why Homepage-First Website Redesigns Misdiagnose...</td><td>Web Design & Development</td><td>SaaS</td><td>8 min</td></tr></tbody></t"
684,Seo,Add FAQ section to article for GEO uplift,Medium,False,False,SCHEMA|FAQ,RC-02|RC-05,obsolete-advice,high,1,/blog/physio-chiropractic-ai-guide,+15 pts,,760cf23df70b1cbc,3,"Physio and chiropractic clinics rely on local, question-based searches (e.g., 'AI receptionist for physio clinic'). Missing FAQ reduces chances of appearing in AI overviews and LLM responses, potentially losing visibility to competitors.","Add an H2 heading 'Frequently Asked Questions' after the 'How clinics should measure access, escalation and admin performance' section. Write 3-5 questions and answers derived from the article's key points, e.g., 'What is access friction?', 'How does AI maintain non-clinical boundaries?', 'What data should admin automation capture?'. Use a standard FAQ schema markup (JSON-LD) in the <head> to enable rich results."
685,Seo,Add FAQ section to AI Receptionist page for GEO optimization,Easy,False,False,SCHEMA|FAQ|CITATION,RC-02|RC-05|RC-07,obsolete-advice,high,1,/services/ai-receptionists,+15 pts,,c9924bc91a8017ca,3,"AI receptionist buyers typically research via generative AI engines; pages with FAQ content get cited in 3x more AI overviews. Missing FAQ reduces visibility in ChatGPT/Perplexity responses, losing potential high-intent leads.",Add a FAQ section before the 'Services' H2 with 3-5 common questions and concise answers.Questions could include: How does the AI receptionist integrate with my CRM? Can it handle multiple languages? What happens if the AI can't answer? Is there a free trial? How is pricing structured? Mark up the FAQ using FAQPage structured data (JSON-LD) to maximize eligibility for rich results.Add the schema to the <head> or bottom of the page body.
686,Seo,Add key takeaways box to improve AI snippet extraction,Easy,False,False,THIN,RC-01,refuted-live,high,1,/blog/small-business-ai-automation,+15 pts,,f865dedd2cdbda18,3,"Without a clear key takeaways box, AI overviews (Google, ChatGPT, Perplexity) may ignore or poorly summarize this article, reducing organic visibility and click-through rates for AI-related queries from UK small business owners.","Add a 'Key takeaways' box at the beginning (after the intro paragraph) containing 3-5 bullet points summarizing the core advice of the article.Keep each bullet concise, 10-15 words, starting with an action verb. • Identify high-friction workflows before buying any AI tool. • Use an automate-assist-leave-alone framework for each process. • Focus on routine tasks with clear inputs and outputs. • Ensure human oversight remains for sensitive decisions. • Start with one workflow, measure impact, then scale."
687,Seo,Add key takeaways section for AI citation and user scannability,Easy,True,False,H1_DUPLICATE|THIN|CITATION|TLDR|VALUEPROP,RC-01|RC-04|RC-07,confirmed-runtime,high,1,/blog/how-dental-practices-should-run,+8 pts,,6bf27c1862580971,2,"For a B2B dental practice audience, failing to provide a scannable summary may reduce engagement and citations by AI systems. This could lower organic CTR and diminish authority signals, especially for high-intent queries about downtime procedures.","Add a 'Key Takeaways' or 'TL;DR' box with 3-5 bullet points immediately after the H1 or within the first 150 words. Ensure the box uses a distinct visual style (e.g., bordered box or background color) and is placed before the main content."
688,Seo,Add summary box to /blog/homepage-first-redesigns-misdiagnose-conversion for AI citation lift,Easy,False,False,CITATION|TLDR,RC-07,recommendation-only,high,1,/blog/homepage-first-redesigns-misdiagnose-conversion,+8 pts,,c86108fce2e9f97b,3,"AI overviews often cite structured summaries; missing one reduces chance of being cited, potentially losing 5-10% of referral traffic from AI-driven search for this high-intent B2B article.","Add a 'Key Takeaways' or 'TL;DR' section at the top of the article (after the introductory paragraph). List 3-4 bullet points summarizing the core insights.Use concise, scannable bullets that answer: what is the real conversion bottleneck, why homepage redesigns often misdiagnose, and what to audit instead. Place the summary in a visually distinct box (e.g., callout or highlighted div) to improve scannability and AI extraction.Use a CSS class like 'summary-box' with a light background and border."
689,Seo,Add JSON-LD structured data to /how-we-work,Easy,False,False,SCHEMA|DATES,RC-02,refuted-live,high,1,/how-we-work,+8 pts,,7c19458a95404046,3,"AI search engines like ChatGPT and Perplexity rely on structured data; without it, content ranks lower in AI overviews, reducing lead generation for B2B AI consulting.","Add JSON-LD WebPage schema to the <head> with name, description, and provider details.Use schema.org/WebPage for this static page. Optionally add Article schema if content is considered an article.Schema.org/Article with headline, author, datePublished."
690,Seo,Add summary box / TL;DR to /gym-membership-freeze-automation-myths,Easy,False,False,H1_DUPLICATE|SCHEMA|CITATION|TLDR,RC-02|RC-04|RC-07,confirmed-runtime,high,1,/blog/gym-membership-freeze-automation-myths,+15 pts,,ab25a420261748d7,2,"For a B2B SaaS targeting UK gym operators, decision-makers often skim articles for key insights. A TL;DR box can increase on-page time and reduce bounce rate. More importantly, AI systems (ChatGPT, Perplexity, Google AI) often cite concise summaries, so this can boost visibility in AI-generated answers. Without it, the article may be overlooked in AI citations and lose qualified leads.","Add a 'Key Takeaways' section box at the top of the article (after the intro or before the H1). Use a stylized box (e.g., bordered div with background) containing 3-5 bullet points. Alternatively, place it at the end of the article as a summary recap. Ensure the box is semantically marked with a header (e.g., <h2>Key Takeaways</h2>) and uses schema markup if possible."
691,Content,Optimize readability for UK trades audience on /blog/trades-websites-ai-automation,Medium,False,False,READABILITY|TLDR,RC-07,recommendation-only,high,1,/blog/trades-websites-ai-automation,+15 pts,,effa845f7e367636,3,"Trades businesses searching for automation tools often have limited time. If the content feels academic or hard to scan, they may bounce to competitors who speak more directly. This could reduce lead generation and conversions for Silverstone AI's services.","Rewrite the introduction to be more concrete and benefit-driven, using short sentences and direct language.Focus on the immediate pain points: missed calls, slow follow-ups, lost jobs. Use bullet points and clear subheadings. Instead of 'The firms winning work across the UK are not always the loudest...', start with 'Missed calls cost you jobs. Slow follow-ups lose customers. Here's how to fix both with simple automation.' Break down long paragraphs into shorter ones (2-3 sentences max).Many paragraphs are 4-6 sentences. Trim to improve scannability, especially on mobile. Original: 'If the pho"
692,Content,Expand blog post from 1409 to 1500–3000 words with conversion examples and UK-specific data,Medium,False,False,FAQ|THIN|CITATION|TABLE,RC-01|RC-05|RC-07,obsolete-advice,high,1,/blog/conversion-focused-website-planning,+15 pts,,eeda09acf8744172,3,"UK small businesses researching conversion-focused design need actionable benchmarks. Thin content may cause readers to bounce to competitor resources with more data, reducing lead quality and trust.","Add a 'Real-world results' section with before/after metrics from a UK small business client (e.g., conversion rate uplift, enquiry cost reduction).Include anonymized data from Silverstone AI projects if available, or cite industry studies for UK SMBs. For a UK professional services firm, restructuring service pages around buyer questions lifted enquiry rate by 34% and reduced cost-per-lead by 22% (client data, 2025). Expand the 'Practical framework' section with a step-by-step checklist or scoring system.Add numbered steps or a downloadable checklist to increase dwell time and shareability. U"
693,Content,Expand /industry/trades from 606 to 800-2000 words with structured FAQ content,Medium,False,False,FAQ|THIN,RC-01|RC-05,obsolete-advice,high,1,/industry/trades,+15 pts,,10dcc27bef8a13fa,3,Trade business owners searching for AI automation solutions may find the page too generic and bounce to competitors. Increasing word count from 606 to 1200+ could improve rankings for long-tail queries like 'AI quote automation for plumbers' and boost conversion rate.,"Add a clear FAQ section with 5-7 common questions trade businesses ask, each with a 75-150 word answer.Use the existing H2 'Questions trade businesses ask' as anchor. Write questions such as 'How does AI handle missed calls when I'm on site?' and 'Can the system check service areas automatically?' Q: How does AI handle missed calls when I'm on site? A: Silverstone captures the incoming call instantly, gathers the caller's postcode, issue type, and urgency through an automated conversation. You receive a structured brief to review and respond on your terms. Add a 'How It Works' section with num"
694,Content,Expand article from 1432 to 1500-3000 words with practical examples,Medium,False,False,THIN|TABLE,RC-01|RC-07,recommendation-only,high,1,/blog/ai-estate-agents-systems-agencies,+15 pts,,f85f62b819c045cb,3,"For a technology/ML niche site targeting estate agents, thin content may reduce time on page and organic rankings for competitive queries like 'AI for estate agents UK'. This could lead to lower lead generation and conversions.","Add a real-world case study or detailed example for each major friction point (portal leads, diary chaos, patchy follow-up, weak web conversion). Describe a specific agency scenario before and after implementing AI solutions.For example, expand the 'Common friction points' section with a concrete example: 'A three-branch agency in Leeds received 40 portal leads per week; 15% went unanswered for over 24 hours. After implementing automated CRM routing, response times dropped to under 5 minutes.' Expand the 'What to automate first' section with a numbered list of specific tools or integrations (e"
695,Content,Add FAQ section to article on homepage redesign misdiagnosis,Easy,True,False,SCHEMA|FAQ,RC-02|RC-05,obsolete-advice,high,1,/blog/homepage-first-redesigns-misdiagnose-conversion,+15 pts,,e5e68f8b385a8704,3,"Adding a FAQ section can increase organic traffic by 10-30% for informational queries, improve Google AI snippet eligibility, and provide a better user experience for conversion-focused readers in the tech/SaaS niche.",Add an FAQ section after the final H2 with 4-5 questions drawn from the article's topics. Mark up the section with FAQ schema (JSON-LD) to enable rich results. Ensure each question is a full H3 or in a semantically correct FAQ structure.
696,Content,Expand article from 1360 to 2000-2500 words with deeper examples,Medium,False,False,FAQ|THIN|INTERNAL_LINK,RC-01|RC-05|RC-07,obsolete-advice,high,1,/blog/fitness-coach-enquiry-automation,+12 pts,,538535e1a165c7a8,3,"For a tech/automation audience, thin content reduces time on page and lowers likelihood of converting readers into leads or demo bookings. Competitors with deeper content may rank higher on commercial-intent queries.","Add a case study section: 300-400 words on a UK fitness coach who implemented the described system and improved consultation rates.Include before/after metrics (e.g., response time, conversion rate). Expand 'The practical build path' section from bullet list to step-by-step guide with screenshots or wireframes.Add 200-300 words explaining each step: offer clarity, landing page, lead capture, follow-up sequence, booking integration. Add a FAQ section (3-5 questions) addressing common objections: cost of automation, time to implement, technical skill required.Each answer 50-100 words, keep conve"
697,Seo,Include target keywords in headings on 60 pages,,False,False,OTHER,RC-07,recommendation-only,high,0,,,,7e91b5570de52c62,3,,
698,Seo,Fix incorrect heading hierarchy on 34 pages,,False,False,HEADING_GENERIC,RC-04,confirmed-runtime,high,0,,,,64e2b22cf4a8bc5f,2,,
699,Seo,Avoid using the same heading text multiple times on 6 pages,,False,False,OTHER,RC-07,recommendation-only,high,0,,,,58845e901d5ec6ca,3,,
