card_id,path,status,root_cause_groups,themes,live_http,live_metadesc_present,live_metadesc_len,live_h1_count_raw_html,live_main_chars,live_canonical_selfref,live_robots,live_ld_types,live_title_len
1,/,confirmed-scanner,RC-07|RC-08,READABILITY|CONTRAST,200,True,132,1,10679,True,"index, follow",BreadcrumbList|ImageObject|ListItem|Organization|PostalAddress|WebPage|WebSite,64
1,/services/ai-receptionists,confirmed-scanner,RC-07|RC-08,READABILITY|CONTRAST,200,True,152,1,6632,True,"index, follow",BreadcrumbList|BusinessAudience|Country|ListItem|Organization|Service,44
2,/,obsolete-advice,RC-05|RC-07,FAQ|INTERNAL_LINK,200,True,132,1,10679,True,"index, follow",BreadcrumbList|ImageObject|ListItem|Organization|PostalAddress|WebPage|WebSite,64
2,/services/ai-receptionists,obsolete-advice,RC-05|RC-07,FAQ|INTERNAL_LINK,200,True,152,1,6632,True,"index, follow",BreadcrumbList|BusinessAudience|Country|ListItem|Organization|Service,44
2,/services/ai-voice-agents,obsolete-advice,RC-05|RC-07,FAQ|INTERNAL_LINK,200,True,165,1,5217,True,"index, follow",BreadcrumbList|BusinessAudience|Country|ListItem|Organization|Service,46
4,/services/ai-voice-agents,obsolete-advice,RC-01|RC-02|RC-05|RC-07,META_DESC|SCHEMA|FAQ|THIN|CITATION|VALUEPROP,200,True,165,1,5217,True,"index, follow",BreadcrumbList|BusinessAudience|Country|ListItem|Organization|Service,46
5,/services/ai-voice-agents,recommendation-only,RC-01|RC-07,META_DESC|THIN|TLDR,200,True,165,1,5217,True,"index, follow",BreadcrumbList|BusinessAudience|Country|ListItem|Organization|Service,46
6,/blog/salon-automation-salons-barbers-first-should,obsolete-advice,RC-01|RC-02|RC-05|RC-07,META_DESC|SCHEMA|FAQ|TLDR,200,True,123,1,10391,True,"index, follow",BlogPosting|BreadcrumbList|ImageObject|ListItem|Organization,48
7,/blog/gym-automation-operating-model,confirmed-runtime,RC-01|RC-03|RC-04,META_DESC|H1_DUPLICATE|COOKIE_H1,200,True,154,1,11331,True,"index, follow",BlogPosting|BreadcrumbList|ImageObject|ListItem|Organization,57
8,/blog/hospitality-automation-smes-build-first,confirmed-3p-mutation,RC-02|RC-03|RC-04|RC-06,H1_DUPLICATE|SCHEMA|DATES|COOKIE_H1|TITLE_TAG,200,True,163,1,11735,True,"index, follow",BlogPosting|BreadcrumbList|ImageObject|ListItem|Organization,55
9,/blog/small-business-web-development,unverified,RC-08,PERF,200,True,157,1,11291,True,"index, follow",BlogPosting|BreadcrumbList|ImageObject|ListItem|Organization,48
10,/blog/trades-websites-ai-automation,confirmed-3p-mutation,RC-02|RC-03|RC-04|RC-05|RC-06,H1_DUPLICATE|SCHEMA|FAQ|DATES|COOKIE_H1|TITLE_TAG,200,True,151,1,11405,True,"index, follow",BlogPosting|BreadcrumbList|ImageObject|ListItem|Organization,52
11,/blog/hospitality-automation-smes-build-first,confirmed-runtime,RC-01|RC-04|RC-07,META_DESC|H1_DUPLICATE|THIN|CITATION|VALUEPROP,200,True,163,1,11735,True,"index, follow",BlogPosting|BreadcrumbList|ImageObject|ListItem|Organization,55
12,/blog/small-business-web-development,obsolete-advice,RC-02|RC-05,SCHEMA|FAQ|DATES,200,True,157,1,11291,True,"index, follow",BlogPosting|BreadcrumbList|ImageObject|ListItem|Organization,48
13,/blog/gym-automation-operating-model,refuted-live,RC-02,SCHEMA|DATES,200,True,154,1,11331,True,"index, follow",BlogPosting|BreadcrumbList|ImageObject|ListItem|Organization,57
14,/blog/gym-membership-freeze-automation-myths,confirmed-runtime,RC-01|RC-04|RC-07,META_DESC|H1_DUPLICATE|CITATION,200,True,136,1,12985,True,"index, follow",BlogPosting|BreadcrumbList|ImageObject|ListItem|Organization,39
15,/blog/small-business-web-development,confirmed-3p-mutation,RC-04|RC-06|RC-07,H1_DUPLICATE|HEADING_GENERIC|READABILITY|TITLE_TAG,200,True,157,1,11291,True,"index, follow",BlogPosting|BreadcrumbList|ImageObject|ListItem|Organization,48
16,/blog/gym-automation-operating-model,confirmed-3p-mutation,RC-01|RC-04|RC-06,META_DESC|H1_DUPLICATE|HEADING_GENERIC|TITLE_TAG,200,True,154,1,11331,True,"index, follow",BlogPosting|BreadcrumbList|ImageObject|ListItem|Organization,57
17,/blog/hospitality-automation-smes-build-first,confirmed-runtime,RC-01|RC-04,META_DESC|H1_DUPLICATE,200,True,163,1,11735,True,"index, follow",BlogPosting|BreadcrumbList|ImageObject|ListItem|Organization,55
18,/blog/hospitality-automation-smes-build-first,confirmed-3p-mutation,RC-01|RC-02|RC-04|RC-05|RC-06,META_DESC|H1_DUPLICATE|SCHEMA|FAQ|DATES|TITLE_TAG,200,True,163,1,11735,True,"index, follow",BlogPosting|BreadcrumbList|ImageObject|ListItem|Organization,55
19,/blog/gym-membership-freeze-automation-myths,confirmed-runtime,RC-02|RC-04|RC-05,H1_DUPLICATE|SCHEMA|FAQ|DATES,200,True,136,1,12985,True,"index, follow",BlogPosting|BreadcrumbList|ImageObject|ListItem|Organization,39
20,/blog/content-creation-system-should-build-not,confirmed-runtime,RC-01|RC-03|RC-04,META_DESC|H1_DUPLICATE|COOKIE_H1,200,True,148,1,10711,True,"index, follow",BlogPosting|BreadcrumbList|ImageObject|ListItem|Organization,56
21,/blog/bespoke-app-development-guide,obsolete-advice,RC-02|RC-05,SCHEMA|FAQ|DATES,200,True,139,1,9209,True,"index, follow",BlogPosting|BreadcrumbList|ImageObject|ListItem|Organization,47
22,/blog/content-creation-system-should-build-not,obsolete-advice,RC-02|RC-05,SCHEMA|FAQ|DATES,200,True,148,1,10711,True,"index, follow",BlogPosting|BreadcrumbList|ImageObject|ListItem|Organization,56
23,/blog/gym-membership-freeze-automation-myths,confirmed-runtime,RC-04,H1_DUPLICATE|HEADING_GENERIC,200,True,136,1,12985,True,"index, follow",BlogPosting|BreadcrumbList|ImageObject|ListItem|Organization,39
24,/blog/content-creation-system-should-build-not,confirmed-runtime,RC-04,H1_DUPLICATE|HEADING_GENERIC,200,True,148,1,10711,True,"index, follow",BlogPosting|BreadcrumbList|ImageObject|ListItem|Organization,56
25,/blog/ai-voice-agent-out-of-hours,confirmed-runtime,RC-01|RC-04|RC-07,META_DESC|H1_DUPLICATE|THIN|CITATION,200,True,144,1,13746,True,"index, follow",BlogPosting|BreadcrumbList|ImageObject|ListItem|Organization,47
26,/blog/bespoke-app-development-guide,recommendation-only,RC-07,READABILITY|CITATION|TABLE,200,True,139,1,9209,True,"index, follow",BlogPosting|BreadcrumbList|ImageObject|ListItem|Organization,47
27,/blog/conversion-focused-website-planning,refuted-live,RC-01|RC-02,META_DESC|SCHEMA|DATES,200,True,159,1,9819,True,"index, follow",BlogPosting|BreadcrumbList|ImageObject|ListItem|Organization,53
28,/blog/ai-voice-agent-out-of-hours,recommendation-only,RC-07,OTHER,200,True,144,1,13746,True,"index, follow",BlogPosting|BreadcrumbList|ImageObject|ListItem|Organization,47
29,/blog/bespoke-app-development-guide,confirmed-runtime,RC-01|RC-03|RC-04,META_DESC|H1_DUPLICATE|HEADING_GENERIC|COOKIE_H1,200,True,139,1,9209,True,"index, follow",BlogPosting|BreadcrumbList|ImageObject|ListItem|Organization,47
30,/blog/bespoke-app-development-guide,confirmed-3p-mutation,RC-01|RC-04|RC-06|RC-07,META_DESC|H1_DUPLICATE|READABILITY|TITLE_TAG|VALUEPROP,200,True,139,1,9209,True,"index, follow",BlogPosting|BreadcrumbList|ImageObject|ListItem|Organization,47
31,/blog/conversion-focused-website-planning,confirmed-3p-mutation,RC-04|RC-06,H1_DUPLICATE|TITLE_TAG,200,True,159,1,9819,True,"index, follow",BlogPosting|BreadcrumbList|ImageObject|ListItem|Organization,53
32,/blog/ai-voice-agent-out-of-hours,confirmed-3p-mutation,RC-04|RC-06,H1_DUPLICATE|HEADING_GENERIC|TITLE_TAG,200,True,144,1,13746,True,"index, follow",BlogPosting|BreadcrumbList|ImageObject|ListItem|Organization,47
33,/blog/ai-voice-agent-development,recommendation-only,RC-07,CITATION,200,True,136,1,13695,True,"index, follow",BlogPosting|BreadcrumbList|ImageObject|ListItem|Organization,44
34,/blog/conversion-focused-website-planning,recommendation-only,RC-01|RC-07,THIN|READABILITY,200,True,159,1,9819,True,"index, follow",BlogPosting|BreadcrumbList|ImageObject|ListItem|Organization,53
35,/blog/ai-voice-agent-development,confirmed-3p-mutation,RC-02|RC-03|RC-04|RC-06,H1_DUPLICATE|SCHEMA|DATES|COOKIE_H1|TITLE_TAG,200,True,136,1,13695,True,"index, follow",BlogPosting|BreadcrumbList|ImageObject|ListItem|Organization,44
36,/blog/ai-automation-consulting-smarter-operating-system,confirmed-runtime,RC-01|RC-03|RC-04|RC-07,META_DESC|H1_DUPLICATE|CITATION|COOKIE_H1,200,True,133,1,11083,True,"index, follow",BlogPosting|BreadcrumbList|ImageObject|ListItem|Organization,59
37,/blog/ai-voice-agent-development,recommendation-only,RC-07,CITATION|TABLE,200,True,136,1,13695,True,"index, follow",BlogPosting|BreadcrumbList|ImageObject|ListItem|Organization,44
38,/blog/ai-trades-operating-system-websites-automation,recommendation-only,RC-07,CITATION,200,True,159,1,9720,True,"index, follow",BlogPosting|BreadcrumbList|ImageObject|ListItem|Organization,49
39,/blog/ai-receptionist-small-business-guide,confirmed-3p-mutation,RC-01|RC-03|RC-04|RC-06|RC-07,META_DESC|H1_DUPLICATE|CITATION|COOKIE_H1|TITLE_TAG,200,True,138,1,11989,True,"index, follow",BlogPosting|BreadcrumbList|ImageObject|ListItem|Organization,56
40,/blog/ai-voice-agent-development,confirmed-3p-mutation,RC-04|RC-06,H1_DUPLICATE|HEADING_GENERIC|TITLE_TAG,200,True,136,1,13695,True,"index, follow",BlogPosting|BreadcrumbList|ImageObject|ListItem|Organization,44
41,/blog/ai-automation-consulting-smarter-operating-system,obsolete-advice,RC-02|RC-05,SCHEMA|FAQ|DATES,200,True,133,1,11083,True,"index, follow",BlogPosting|BreadcrumbList|ImageObject|ListItem|Organization,59
42,/blog/ai-trades-operating-system-websites-automation,obsolete-advice,RC-02|RC-05,SCHEMA|FAQ,200,True,159,1,9720,True,"index, follow",BlogPosting|BreadcrumbList|ImageObject|ListItem|Organization,49
43,/services/app-development,recommendation-only,RC-01|RC-07,META_DESC|TABLE,200,True,167,1,4231,True,"index, follow",BreadcrumbList|BusinessAudience|Country|ListItem|Organization|Service,43
44,/blog/ai-trades-operating-system-websites-automation,confirmed-runtime,RC-03|RC-04,H1_DUPLICATE|HEADING_GENERIC|COOKIE_H1,200,True,159,1,9720,True,"index, follow",BlogPosting|BreadcrumbList|ImageObject|ListItem|Organization,49
45,/blog/ai-automation-consulting-smarter-operating-system,confirmed-runtime,RC-01|RC-03|RC-04,META_DESC|H1_DUPLICATE|HEADING_GENERIC|COOKIE_H1,200,True,133,1,11083,True,"index, follow",BlogPosting|BreadcrumbList|ImageObject|ListItem|Organization,59
46,/blog/ai-receptionist-small-business-guide,obsolete-advice,RC-01|RC-02|RC-05,META_DESC|SCHEMA|FAQ|DATES,200,True,138,1,11989,True,"index, follow",BlogPosting|BreadcrumbList|ImageObject|ListItem|Organization,56
47,/services/app-development,confirmed-runtime,RC-01|RC-02|RC-04,META_DESC|H1_DUPLICATE|HEADING_GENERIC|SCHEMA,200,True,167,1,4231,True,"index, follow",BreadcrumbList|BusinessAudience|Country|ListItem|Organization|Service,43
48,/blog/ai-automation-consulting-smarter-operating-system,confirmed-runtime,RC-01|RC-04|RC-07,META_DESC|H1_DUPLICATE|READABILITY|TABLE|VALUEPROP,200,True,133,1,11083,True,"index, follow",BlogPosting|BreadcrumbList|ImageObject|ListItem|Organization,59
49,/services/content-creation,recommendation-only,RC-01|RC-07,META_DESC|CITATION|TABLE,200,True,155,1,4200,True,"index, follow",BreadcrumbList|BusinessAudience|Country|ListItem|Organization|Service,52
50,/blog/ai-receptionist-setup-guide,confirmed-runtime,RC-02|RC-03|RC-04,H1_DUPLICATE|DATES|COOKIE_H1,200,True,145,1,11032,True,"index, follow",BlogPosting|BreadcrumbList|ImageObject|ListItem|Organization,49
51,/services/content-creation,confirmed-runtime,RC-01|RC-04|RC-07,META_DESC|HEADING_GENERIC|VALUEPROP,200,True,155,1,4200,True,"index, follow",BreadcrumbList|BusinessAudience|Country|ListItem|Organization|Service,52
52,/services/app-development,confirmed-runtime,RC-01|RC-04|RC-05|RC-07,META_DESC|H1_DUPLICATE|FAQ|THIN|READABILITY,200,True,167,1,4231,True,"index, follow",BreadcrumbList|BusinessAudience|Country|ListItem|Organization|Service,43
53,/blog/ai-receptionist-setup-guide,recommendation-only,RC-01|RC-07,META_DESC|THIN|CITATION|VALUEPROP,200,True,145,1,11032,True,"index, follow",BlogPosting|BreadcrumbList|ImageObject|ListItem|Organization,49
54,/services/ai-automation,recommendation-only,RC-01|RC-07,META_DESC|CITATION|TABLE,200,True,158,1,4107,True,"index, follow",BreadcrumbList|BusinessAudience|Country|ListItem|Organization|Service,51
55,/services/content-creation,refuted-live,RC-01,META_DESC,200,True,155,1,4200,True,"index, follow",BreadcrumbList|BusinessAudience|Country|ListItem|Organization|Service,52
56,/services/app-development,obsolete-advice,RC-01|RC-05,META_DESC|FAQ,200,True,167,1,4231,True,"index, follow",BreadcrumbList|BusinessAudience|Country|ListItem|Organization|Service,43
57,/blog/ai-receptionist-setup-guide,recommendation-only,RC-07,TABLE,200,True,145,1,11032,True,"index, follow",BlogPosting|BreadcrumbList|ImageObject|ListItem|Organization,49
58,/services/ai-automation,confirmed-runtime,RC-01|RC-04|RC-05|RC-07,META_DESC|H1_DUPLICATE|HEADING_GENERIC|FAQ|THIN|TABLE,200,True,158,1,4107,True,"index, follow",BreadcrumbList|BusinessAudience|Country|ListItem|Organization|Service,51
59,/services/content-creation,obsolete-advice,RC-02|RC-05|RC-07,SCHEMA|FAQ|INTERNAL_LINK,200,True,155,1,4200,True,"index, follow",BreadcrumbList|BusinessAudience|Country|ListItem|Organization|Service,52
60,/services/ai-consulting,recommendation-only,RC-07,CITATION|TABLE,200,True,150,1,4197,True,"index, follow",BreadcrumbList|BusinessAudience|Country|ListItem|Organization|Service,46
61,/blog/ai-receptionist-setup-guide,refuted-live,RC-02,SCHEMA,200,True,145,1,11032,True,"index, follow",BlogPosting|BreadcrumbList|ImageObject|ListItem|Organization,49
62,/services/ai-automation,confirmed-runtime,RC-01|RC-04|RC-07,H1_DUPLICATE|THIN|READABILITY|VALUEPROP,200,True,158,1,4107,True,"index, follow",BreadcrumbList|BusinessAudience|Country|ListItem|Organization|Service,51
63,/industry/physios-chiropractors,obsolete-advice,RC-02|RC-05,SCHEMA|FAQ,200,True,148,1,5194,True,"index, follow",BreadcrumbList|BusinessAudience|Country|ListItem|Organization|Service,46
64,/services/ai-consulting,confirmed-runtime,RC-01|RC-04|RC-05,META_DESC|H1_DUPLICATE|HEADING_GENERIC|FAQ|THIN,200,True,150,1,4197,True,"index, follow",BreadcrumbList|BusinessAudience|Country|ListItem|Organization|Service,46
65,/industry/trades,obsolete-advice,RC-02|RC-05,SCHEMA|FAQ,200,True,157,1,5327,True,"index, follow",BreadcrumbList|BusinessAudience|Country|ListItem|Organization|Service,45
66,/industry/physios-chiropractors,confirmed-runtime,RC-01|RC-04|RC-07,META_DESC|H1_DUPLICATE|HEADING_GENERIC|READABILITY,200,True,148,1,5194,True,"index, follow",BreadcrumbList|BusinessAudience|Country|ListItem|Organization|Service,46
67,/services/ai-consulting,obsolete-advice,RC-01|RC-02|RC-05|RC-07,META_DESC|SCHEMA|FAQ|THIN|READABILITY|TABLE,200,True,150,1,4197,True,"index, follow",BreadcrumbList|BusinessAudience|Country|ListItem|Organization|Service,46
68,/services/ai-automation,obsolete-advice,RC-01|RC-05,META_DESC|FAQ|THIN,200,True,158,1,4107,True,"index, follow",BreadcrumbList|BusinessAudience|Country|ListItem|Organization|Service,51
69,/industry/trades,confirmed-3p-mutation,RC-04|RC-05|RC-06,H1_DUPLICATE|HEADING_GENERIC|FAQ|TITLE_TAG,200,True,157,1,5327,True,"index, follow",BreadcrumbList|BusinessAudience|Country|ListItem|Organization|Service,45
70,/services/ai-consulting,obsolete-advice,RC-01|RC-05,META_DESC|FAQ|THIN,200,True,150,1,4197,True,"index, follow",BreadcrumbList|BusinessAudience|Country|ListItem|Organization|Service,46
71,/industry/physios-chiropractors,obsolete-advice,RC-02|RC-05,SCHEMA|FAQ,200,True,148,1,5194,True,"index, follow",BreadcrumbList|BusinessAudience|Country|ListItem|Organization|Service,46
72,/industry/trades,recommendation-only,RC-01|RC-07,META_DESC|THIN|READABILITY|VALUEPROP,200,True,157,1,5327,True,"index, follow",BreadcrumbList|BusinessAudience|Country|ListItem|Organization|Service,45
73,/industry/fitness-coaches,obsolete-advice,RC-02|RC-05,SCHEMA|FAQ,200,True,158,1,5073,True,"index, follow",BreadcrumbList|BusinessAudience|Country|ListItem|Organization|Service,54
74,/industry/hospitality,obsolete-advice,RC-02|RC-05,SCHEMA|FAQ,200,True,173,1,5332,True,"index, follow",BreadcrumbList|BusinessAudience|Country|ListItem|Organization|Service,53
75,/industry/trades,obsolete-advice,RC-01|RC-02|RC-05,META_DESC|SCHEMA|FAQ,200,True,157,1,5327,True,"index, follow",BreadcrumbList|BusinessAudience|Country|ListItem|Organization|Service,45
76,/industry/fitness-coaches,confirmed-runtime,RC-04|RC-05,H1_DUPLICATE|HEADING_GENERIC|FAQ,200,True,158,1,5073,True,"index, follow",BreadcrumbList|BusinessAudience|Country|ListItem|Organization|Service,54
77,/industry/hospitality,confirmed-runtime,RC-01|RC-04|RC-05|RC-07,META_DESC|H1_DUPLICATE|HEADING_GENERIC|FAQ|THIN|READABILITY,200,True,173,1,5332,True,"index, follow",BreadcrumbList|BusinessAudience|Country|ListItem|Organization|Service,53
78,/industry/ecommerce,recommendation-only,RC-07,CITATION,200,True,163,1,5478,True,"index, follow",BreadcrumbList|BusinessAudience|Country|ListItem|Organization|Service,47
79,/industry/fitness-coaches,obsolete-advice,RC-01|RC-05|RC-07,META_DESC|FAQ|THIN|READABILITY|VALUEPROP,200,True,158,1,5073,True,"index, follow",BreadcrumbList|BusinessAudience|Country|ListItem|Organization|Service,54
80,/industry/hospitality,obsolete-advice,RC-01|RC-05|RC-07,META_DESC|FAQ|THIN|READABILITY|VALUEPROP,200,True,173,1,5332,True,"index, follow",BreadcrumbList|BusinessAudience|Country|ListItem|Organization|Service,53
81,/industry/ecommerce,obsolete-advice,RC-02|RC-05,SCHEMA|FAQ,200,True,163,1,5478,True,"index, follow",BreadcrumbList|BusinessAudience|Country|ListItem|Organization|Service,47
82,/book,confirmed-3p-mutation,RC-02|RC-05|RC-06,SCHEMA|FAQ|DATES|TITLE_TAG,200,True,107,1,2578,True,"index, follow",BreadcrumbList|ListItem|WebPage,38
83,/industry/fitness-coaches,obsolete-advice,RC-01|RC-02|RC-05,SCHEMA|FAQ|THIN,200,True,158,1,5073,True,"index, follow",BreadcrumbList|BusinessAudience|Country|ListItem|Organization|Service,54
84,/industry/hospitality,obsolete-advice,RC-01|RC-02|RC-05,SCHEMA|FAQ|THIN,200,True,173,1,5332,True,"index, follow",BreadcrumbList|BusinessAudience|Country|ListItem|Organization|Service,53
85,/industry/ecommerce,confirmed-runtime,RC-04,H1_DUPLICATE|HEADING_GENERIC,200,True,163,1,5478,True,"index, follow",BreadcrumbList|BusinessAudience|Country|ListItem|Organization|Service,47
86,/book,confirmed-runtime,RC-01|RC-04|RC-07,META_DESC|H1_DUPLICATE|HEADING_GENERIC|READABILITY,200,True,107,1,2578,True,"index, follow",BreadcrumbList|ListItem|WebPage,38
87,/blog,recommendation-only,RC-01|RC-07,META_DESC|THIN|INTERNAL_LINK,200,True,106,1,16244,True,"index, follow",BreadcrumbList|CollectionPage|ListItem,48
88,/blog/salon-barber-ai-guide,confirmed-runtime,RC-02|RC-04,H1_DUPLICATE|DATES,200,True,137,1,9931,True,"index, follow",BlogPosting|BreadcrumbList|ImageObject|ListItem|Organization,45
89,/industry/ecommerce,recommendation-only,RC-01|RC-07,THIN|READABILITY,200,True,163,1,5478,True,"index, follow",BreadcrumbList|BusinessAudience|Country|ListItem|Organization|Service,47
90,/blog,confirmed-runtime,RC-01|RC-02|RC-04,META_DESC|H1_DUPLICATE|DATES,200,True,106,1,16244,True,"index, follow",BreadcrumbList|CollectionPage|ListItem,48
91,/blog/salon-barber-ai-guide,recommendation-only,RC-07,OTHER,200,True,137,1,9931,True,"index, follow",BlogPosting|BreadcrumbList|ImageObject|ListItem|Organization,45
92,/book,recommendation-only,RC-01|RC-07,META_DESC|READABILITY,200,True,107,1,2578,True,"index, follow",BreadcrumbList|ListItem|WebPage,38
93,/blog,refuted-live,RC-01,META_DESC,200,True,106,1,16244,True,"index, follow",BreadcrumbList|CollectionPage|ListItem,48
94,/about,refuted-live,RC-01,THIN,200,True,144,1,2641,True,"index, follow",AboutPage|BreadcrumbList|ListItem,48
95,/blog/salon-barber-ai-guide,confirmed-3p-mutation,RC-02|RC-04|RC-06,H1_DUPLICATE|SCHEMA|DATES|TITLE_TAG,200,True,137,1,9931,True,"index, follow",BlogPosting|BreadcrumbList|ImageObject|ListItem|Organization,45
96,/about,refuted-live,RC-02,SCHEMA,200,True,144,1,2641,True,"index, follow",AboutPage|BreadcrumbList|ListItem,48
97,/blog/salon-barber-ai-guide,confirmed-runtime,RC-03|RC-04|RC-07,H1_DUPLICATE|HEADING_GENERIC|READABILITY|COOKIE_H1,200,True,137,1,9931,True,"index, follow",BlogPosting|BreadcrumbList|ImageObject|ListItem|Organization,45
98,/blog,recommendation-only,RC-01|RC-02|RC-07,META_DESC|SCHEMA|VALUEPROP,200,True,106,1,16244,True,"index, follow",BreadcrumbList|CollectionPage|ListItem,48
99,/book,obsolete-advice,RC-01|RC-02|RC-05,SCHEMA|FAQ|THIN,200,True,107,1,2578,True,"index, follow",BreadcrumbList|ListItem|WebPage,38
100,/about,confirmed-runtime,RC-01|RC-02|RC-04|RC-07,META_DESC|H1_DUPLICATE|HEADING_GENERIC|SCHEMA|READABILITY|VALUEPROP,200,True,144,1,2641,True,"index, follow",AboutPage|BreadcrumbList|ListItem,48
101,/blog/ai-automation-consulting-guide,confirmed-runtime,RC-01|RC-03|RC-04,META_DESC|H1_DUPLICATE|COOKIE_H1,200,True,139,1,10910,True,"index, follow",BlogPosting|BreadcrumbList|ImageObject|ListItem|Organization,50
102,/how-we-work,recommendation-only,RC-01|RC-07,META_DESC|VALUEPROP,200,True,107,1,3579,True,"index, follow",BreadcrumbList|ListItem|WebPage,45
103,/blog/ai-automation-consulting-guide,obsolete-advice,RC-02|RC-05,SCHEMA|FAQ|DATES,200,True,139,1,10910,True,"index, follow",BlogPosting|BreadcrumbList|ImageObject|ListItem|Organization,50
104,/how-we-work,refuted-live,RC-01|RC-02,META_DESC|SCHEMA,200,True,107,1,3579,True,"index, follow",BreadcrumbList|ListItem|WebPage,45
105,/how-we-work,confirmed-runtime,RC-01|RC-04,META_DESC|H1_DUPLICATE|HEADING_GENERIC,200,True,107,1,3579,True,"index, follow",BreadcrumbList|ListItem|WebPage,45
106,/industry/salons-barbers,recommendation-only,RC-01|RC-07,META_DESC|THIN|CITATION,200,True,164,1,5422,True,"index, follow",BreadcrumbList|BusinessAudience|Country|ListItem|Organization|Service,60
107,/blog/ai-automation-consulting-guide,confirmed-3p-mutation,RC-04|RC-06,H1_DUPLICATE|HEADING_GENERIC|TITLE_TAG,200,True,139,1,10910,True,"index, follow",BlogPosting|BreadcrumbList|ImageObject|ListItem|Organization,50
108,/industry/salons-barbers,obsolete-advice,RC-02|RC-05,SCHEMA|FAQ,200,True,164,1,5422,True,"index, follow",BreadcrumbList|BusinessAudience|Country|ListItem|Organization|Service,60
109,/how-we-work,recommendation-only,RC-01|RC-07,META_DESC|THIN|VALUEPROP,200,True,107,1,3579,True,"index, follow",BreadcrumbList|ListItem|WebPage,45
110,/blog/ai-automation-consulting-guide,confirmed-runtime,RC-01|RC-04|RC-07,META_DESC|H1_DUPLICATE|READABILITY|VALUEPROP,200,True,139,1,10910,True,"index, follow",BlogPosting|BreadcrumbList|ImageObject|ListItem|Organization,50
111,/blog/hospitality-automation-guide,confirmed-3p-mutation,RC-02|RC-04|RC-06,H1_DUPLICATE|DATES|TITLE_TAG,200,True,137,1,10189,True,"index, follow",BlogPosting|BreadcrumbList|ImageObject|ListItem|Organization,46
112,/industry/salons-barbers,confirmed-runtime,RC-04,H1_DUPLICATE|HEADING_GENERIC,200,True,164,1,5422,True,"index, follow",BreadcrumbList|BusinessAudience|Country|ListItem|Organization|Service,60
113,/services/ai-receptionists,recommendation-only,RC-01|RC-07,THIN|TABLE,200,True,152,1,6632,True,"index, follow",BreadcrumbList|BusinessAudience|Country|ListItem|Organization|Service,44
114,/industry/gyms-fitness-studios,obsolete-advice,RC-01|RC-02|RC-05,SCHEMA|FAQ|THIN,200,True,160,1,5447,True,"index, follow",BreadcrumbList|BusinessAudience|Country|ListItem|Organization|Service,49
115,/blog/hospitality-automation-guide,confirmed-runtime,RC-01|RC-03|RC-04,META_DESC|H1_DUPLICATE|COOKIE_H1,200,True,137,1,10189,True,"index, follow",BlogPosting|BreadcrumbList|ImageObject|ListItem|Organization,46
116,/industry/salons-barbers,obsolete-advice,RC-01|RC-05|RC-07,FAQ|THIN|READABILITY,200,True,164,1,5422,True,"index, follow",BreadcrumbList|BusinessAudience|Country|ListItem|Organization|Service,60
117,/blog/hospitality-automation-guide,obsolete-advice,RC-02|RC-05,SCHEMA|FAQ|DATES,200,True,137,1,10189,True,"index, follow",BlogPosting|BreadcrumbList|ImageObject|ListItem|Organization,46
118,/industry/gyms-fitness-studios,confirmed-3p-mutation,RC-01|RC-02|RC-04|RC-05|RC-06|RC-07,META_DESC|H1_DUPLICATE|HEADING_GENERIC|SCHEMA|FAQ|THIN|INTERNAL_LINK|TITLE_TAG|IMAGE_ALT|VALUEPROP,200,True,160,1,5447,True,"index, follow",BreadcrumbList|BusinessAudience|Country|ListItem|Organization|Service,49
119,/pricing,refuted-live,RC-01,META_DESC|THIN,200,True,117,1,3030,True,"index, follow",BreadcrumbList|ListItem|WebPage,34
120,/services/ai-receptionists,confirmed-runtime,RC-01|RC-02|RC-04|RC-05,META_DESC|HEADING_GENERIC|SCHEMA|FAQ|THIN,200,True,152,1,6632,True,"index, follow",BreadcrumbList|BusinessAudience|Country|ListItem|Organization|Service,44
121,/blog/hospitality-automation-guide,confirmed-runtime,RC-04|RC-07,H1_DUPLICATE|HEADING_GENERIC|READABILITY,200,True,137,1,10189,True,"index, follow",BlogPosting|BreadcrumbList|ImageObject|ListItem|Organization,46
122,/pricing,recommendation-only,RC-01|RC-02|RC-07,META_DESC|SCHEMA|VALUEPROP,200,True,117,1,3030,True,"index, follow",BreadcrumbList|ListItem|WebPage,34
123,/industry/gyms-fitness-studios,obsolete-advice,RC-01|RC-05,FAQ|THIN,200,True,160,1,5447,True,"index, follow",BreadcrumbList|BusinessAudience|Country|ListItem|Organization|Service,49
124,/pricing,confirmed-runtime,RC-01|RC-02|RC-04|RC-05,META_DESC|H1_DUPLICATE|HEADING_GENERIC|SCHEMA|FAQ|THIN,200,True,117,1,3030,True,"index, follow",BreadcrumbList|ListItem|WebPage,34
125,/services/ai-receptionists,obsolete-advice,RC-01|RC-02|RC-05|RC-07,META_DESC|SCHEMA|FAQ|THIN|READABILITY,200,True,152,1,6632,True,"index, follow",BreadcrumbList|BusinessAudience|Country|ListItem|Organization|Service,44
126,/blog/ai-voice-agent-buyers-guide,confirmed-3p-mutation,RC-02|RC-04|RC-06,H1_DUPLICATE|DATES|TITLE_TAG,200,True,149,1,11197,True,"index, follow",BlogPosting|BreadcrumbList|ImageObject|ListItem|Organization,46
127,/industry/gyms-fitness-studios,obsolete-advice,RC-01|RC-02|RC-05,META_DESC|SCHEMA|FAQ|THIN,200,True,160,1,5447,True,"index, follow",BreadcrumbList|BusinessAudience|Country|ListItem|Organization|Service,49
128,/pricing,obsolete-advice,RC-01|RC-05,META_DESC|FAQ|THIN,200,True,117,1,3030,True,"index, follow",BreadcrumbList|ListItem|WebPage,34
129,/services/ai-receptionists,obsolete-advice,RC-01|RC-05,META_DESC|FAQ|THIN,200,True,152,1,6632,True,"index, follow",BreadcrumbList|BusinessAudience|Country|ListItem|Organization|Service,44
130,/blog/ai-voice-agent-buyers-guide,confirmed-runtime,RC-01|RC-04|RC-07,META_DESC|H1_DUPLICATE|CITATION|VALUEPROP,200,True,149,1,11197,True,"index, follow",BlogPosting|BreadcrumbList|ImageObject|ListItem|Organization,46
131,/blog/ai-voice-agent-buyers-guide,refuted-live,RC-02,SCHEMA|DATES,200,True,149,1,11197,True,"index, follow",BlogPosting|BreadcrumbList|ImageObject|ListItem|Organization,46
132,/blog/small-business-ai-automation,refuted-live,RC-02,SCHEMA|DATES,200,True,155,1,10897,True,"index, follow",BlogPosting|BreadcrumbList|ImageObject|ListItem|Organization,54
133,/industry/dentists,obsolete-advice,RC-02|RC-05,SCHEMA|FAQ,200,True,170,1,5234,True,"index, follow",BreadcrumbList|BusinessAudience|Country|ListItem|Organization|Service,46
134,/blog/small-business-ai-automation,confirmed-runtime,RC-01|RC-03|RC-04,META_DESC|H1_DUPLICATE|HEADING_GENERIC|COOKIE_H1,200,True,155,1,10897,True,"index, follow",BlogPosting|BreadcrumbList|ImageObject|ListItem|Organization,54
135,/industry/dentists,confirmed-runtime,RC-01|RC-04|RC-05,META_DESC|H1_DUPLICATE|HEADING_GENERIC|FAQ,200,True,170,1,5234,True,"index, follow",BreadcrumbList|BusinessAudience|Country|ListItem|Organization|Service,46
136,/blog/small-business-ai-automation,confirmed-runtime,RC-01|RC-03|RC-04|RC-07,META_DESC|H1_DUPLICATE|READABILITY|COOKIE_H1|VALUEPROP,200,True,155,1,10897,True,"index, follow",BlogPosting|BreadcrumbList|ImageObject|ListItem|Organization,54
137,/industry/dentists,recommendation-only,RC-01|RC-07,META_DESC|READABILITY,200,True,170,1,5234,True,"index, follow",BreadcrumbList|BusinessAudience|Country|ListItem|Organization|Service,46
138,/industry/dentists,obsolete-advice,RC-01|RC-02|RC-05,META_DESC|SCHEMA|FAQ|THIN,200,True,170,1,5234,True,"index, follow",BreadcrumbList|BusinessAudience|Country|ListItem|Organization|Service,46
139,/,recommendation-only,RC-01|RC-02|RC-07,META_DESC|DATES|VALUEPROP,200,True,132,1,10679,True,"index, follow",BreadcrumbList|ImageObject|ListItem|Organization|PostalAddress|WebPage|WebSite,64
140,/blog/ai-estate-agents-systems-agencies,confirmed-runtime,RC-01|RC-02|RC-04,META_DESC|H1_DUPLICATE|DATES,200,True,150,1,10747,True,"index, follow",BlogPosting|BreadcrumbList|ImageObject|ListItem|Organization,52
141,/,refuted-live,RC-01,META_DESC|THIN,200,True,132,1,10679,True,"index, follow",BreadcrumbList|ImageObject|ListItem|Organization|PostalAddress|WebPage|WebSite,64
142,/blog/ai-estate-agents-systems-agencies,confirmed-runtime,RC-01|RC-03|RC-04,META_DESC|H1_DUPLICATE|COOKIE_H1,200,True,150,1,10747,True,"index, follow",BlogPosting|BreadcrumbList|ImageObject|ListItem|Organization,52
143,/blog/homepage-first-redesigns-misdiagnose-conversion,confirmed-runtime,RC-01|RC-03|RC-04,META_DESC|H1_DUPLICATE|COOKIE_H1,200,True,141,1,9620,True,"index, follow",BlogPosting|BreadcrumbList|ImageObject|ListItem|Organization,51
144,/blog/ai-estate-agents-systems-agencies,confirmed-runtime,RC-02|RC-04,H1_DUPLICATE|SCHEMA|DATES,200,True,150,1,10747,True,"index, follow",BlogPosting|BreadcrumbList|ImageObject|ListItem|Organization,52
145,/blog/homepage-first-redesigns-misdiagnose-conversion,refuted-live,RC-02,SCHEMA|DATES,200,True,141,1,9620,True,"index, follow",BlogPosting|BreadcrumbList|ImageObject|ListItem|Organization,51
146,/blog/ai-estate-agents-systems-agencies,confirmed-3p-mutation,RC-04|RC-06|RC-07,H1_DUPLICATE|HEADING_GENERIC|READABILITY|TITLE_TAG,200,True,150,1,10747,True,"index, follow",BlogPosting|BreadcrumbList|ImageObject|ListItem|Organization,52
147,/,recommendation-only,RC-01|RC-07,META_DESC|THIN|READABILITY,200,True,132,1,10679,True,"index, follow",BreadcrumbList|ImageObject|ListItem|Organization|PostalAddress|WebPage|WebSite,64
148,/blog/homepage-first-redesigns-misdiagnose-conversion,confirmed-3p-mutation,RC-03|RC-04|RC-06,H1_DUPLICATE|HEADING_GENERIC|COOKIE_H1|TITLE_TAG,200,True,141,1,9620,True,"index, follow",BlogPosting|BreadcrumbList|ImageObject|ListItem|Organization,51
149,/services/web-design-development,recommendation-only,RC-01|RC-07,META_DESC|TABLE,200,True,169,1,5820,True,"index, follow",BreadcrumbList|BusinessAudience|Country|ListItem|Organization|Service,52
150,/blog/automate-no-show-follow-up,recommendation-only,RC-07,CITATION,200,True,144,1,12904,True,"index, follow",BlogPosting|BreadcrumbList|ImageObject|ListItem|Organization,45
151,/blog/homepage-first-redesigns-misdiagnose-conversion,confirmed-runtime,RC-01|RC-04|RC-07,META_DESC|H1_DUPLICATE|VALUEPROP,200,True,141,1,9620,True,"index, follow",BlogPosting|BreadcrumbList|ImageObject|ListItem|Organization,51
152,/blog/fitness-coach-enquiry-automation,recommendation-only,RC-07,OTHER,200,True,138,1,10033,True,"index, follow",BlogPosting|BreadcrumbList|ImageObject|ListItem|Organization,56
153,/services/web-design-development,confirmed-runtime,RC-01|RC-04|RC-05|RC-07,META_DESC|H1_DUPLICATE|HEADING_GENERIC|FAQ|THIN|READABILITY,200,True,169,1,5820,True,"index, follow",BreadcrumbList|BusinessAudience|Country|ListItem|Organization|Service,52
154,/blog/automate-no-show-follow-up,recommendation-only,RC-07,CITATION,200,True,144,1,12904,True,"index, follow",BlogPosting|BreadcrumbList|ImageObject|ListItem|Organization,45
155,/blog/how-dental-practices-should-run,confirmed-runtime,RC-01|RC-03|RC-04,META_DESC|H1_DUPLICATE|COOKIE_H1,200,True,138,1,12485,True,"index, follow",BlogPosting|BreadcrumbList|ImageObject|ListItem|Organization,41
156,/blog/fitness-coach-enquiry-automation,refuted-live,RC-02,SCHEMA|DATES,200,True,138,1,10033,True,"index, follow",BlogPosting|BreadcrumbList|ImageObject|ListItem|Organization,56
157,/blog/how-dental-practices-should-run,recommendation-only,RC-07,TABLE,200,True,138,1,12485,True,"index, follow",BlogPosting|BreadcrumbList|ImageObject|ListItem|Organization,41
158,/blog/automate-no-show-follow-up,refuted-live,RC-02,SCHEMA|DATES,200,True,144,1,12904,True,"index, follow",BlogPosting|BreadcrumbList|ImageObject|ListItem|Organization,45
159,/services/web-design-development,obsolete-advice,RC-01|RC-05|RC-07,META_DESC|FAQ|THIN|READABILITY,200,True,169,1,5820,True,"index, follow",BreadcrumbList|BusinessAudience|Country|ListItem|Organization|Service,52
160,/blog/fitness-coach-enquiry-automation,confirmed-3p-mutation,RC-04|RC-06,H1_DUPLICATE|HEADING_GENERIC|TITLE_TAG,200,True,138,1,10033,True,"index, follow",BlogPosting|BreadcrumbList|ImageObject|ListItem|Organization,56
161,/blog/automate-no-show-follow-up,confirmed-runtime,RC-04,H1_DUPLICATE,200,True,144,1,12904,True,"index, follow",BlogPosting|BreadcrumbList|ImageObject|ListItem|Organization,45
162,/blog/fitness-coach-enquiry-automation,confirmed-runtime,RC-01|RC-03|RC-04,META_DESC|H1_DUPLICATE|COOKIE_H1,200,True,138,1,10033,True,"index, follow",BlogPosting|BreadcrumbList|ImageObject|ListItem|Organization,56
163,/services/web-design-development,obsolete-advice,RC-02|RC-05|RC-07,SCHEMA|FAQ|READABILITY,200,True,169,1,5820,True,"index, follow",BreadcrumbList|BusinessAudience|Country|ListItem|Organization|Service,52
164,/blog/estate-agent-automation-guide,confirmed-runtime,RC-01|RC-02|RC-04,META_DESC|H1_DUPLICATE|DATES,200,True,157,1,10270,True,"index, follow",BlogPosting|BreadcrumbList|ImageObject|ListItem|Organization,50
165,/blog/how-dental-practices-should-run,obsolete-advice,RC-02|RC-05,SCHEMA|FAQ|DATES,200,True,138,1,12485,True,"index, follow",BlogPosting|BreadcrumbList|ImageObject|ListItem|Organization,41
167,/blog/estate-agent-automation-guide,confirmed-runtime,RC-01|RC-03|RC-04,META_DESC|H1_DUPLICATE|COOKIE_H1,200,True,157,1,10270,True,"index, follow",BlogPosting|BreadcrumbList|ImageObject|ListItem|Organization,50
169,/blog/build-a-prototype-instead,confirmed-runtime,RC-01|RC-04|RC-07,META_DESC|H1_DUPLICATE|THIN|CITATION,200,True,151,1,11674,True,"index, follow",BlogPosting|BreadcrumbList|ImageObject|ListItem|Organization,46
170,/blog/how-dental-practices-should-run,confirmed-runtime,RC-01|RC-04|RC-07,META_DESC|H1_DUPLICATE|HEADING_GENERIC|READABILITY,200,True,138,1,12485,True,"index, follow",BlogPosting|BreadcrumbList|ImageObject|ListItem|Organization,41
171,/blog/build-a-prototype-instead,confirmed-runtime,RC-01|RC-04,META_DESC|H1_DUPLICATE,200,True,151,1,11674,True,"index, follow",BlogPosting|BreadcrumbList|ImageObject|ListItem|Organization,46
172,/blog/estate-agent-automation-guide,obsolete-advice,RC-02|RC-05,SCHEMA|FAQ,200,True,157,1,10270,True,"index, follow",BlogPosting|BreadcrumbList|ImageObject|ListItem|Organization,50
173,/blog/physio-chiropractic-ai-guide,recommendation-only,RC-01|RC-07,THIN|CITATION,200,True,138,1,14012,True,"index, follow",BlogPosting|BreadcrumbList|ImageObject|ListItem|Organization,39
175,/blog/estate-agent-automation-guide,confirmed-runtime,RC-01|RC-04,META_DESC|H1_DUPLICATE|HEADING_GENERIC,200,True,157,1,10270,True,"index, follow",BlogPosting|BreadcrumbList|ImageObject|ListItem|Organization,50
176,/blog/build-a-prototype-instead,obsolete-advice,RC-02|RC-05,SCHEMA|FAQ|DATES,200,True,151,1,11674,True,"index, follow",BlogPosting|BreadcrumbList|ImageObject|ListItem|Organization,46
177,/blog/physio-chiropractic-ai-guide,recommendation-only,RC-07,CITATION,200,True,138,1,14012,True,"index, follow",BlogPosting|BreadcrumbList|ImageObject|ListItem|Organization,39
178,/blog/ecommerce-brands-websites-apps-ai-systems,refuted-live,RC-02,SCHEMA|DATES,200,True,132,1,11401,True,"index, follow",BlogPosting|BreadcrumbList|ImageObject|ListItem|Organization,56
179,/blog/dental-practice-automation-guide,confirmed-3p-mutation,RC-01|RC-04|RC-06,META_DESC|H1_DUPLICATE|THIN|TITLE_TAG,200,True,152,1,11338,True,"index, follow",BlogPosting|BreadcrumbList|ImageObject|ListItem|Organization,61
180,/blog/build-a-prototype-instead,confirmed-runtime,RC-03|RC-04,H1_DUPLICATE|HEADING_GENERIC|COOKIE_H1,200,True,151,1,11674,True,"index, follow",BlogPosting|BreadcrumbList|ImageObject|ListItem|Organization,46
181,/blog/physio-chiropractic-ai-guide,confirmed-3p-mutation,RC-02|RC-03|RC-04|RC-05|RC-06,H1_DUPLICATE|SCHEMA|FAQ|DATES|COOKIE_H1|TITLE_TAG,200,True,138,1,14012,True,"index, follow",BlogPosting|BreadcrumbList|ImageObject|ListItem|Organization,39
182,/blog/dental-practice-automation-guide,confirmed-runtime,RC-01|RC-04,META_DESC|H1_DUPLICATE,200,True,152,1,11338,True,"index, follow",BlogPosting|BreadcrumbList|ImageObject|ListItem|Organization,61
183,/industry,confirmed-runtime,RC-01|RC-02|RC-04|RC-07,H1_DUPLICATE|THIN|DATES|INTERNAL_LINK,200,True,131,1,3827,True,"index, follow",BreadcrumbList|CollectionPage|ListItem,38
184,/blog/physio-chiropractic-ai-guide,confirmed-runtime,RC-04|RC-07,H1_DUPLICATE|HEADING_GENERIC|READABILITY,200,True,138,1,14012,True,"index, follow",BlogPosting|BreadcrumbList|ImageObject|ListItem|Organization,39
185,/blog/ecommerce-brands-websites-apps-ai-systems,recommendation-only,RC-07,CITATION,200,True,132,1,11401,True,"index, follow",BlogPosting|BreadcrumbList|ImageObject|ListItem|Organization,56
186,/blog/dental-practice-automation-guide,confirmed-runtime,RC-02|RC-04|RC-05,H1_DUPLICATE|SCHEMA|FAQ|DATES,200,True,152,1,11338,True,"index, follow",BlogPosting|BreadcrumbList|ImageObject|ListItem|Organization,61
187,/industry,refuted-live,RC-01|RC-02,META_DESC|THIN|DATES,200,True,131,1,3827,True,"index, follow",BreadcrumbList|CollectionPage|ListItem,38
188,/blog/ecommerce-brands-websites-apps-ai-systems,confirmed-3p-mutation,RC-02|RC-04|RC-06,H1_DUPLICATE|SCHEMA|DATES|TITLE_TAG,200,True,132,1,11401,True,"index, follow",BlogPosting|BreadcrumbList|ImageObject|ListItem|Organization,56
189,/industry,obsolete-advice,RC-01|RC-05|RC-07,FAQ|THIN|CITATION|TABLE,200,True,131,1,3827,True,"index, follow",BreadcrumbList|CollectionPage|ListItem,38
190,/blog/content-creation-framework,confirmed-runtime,RC-01|RC-02|RC-04,META_DESC|H1_DUPLICATE|DATES,200,True,143,1,11773,True,"index, follow",BlogPosting|BreadcrumbList|ImageObject|ListItem|Organization,50
191,/blog/dental-practice-automation-guide,confirmed-runtime,RC-01|RC-03|RC-04,META_DESC|H1_DUPLICATE|HEADING_GENERIC|COOKIE_H1,200,True,152,1,11338,True,"index, follow",BlogPosting|BreadcrumbList|ImageObject|ListItem|Organization,61
192,/blog/content-creation-framework,confirmed-3p-mutation,RC-01|RC-04|RC-06|RC-07,META_DESC|H1_DUPLICATE|TITLE_TAG|VALUEPROP,200,True,143,1,11773,True,"index, follow",BlogPosting|BreadcrumbList|ImageObject|ListItem|Organization,50
193,/industry,obsolete-advice,RC-01|RC-02|RC-05,META_DESC|SCHEMA|FAQ,200,True,131,1,3827,True,"index, follow",BreadcrumbList|CollectionPage|ListItem,38
194,/services,confirmed-runtime,RC-01|RC-02|RC-04|RC-07,H1_DUPLICATE|THIN|TABLE|DATES,200,True,136,1,2811,True,"index, follow",BreadcrumbList|CollectionPage|ListItem,51
195,/industry/estate-agents,obsolete-advice,RC-01|RC-02|RC-05,META_DESC|SCHEMA|FAQ,200,True,171,1,5454,True,"index, follow",BreadcrumbList|BusinessAudience|Country|ListItem|Organization|Service,51
196,/blog/content-creation-framework,recommendation-only,RC-01|RC-07,META_DESC|VALUEPROP,200,True,143,1,11773,True,"index, follow",BlogPosting|BreadcrumbList|ImageObject|ListItem|Organization,50
197,/blog/ecommerce-ai-systems-guide,confirmed-runtime,RC-01|RC-03|RC-04,META_DESC|H1_DUPLICATE|COOKIE_H1,200,True,136,1,11198,True,"index, follow",BlogPosting|BreadcrumbList|ImageObject|ListItem|Organization,48
198,/industry/estate-agents,confirmed-runtime,RC-01|RC-04|RC-05,META_DESC|H1_DUPLICATE|HEADING_GENERIC|FAQ|THIN,200,True,171,1,5454,True,"index, follow",BreadcrumbList|BusinessAudience|Country|ListItem|Organization|Service,51
199,/services,obsolete-advice,RC-01|RC-02|RC-05,SCHEMA|FAQ|THIN|DATES,200,True,136,1,2811,True,"index, follow",BreadcrumbList|CollectionPage|ListItem,51
200,/blog/ecommerce-ai-systems-guide,confirmed-runtime,RC-01|RC-02|RC-03|RC-04|RC-05,META_DESC|H1_DUPLICATE|SCHEMA|FAQ|DATES|COOKIE_H1,200,True,136,1,11198,True,"index, follow",BlogPosting|BreadcrumbList|ImageObject|ListItem|Organization,48
201,/blog/content-creation-framework,confirmed-runtime,RC-02|RC-03|RC-04|RC-05,H1_DUPLICATE|SCHEMA|FAQ|DATES|COOKIE_H1,200,True,143,1,11773,True,"index, follow",BlogPosting|BreadcrumbList|ImageObject|ListItem|Organization,50
202,/services,unverified,RC-01|RC-02|RC-07|RC-08,META_DESC|SCHEMA|THIN|TABLE|PERF,200,True,136,1,2811,True,"index, follow",BreadcrumbList|CollectionPage|ListItem,51
203,/industry/estate-agents,obsolete-advice,RC-01|RC-02|RC-05|RC-07,META_DESC|SCHEMA|FAQ|THIN|READABILITY,200,True,171,1,5454,True,"index, follow",BreadcrumbList|BusinessAudience|Country|ListItem|Organization|Service,51
204,/blog/ecommerce-ai-systems-guide,confirmed-3p-mutation,RC-01|RC-04|RC-06,META_DESC|H1_DUPLICATE|TITLE_TAG,200,True,136,1,11198,True,"index, follow",BlogPosting|BreadcrumbList|ImageObject|ListItem|Organization,48
205,/blog/build-a-prototype-instead,confirmed-runtime,RC-04|RC-07,H1_DUPLICATE|TLDR,200,True,151,1,11674,True,"index, follow",BlogPosting|BreadcrumbList|ImageObject|ListItem|Organization,46
206,/services,obsolete-advice,RC-02|RC-05,SCHEMA|FAQ,200,True,136,1,2811,True,"index, follow",BreadcrumbList|CollectionPage|ListItem,51
207,/industry/estate-agents,obsolete-advice,RC-02|RC-05,SCHEMA|FAQ,200,True,171,1,5454,True,"index, follow",BreadcrumbList|BusinessAudience|Country|ListItem|Organization|Service,51
208,/blog/ecommerce-ai-systems-guide,confirmed-3p-mutation,RC-01|RC-03|RC-04|RC-06|RC-07,META_DESC|H1_DUPLICATE|COOKIE_H1|TITLE_TAG|VALUEPROP,200,True,136,1,11198,True,"index, follow",BlogPosting|BreadcrumbList|ImageObject|ListItem|Organization,48
209,/blog/bespoke-app-development-guide,confirmed-runtime,RC-01|RC-02|RC-04|RC-05|RC-07,META_DESC|H1_DUPLICATE|SCHEMA|FAQ|TABLE|DATES,200,True,139,1,9209,True,"index, follow",BlogPosting|BreadcrumbList|ImageObject|ListItem|Organization,47
210,/services/app-development,recommendation-only,RC-01|RC-07,META_DESC|THIN|CITATION,200,True,167,1,4231,True,"index, follow",BreadcrumbList|BusinessAudience|Country|ListItem|Organization|Service,43
211,/blog/ai-trades-operating-system-websites-automation,confirmed-runtime,RC-01|RC-04|RC-07,META_DESC|H1_DUPLICATE|TLDR,200,True,159,1,9720,True,"index, follow",BlogPosting|BreadcrumbList|ImageObject|ListItem|Organization,49
212,/blog/build-a-prototype-instead,refuted-live,RC-02,SCHEMA|DATES,200,True,151,1,11674,True,"index, follow",BlogPosting|BreadcrumbList|ImageObject|ListItem|Organization,46
213,/blog/bespoke-app-development-guide,confirmed-runtime,RC-01|RC-04,META_DESC|H1_DUPLICATE,200,True,139,1,9209,True,"index, follow",BlogPosting|BreadcrumbList|ImageObject|ListItem|Organization,47
214,/services/app-development,refuted-live,RC-01,META_DESC,200,True,167,1,4231,True,"index, follow",BreadcrumbList|BusinessAudience|Country|ListItem|Organization|Service,43
215,/blog/ai-trades-operating-system-websites-automation,confirmed-runtime,RC-01|RC-04|RC-07,META_DESC|H1_DUPLICATE|THIN|CITATION,200,True,159,1,9720,True,"index, follow",BlogPosting|BreadcrumbList|ImageObject|ListItem|Organization,49
216,/blog/build-a-prototype-instead,obsolete-advice,RC-05|RC-07,FAQ|CITATION,200,True,151,1,11674,True,"index, follow",BlogPosting|BreadcrumbList|ImageObject|ListItem|Organization,46
217,/blog/bespoke-app-development-guide,refuted-live,RC-02,SCHEMA|DATES,200,True,139,1,9209,True,"index, follow",BlogPosting|BreadcrumbList|ImageObject|ListItem|Organization,47
218,/blog/ai-trades-operating-system-websites-automation,obsolete-advice,RC-02|RC-05,SCHEMA|FAQ,200,True,159,1,9720,True,"index, follow",BlogPosting|BreadcrumbList|ImageObject|ListItem|Organization,49
219,/blog/bespoke-app-development-guide,confirmed-3p-mutation,RC-01|RC-02|RC-04|RC-05|RC-06,META_DESC|H1_DUPLICATE|SCHEMA|FAQ|TITLE_TAG,200,True,139,1,9209,True,"index, follow",BlogPosting|BreadcrumbList|ImageObject|ListItem|Organization,47
220,/industry/physios-chiropractors,obsolete-advice,RC-01|RC-05|RC-07,META_DESC|FAQ|CITATION,200,True,148,1,5194,True,"index, follow",BreadcrumbList|BusinessAudience|Country|ListItem|Organization|Service,46
221,/services/app-development,refuted-live,RC-02,SCHEMA|DATES,200,True,167,1,4231,True,"index, follow",BreadcrumbList|BusinessAudience|Country|ListItem|Organization|Service,43
222,/blog/ai-trades-operating-system-websites-automation,refuted-live,RC-02,SCHEMA|DATES,200,True,159,1,9720,True,"index, follow",BlogPosting|BreadcrumbList|ImageObject|ListItem|Organization,49
223,/blog/fitness-coach-enquiry-automation,confirmed-runtime,RC-01|RC-03|RC-04|RC-07,META_DESC|H1_DUPLICATE|CITATION|COOKIE_H1,200,True,138,1,10033,True,"index, follow",BlogPosting|BreadcrumbList|ImageObject|ListItem|Organization,56
224,/industry/physios-chiropractors,obsolete-advice,RC-02|RC-05,SCHEMA|FAQ,200,True,148,1,5194,True,"index, follow",BreadcrumbList|BusinessAudience|Country|ListItem|Organization|Service,46
225,/blog/content-creation-framework,confirmed-runtime,RC-01|RC-03|RC-04|RC-07,META_DESC|H1_DUPLICATE|CITATION|COOKIE_H1|TLDR,200,True,143,1,11773,True,"index, follow",BlogPosting|BreadcrumbList|ImageObject|ListItem|Organization,50
226,/services/app-development,obsolete-advice,RC-02|RC-05,SCHEMA|FAQ,200,True,167,1,4231,True,"index, follow",BreadcrumbList|BusinessAudience|Country|ListItem|Organization|Service,43
227,/blog/fitness-coach-enquiry-automation,recommendation-only,RC-01|RC-07,META_DESC|CITATION,200,True,138,1,10033,True,"index, follow",BlogPosting|BreadcrumbList|ImageObject|ListItem|Organization,56
228,/industry/physios-chiropractors,obsolete-advice,RC-02|RC-05|RC-07,SCHEMA|FAQ|CITATION,200,True,148,1,5194,True,"index, follow",BreadcrumbList|BusinessAudience|Country|ListItem|Organization|Service,46
229,/blog/content-creation-framework,obsolete-advice,RC-01|RC-02|RC-05|RC-07,META_DESC|SCHEMA|FAQ|VALUEPROP,200,True,143,1,11773,True,"index, follow",BlogPosting|BreadcrumbList|ImageObject|ListItem|Organization,50
230,/blog/fitness-coach-enquiry-automation,refuted-live,RC-01|RC-02,META_DESC|SCHEMA|DATES,200,True,138,1,10033,True,"index, follow",BlogPosting|BreadcrumbList|ImageObject|ListItem|Organization,56
231,/industry/physios-chiropractors,obsolete-advice,RC-05|RC-07,FAQ|VALUEPROP,200,True,148,1,5194,True,"index, follow",BreadcrumbList|BusinessAudience|Country|ListItem|Organization|Service,46
232,/blog/fitness-coach-enquiry-automation,obsolete-advice,RC-02|RC-05,SCHEMA|FAQ,200,True,138,1,10033,True,"index, follow",BlogPosting|BreadcrumbList|ImageObject|ListItem|Organization,56
233,/blog/content-creation-framework,confirmed-runtime,RC-01|RC-04,META_DESC|H1_DUPLICATE,200,True,143,1,11773,True,"index, follow",BlogPosting|BreadcrumbList|ImageObject|ListItem|Organization,50
234,/blog/small-business-web-development,confirmed-runtime,RC-02|RC-03|RC-04,H1_DUPLICATE|SCHEMA|COOKIE_H1,200,True,157,1,11291,True,"index, follow",BlogPosting|BreadcrumbList|ImageObject|ListItem|Organization,48
235,/blog/hospitality-automation-smes-build-first,recommendation-only,RC-01|RC-07,META_DESC|CITATION|TLDR|VALUEPROP,200,True,163,1,11735,True,"index, follow",BlogPosting|BreadcrumbList|ImageObject|ListItem|Organization,55
236,/blog/content-creation-framework,confirmed-runtime,RC-02|RC-04,H1_DUPLICATE|SCHEMA|DATES,200,True,143,1,11773,True,"index, follow",BlogPosting|BreadcrumbList|ImageObject|ListItem|Organization,50
237,/blog/content-creation-system-should-build-not,refuted-live,RC-01,META_DESC,200,True,148,1,10711,True,"index, follow",BlogPosting|BreadcrumbList|ImageObject|ListItem|Organization,56
238,/blog/small-business-web-development,obsolete-advice,RC-01|RC-02|RC-05,META_DESC|SCHEMA|FAQ,200,True,157,1,11291,True,"index, follow",BlogPosting|BreadcrumbList|ImageObject|ListItem|Organization,48
239,/blog/hospitality-automation-smes-build-first,confirmed-runtime,RC-01|RC-02|RC-04|RC-05|RC-07,META_DESC|H1_DUPLICATE|SCHEMA|FAQ|VALUEPROP,200,True,163,1,11735,True,"index, follow",BlogPosting|BreadcrumbList|ImageObject|ListItem|Organization,55
240,/blog/content-creation-system-should-build-not,recommendation-only,RC-01|RC-07,META_DESC|CITATION,200,True,148,1,10711,True,"index, follow",BlogPosting|BreadcrumbList|ImageObject|ListItem|Organization,56
241,/blog/conversion-focused-website-planning,recommendation-only,RC-01|RC-07,META_DESC|CITATION|VALUEPROP,200,True,159,1,9819,True,"index, follow",BlogPosting|BreadcrumbList|ImageObject|ListItem|Organization,53
242,/blog/small-business-web-development,confirmed-runtime,RC-01|RC-03|RC-04|RC-07,META_DESC|H1_DUPLICATE|THIN|COOKIE_H1|VALUEPROP,200,True,157,1,11291,True,"index, follow",BlogPosting|BreadcrumbList|ImageObject|ListItem|Organization,48
243,/blog/hospitality-automation-smes-build-first,confirmed-runtime,RC-01|RC-04,META_DESC|H1_DUPLICATE,200,True,163,1,11735,True,"index, follow",BlogPosting|BreadcrumbList|ImageObject|ListItem|Organization,55
244,/blog/conversion-focused-website-planning,refuted-live,RC-02,SCHEMA|DATES,200,True,159,1,9819,True,"index, follow",BlogPosting|BreadcrumbList|ImageObject|ListItem|Organization,53
245,/services/ai-consulting,obsolete-advice,RC-01|RC-05|RC-07,META_DESC|FAQ|THIN|TLDR,200,True,150,1,4197,True,"index, follow",BreadcrumbList|BusinessAudience|Country|ListItem|Organization|Service,46
246,/blog/hospitality-automation-smes-build-first,confirmed-runtime,RC-02|RC-04,H1_DUPLICATE|SCHEMA|DATES,200,True,163,1,11735,True,"index, follow",BlogPosting|BreadcrumbList|ImageObject|ListItem|Organization,55
247,/blog/conversion-focused-website-planning,obsolete-advice,RC-01|RC-02|RC-05,SCHEMA|FAQ|THIN,200,True,159,1,9819,True,"index, follow",BlogPosting|BreadcrumbList|ImageObject|ListItem|Organization,53
248,/blog/content-creation-system-should-build-not,confirmed-runtime,RC-02|RC-04|RC-05,H1_DUPLICATE|SCHEMA|FAQ,200,True,148,1,10711,True,"index, follow",BlogPosting|BreadcrumbList|ImageObject|ListItem|Organization,56
249,/services/ai-consulting,recommendation-only,RC-02|RC-07,SCHEMA|CITATION|TABLE,200,True,150,1,4197,True,"index, follow",BreadcrumbList|BusinessAudience|Country|ListItem|Organization|Service,46
250,/book,obsolete-advice,RC-01|RC-05|RC-07,META_DESC|FAQ|THIN|CITATION,200,True,107,1,2578,True,"index, follow",BreadcrumbList|ListItem|WebPage,38
251,/blog/content-creation-system-should-build-not,refuted-live,RC-01|RC-02,SCHEMA|THIN|DATES,200,True,148,1,10711,True,"index, follow",BlogPosting|BreadcrumbList|ImageObject|ListItem|Organization,56
252,/blog/conversion-focused-website-planning,confirmed-3p-mutation,RC-01|RC-04|RC-06|RC-07,META_DESC|H1_DUPLICATE|THIN|CITATION|TITLE_TAG|VALUEPROP,200,True,159,1,9819,True,"index, follow",BlogPosting|BreadcrumbList|ImageObject|ListItem|Organization,53
253,/services/ai-consulting,refuted-live,RC-01|RC-02,META_DESC|SCHEMA,200,True,150,1,4197,True,"index, follow",BreadcrumbList|BusinessAudience|Country|ListItem|Organization|Service,46
254,/blog/salon-barber-ai-guide,confirmed-runtime,RC-01|RC-03|RC-04|RC-07,META_DESC|H1_DUPLICATE|READABILITY|CITATION|COOKIE_H1|TLDR|VALUEPROP,200,True,137,1,9931,True,"index, follow",BlogPosting|BreadcrumbList|ImageObject|ListItem|Organization,45
255,/blog/ai-receptionist-setup-guide,recommendation-only,RC-07,READABILITY|CITATION,200,True,145,1,11032,True,"index, follow",BlogPosting|BreadcrumbList|ImageObject|ListItem|Organization,49
256,/book,recommendation-only,RC-01|RC-02|RC-07,META_DESC|SCHEMA|CITATION|VALUEPROP,200,True,107,1,2578,True,"index, follow",BreadcrumbList|ListItem|WebPage,38
257,/services/ai-consulting,obsolete-advice,RC-01|RC-02|RC-05,META_DESC|SCHEMA|FAQ,200,True,150,1,4197,True,"index, follow",BreadcrumbList|BusinessAudience|Country|ListItem|Organization|Service,46
258,/blog/salon-barber-ai-guide,confirmed-runtime,RC-01|RC-04,META_DESC|H1_DUPLICATE,200,True,137,1,9931,True,"index, follow",BlogPosting|BreadcrumbList|ImageObject|ListItem|Organization,45
259,/blog/ai-receptionist-setup-guide,confirmed-runtime,RC-02|RC-04|RC-05,H1_DUPLICATE|SCHEMA|FAQ,200,True,145,1,11032,True,"index, follow",BlogPosting|BreadcrumbList|ImageObject|ListItem|Organization,49
260,/book,obsolete-advice,RC-01|RC-02|RC-05,META_DESC|SCHEMA|FAQ,200,True,107,1,2578,True,"index, follow",BreadcrumbList|ListItem|WebPage,38
261,/services/ai-automation,recommendation-only,RC-01|RC-07,META_DESC|TLDR|VALUEPROP,200,True,158,1,4107,True,"index, follow",BreadcrumbList|BusinessAudience|Country|ListItem|Organization|Service,51
262,/blog/salon-barber-ai-guide,obsolete-advice,RC-02|RC-05|RC-07,SCHEMA|FAQ|TLDR,200,True,137,1,9931,True,"index, follow",BlogPosting|BreadcrumbList|ImageObject|ListItem|Organization,45
263,/blog/ai-automation-consulting-guide,confirmed-runtime,RC-04|RC-07,H1_DUPLICATE|CITATION|TLDR,200,True,139,1,10910,True,"index, follow",BlogPosting|BreadcrumbList|ImageObject|ListItem|Organization,50
264,/blog/ai-receptionist-setup-guide,recommendation-only,RC-07,CITATION,200,True,145,1,11032,True,"index, follow",BlogPosting|BreadcrumbList|ImageObject|ListItem|Organization,49
265,/services/ai-automation,obsolete-advice,RC-01|RC-02|RC-05|RC-07,META_DESC|SCHEMA|FAQ|THIN|CITATION|TABLE|VALUEPROP,200,True,158,1,4107,True,"index, follow",BreadcrumbList|BusinessAudience|Country|ListItem|Organization|Service,51
266,/blog/ai-automation-consulting-guide,confirmed-runtime,RC-01|RC-03|RC-04,META_DESC|H1_DUPLICATE|COOKIE_H1,200,True,139,1,10910,True,"index, follow",BlogPosting|BreadcrumbList|ImageObject|ListItem|Organization,50
267,/blog/salon-barber-ai-guide,confirmed-runtime,RC-01|RC-02|RC-03|RC-04,META_DESC|H1_DUPLICATE|SCHEMA|DATES|COOKIE_H1,200,True,137,1,9931,True,"index, follow",BlogPosting|BreadcrumbList|ImageObject|ListItem|Organization,45
268,/blog/ai-receptionist-setup-guide,refuted-live,RC-02,SCHEMA|DATES,200,True,145,1,11032,True,"index, follow",BlogPosting|BreadcrumbList|ImageObject|ListItem|Organization,49
269,/services/ai-automation,refuted-live,RC-02,SCHEMA,200,True,158,1,4107,True,"index, follow",BreadcrumbList|BusinessAudience|Country|ListItem|Organization|Service,51
270,/pricing,recommendation-only,RC-01|RC-02|RC-07,META_DESC|SCHEMA|TABLE,200,True,117,1,3030,True,"index, follow",BreadcrumbList|ListItem|WebPage,34
271,/industry/salons-barbers,recommendation-only,RC-01|RC-07,META_DESC|TABLE,200,True,164,1,5422,True,"index, follow",BreadcrumbList|BusinessAudience|Country|ListItem|Organization|Service,60
272,/pricing,refuted-live,RC-01|RC-02,META_DESC|SCHEMA,200,True,117,1,3030,True,"index, follow",BreadcrumbList|ListItem|WebPage,34
273,/industry/salons-barbers,obsolete-advice,RC-02|RC-05,SCHEMA|FAQ,200,True,164,1,5422,True,"index, follow",BreadcrumbList|BusinessAudience|Country|ListItem|Organization|Service,60
274,/blog/ai-automation-consulting-guide,refuted-live,RC-02,SCHEMA|DATES,200,True,139,1,10910,True,"index, follow",BlogPosting|BreadcrumbList|ImageObject|ListItem|Organization,50
275,/industry/fitness-coaches,recommendation-only,RC-01|RC-02|RC-07,SCHEMA|THIN|CITATION,200,True,158,1,5073,True,"index, follow",BreadcrumbList|BusinessAudience|Country|ListItem|Organization|Service,54
276,/pricing,recommendation-only,RC-01|RC-07,META_DESC|VALUEPROP,200,True,117,1,3030,True,"index, follow",BreadcrumbList|ListItem|WebPage,34
277,/blog/ai-automation-consulting-guide,obsolete-advice,RC-02|RC-05,SCHEMA|FAQ,200,True,139,1,10910,True,"index, follow",BlogPosting|BreadcrumbList|ImageObject|ListItem|Organization,50
278,/industry/salons-barbers,obsolete-advice,RC-02|RC-05,SCHEMA|FAQ,200,True,164,1,5422,True,"index, follow",BreadcrumbList|BusinessAudience|Country|ListItem|Organization|Service,60
279,/pricing,recommendation-only,RC-01|RC-07,META_DESC|THIN|VALUEPROP,200,True,117,1,3030,True,"index, follow",BreadcrumbList|ListItem|WebPage,34
280,/industry/fitness-coaches,obsolete-advice,RC-01|RC-02|RC-05|RC-07,SCHEMA|FAQ|THIN|TABLE,200,True,158,1,5073,True,"index, follow",BreadcrumbList|BusinessAudience|Country|ListItem|Organization|Service,54
281,/blog/hospitality-automation-guide,confirmed-runtime,RC-04|RC-07,H1_DUPLICATE|CITATION|TLDR,200,True,137,1,10189,True,"index, follow",BlogPosting|BreadcrumbList|ImageObject|ListItem|Organization,46
282,/blog/hospitality-automation-guide,obsolete-advice,RC-02|RC-05,SCHEMA|FAQ,200,True,137,1,10189,True,"index, follow",BlogPosting|BreadcrumbList|ImageObject|ListItem|Organization,46
283,/industry/fitness-coaches,obsolete-advice,RC-01|RC-02|RC-05,META_DESC|SCHEMA|FAQ,200,True,158,1,5073,True,"index, follow",BreadcrumbList|BusinessAudience|Country|ListItem|Organization|Service,54
284,/blog/hospitality-automation-guide,confirmed-runtime,RC-01|RC-04|RC-07,META_DESC|H1_DUPLICATE|CITATION,200,True,137,1,10189,True,"index, follow",BlogPosting|BreadcrumbList|ImageObject|ListItem|Organization,46
285,/blog/ai-automation-consulting-smarter-operating-system,confirmed-runtime,RC-01|RC-03|RC-04|RC-07,META_DESC|H1_DUPLICATE|COOKIE_H1|VALUEPROP,200,True,133,1,11083,True,"index, follow",BlogPosting|BreadcrumbList|ImageObject|ListItem|Organization,59
286,/industry/fitness-coaches,obsolete-advice,RC-02|RC-05,SCHEMA|FAQ,200,True,158,1,5073,True,"index, follow",BreadcrumbList|BusinessAudience|Country|ListItem|Organization|Service,54
287,/blog,refuted-live,RC-01|RC-02,META_DESC|SCHEMA,200,True,106,1,16244,True,"index, follow",BreadcrumbList|CollectionPage|ListItem,48
288,/blog/hospitality-automation-guide,confirmed-runtime,RC-01|RC-02|RC-04|RC-07,META_DESC|H1_DUPLICATE|SCHEMA|DATES|VALUEPROP,200,True,137,1,10189,True,"index, follow",BlogPosting|BreadcrumbList|ImageObject|ListItem|Organization,46
289,/blog/ai-automation-consulting-smarter-operating-system,confirmed-runtime,RC-02|RC-03|RC-04,H1_DUPLICATE|SCHEMA|DATES|COOKIE_H1,200,True,133,1,11083,True,"index, follow",BlogPosting|BreadcrumbList|ImageObject|ListItem|Organization,59
290,/services/content-creation,recommendation-only,RC-01|RC-07,META_DESC|TLDR,200,True,155,1,4200,True,"index, follow",BreadcrumbList|BusinessAudience|Country|ListItem|Organization|Service,52
291,/blog/physio-chiropractic-ai-guide,confirmed-runtime,RC-01|RC-03|RC-04,META_DESC|H1_DUPLICATE|COOKIE_H1,200,True,138,1,14012,True,"index, follow",BlogPosting|BreadcrumbList|ImageObject|ListItem|Organization,39
292,/blog/ai-automation-consulting-smarter-operating-system,obsolete-advice,RC-02|RC-05|RC-07,SCHEMA|FAQ|CITATION,200,True,133,1,11083,True,"index, follow",BlogPosting|BreadcrumbList|ImageObject|ListItem|Organization,59
293,/blog/physio-chiropractic-ai-guide,confirmed-3p-mutation,RC-02|RC-03|RC-04|RC-06|RC-07,H1_DUPLICATE|SCHEMA|CITATION|DATES|COOKIE_H1|TITLE_TAG,200,True,138,1,14012,True,"index, follow",BlogPosting|BreadcrumbList|ImageObject|ListItem|Organization,39
294,/services/content-creation,obsolete-advice,RC-02|RC-05|RC-07,SCHEMA|FAQ|TABLE,200,True,155,1,4200,True,"index, follow",BreadcrumbList|BusinessAudience|Country|ListItem|Organization|Service,52
295,/blog/ai-voice-agent-buyers-guide,recommendation-only,RC-01|RC-07,META_DESC|THIN|CITATION,200,True,149,1,11197,True,"index, follow",BlogPosting|BreadcrumbList|ImageObject|ListItem|Organization,46
296,/services/content-creation,refuted-live,RC-02,SCHEMA,200,True,155,1,4200,True,"index, follow",BreadcrumbList|BusinessAudience|Country|ListItem|Organization|Service,52
297,/blog,obsolete-advice,RC-01|RC-02|RC-05,SCHEMA|FAQ|THIN,200,True,106,1,16244,True,"index, follow",BreadcrumbList|CollectionPage|ListItem,48
298,/blog/ai-voice-agent-buyers-guide,confirmed-runtime,RC-01|RC-02|RC-04|RC-05,META_DESC|H1_DUPLICATE|SCHEMA|FAQ,200,True,149,1,11197,True,"index, follow",BlogPosting|BreadcrumbList|ImageObject|ListItem|Organization,46
299,/blog/physio-chiropractic-ai-guide,recommendation-only,RC-01|RC-07,THIN|VALUEPROP,200,True,138,1,14012,True,"index, follow",BlogPosting|BreadcrumbList|ImageObject|ListItem|Organization,39
300,/services/content-creation,obsolete-advice,RC-05,FAQ,200,True,155,1,4200,True,"index, follow",BreadcrumbList|BusinessAudience|Country|ListItem|Organization|Service,52
301,/blog/gym-automation-operating-model,confirmed-runtime,RC-01|RC-03|RC-04,META_DESC|H1_DUPLICATE|COOKIE_H1,200,True,154,1,11331,True,"index, follow",BlogPosting|BreadcrumbList|ImageObject|ListItem|Organization,57
302,/blog/workflow-automation-selection-guide,confirmed-runtime,RC-01|RC-03|RC-04|RC-07,META_DESC|H1_DUPLICATE|CITATION|COOKIE_H1|TLDR,200,True,145,1,12649,True,"index, follow",BlogPosting|BreadcrumbList|ImageObject|ListItem|Organization,54
303,/industry/gyms-fitness-studios,obsolete-advice,RC-02|RC-05|RC-07,SCHEMA|FAQ|TABLE,200,True,160,1,5447,True,"index, follow",BreadcrumbList|BusinessAudience|Country|ListItem|Organization|Service,49
304,/blog/ai-voice-agent-buyers-guide,refuted-live,RC-02,SCHEMA|DATES,200,True,149,1,11197,True,"index, follow",BlogPosting|BreadcrumbList|ImageObject|ListItem|Organization,46
305,/blog/gym-automation-operating-model,confirmed-runtime,RC-01|RC-04|RC-07,META_DESC|H1_DUPLICATE|THIN|CITATION,200,True,154,1,11331,True,"index, follow",BlogPosting|BreadcrumbList|ImageObject|ListItem|Organization,57
306,/blog/workflow-automation-selection-guide,recommendation-only,RC-01|RC-07,THIN|CITATION,200,True,145,1,12649,True,"index, follow",BlogPosting|BreadcrumbList|ImageObject|ListItem|Organization,54
307,/blog/ai-voice-agent-buyers-guide,confirmed-runtime,RC-01|RC-04|RC-07,META_DESC|H1_DUPLICATE|THIN|VALUEPROP,200,True,149,1,11197,True,"index, follow",BlogPosting|BreadcrumbList|ImageObject|ListItem|Organization,46
308,/industry/gyms-fitness-studios,recommendation-only,RC-07,CITATION,200,True,160,1,5447,True,"index, follow",BreadcrumbList|BusinessAudience|Country|ListItem|Organization|Service,49
309,/blog/gym-automation-operating-model,refuted-live,RC-02,SCHEMA|DATES,200,True,154,1,11331,True,"index, follow",BlogPosting|BreadcrumbList|ImageObject|ListItem|Organization,57
310,/blog/workflow-automation-selection-guide,refuted-live,RC-02,SCHEMA|DATES,200,True,145,1,12649,True,"index, follow",BlogPosting|BreadcrumbList|ImageObject|ListItem|Organization,54
311,/industry/dentists,obsolete-advice,RC-01|RC-02|RC-05|RC-07,META_DESC|SCHEMA|FAQ|TABLE|VALUEPROP,200,True,170,1,5234,True,"index, follow",BreadcrumbList|BusinessAudience|Country|ListItem|Organization|Service,46
312,/industry/gyms-fitness-studios,obsolete-advice,RC-01|RC-02|RC-05,META_DESC|SCHEMA|FAQ,200,True,160,1,5447,True,"index, follow",BreadcrumbList|BusinessAudience|Country|ListItem|Organization|Service,49
313,/blog/gym-automation-operating-model,obsolete-advice,RC-02|RC-05|RC-07,SCHEMA|FAQ|CITATION,200,True,154,1,11331,True,"index, follow",BlogPosting|BreadcrumbList|ImageObject|ListItem|Organization,57
314,/blog/workflow-automation-selection-guide,obsolete-advice,RC-02|RC-05,SCHEMA|FAQ,200,True,145,1,12649,True,"index, follow",BlogPosting|BreadcrumbList|ImageObject|ListItem|Organization,54
315,/industry/dentists,confirmed-3p-mutation,RC-01|RC-02|RC-05|RC-06|RC-07,META_DESC|SCHEMA|FAQ|CITATION|TITLE_TAG,200,True,170,1,5234,True,"index, follow",BreadcrumbList|BusinessAudience|Country|ListItem|Organization|Service,46
316,/industry/gyms-fitness-studios,obsolete-advice,RC-02|RC-05,SCHEMA|FAQ,200,True,160,1,5447,True,"index, follow",BreadcrumbList|BusinessAudience|Country|ListItem|Organization|Service,49
317,/services/ai-receptionists,confirmed-scanner,RC-01|RC-07|RC-08,THIN|TABLE|CONTRAST|VALUEPROP,200,True,152,1,6632,True,"index, follow",BreadcrumbList|BusinessAudience|Country|ListItem|Organization|Service,44
318,/about,confirmed-scanner,RC-02|RC-07|RC-08,SCHEMA|CITATION|TABLE|CONTRAST,200,True,144,1,2641,True,"index, follow",AboutPage|BreadcrumbList|ListItem,48
319,/industry/dentists,obsolete-advice,RC-01|RC-02|RC-05,META_DESC|SCHEMA|FAQ,200,True,170,1,5234,True,"index, follow",BreadcrumbList|BusinessAudience|Country|ListItem|Organization|Service,46
320,/blog/ai-estate-agents-systems-agencies,recommendation-only,RC-07,CITATION,200,True,150,1,10747,True,"index, follow",BlogPosting|BreadcrumbList|ImageObject|ListItem|Organization,52
321,/services/ai-receptionists,refuted-live,RC-01|RC-02,META_DESC|SCHEMA,200,True,152,1,6632,True,"index, follow",BreadcrumbList|BusinessAudience|Country|ListItem|Organization|Service,44
322,/blog/ai-estate-agents-systems-agencies,recommendation-only,RC-01|RC-07,THIN|CITATION,200,True,150,1,10747,True,"index, follow",BlogPosting|BreadcrumbList|ImageObject|ListItem|Organization,52
323,/industry/dentists,recommendation-only,RC-01|RC-07,THIN|VALUEPROP,200,True,170,1,5234,True,"index, follow",BreadcrumbList|BusinessAudience|Country|ListItem|Organization|Service,46
324,/blog/ai-estate-agents-systems-agencies,confirmed-runtime,RC-02|RC-04|RC-05|RC-07,H1_DUPLICATE|SCHEMA|FAQ|TABLE,200,True,150,1,10747,True,"index, follow",BlogPosting|BreadcrumbList|ImageObject|ListItem|Organization,52
325,/blog/automate-no-show-follow-up,confirmed-runtime,RC-01|RC-03|RC-04|RC-07,META_DESC|H1_DUPLICATE|THIN|COOKIE_H1|TLDR|VALUEPROP,200,True,144,1,12904,True,"index, follow",BlogPosting|BreadcrumbList|ImageObject|ListItem|Organization,45
326,/about,recommendation-only,RC-01|RC-02|RC-07,META_DESC|SCHEMA|TLDR|VALUEPROP,200,True,144,1,2641,True,"index, follow",AboutPage|BreadcrumbList|ListItem,48
327,/services/ai-receptionists,recommendation-only,RC-01|RC-07,THIN|VALUEPROP,200,True,152,1,6632,True,"index, follow",BreadcrumbList|BusinessAudience|Country|ListItem|Organization|Service,44
328,/blog/ai-estate-agents-systems-agencies,refuted-live,RC-02,SCHEMA|DATES,200,True,150,1,10747,True,"index, follow",BlogPosting|BreadcrumbList|ImageObject|ListItem|Organization,52
329,/about,obsolete-advice,RC-02|RC-05|RC-07,SCHEMA|FAQ|READABILITY,200,True,144,1,2641,True,"index, follow",AboutPage|BreadcrumbList|ListItem,48
330,/blog/automate-no-show-follow-up,recommendation-only,RC-01|RC-07,META_DESC|CITATION|VALUEPROP,200,True,144,1,12904,True,"index, follow",BlogPosting|BreadcrumbList|ImageObject|ListItem|Organization,45
331,/industry/ecommerce,recommendation-only,RC-02|RC-07,SCHEMA|CITATION|TABLE,200,True,163,1,5478,True,"index, follow",BreadcrumbList|BusinessAudience|Country|ListItem|Organization|Service,47
332,/blog/ai-voice-agent-development,recommendation-only,RC-07,CITATION|TABLE,200,True,136,1,13695,True,"index, follow",BlogPosting|BreadcrumbList|ImageObject|ListItem|Organization,44
333,/blog/automate-no-show-follow-up,refuted-live,RC-02,SCHEMA|DATES,200,True,144,1,12904,True,"index, follow",BlogPosting|BreadcrumbList|ImageObject|ListItem|Organization,45
334,/about,recommendation-only,RC-01|RC-07,META_DESC|THIN|VALUEPROP,200,True,144,1,2641,True,"index, follow",AboutPage|BreadcrumbList|ListItem,48
335,/industry/ecommerce,obsolete-advice,RC-02|RC-05,SCHEMA|FAQ,200,True,163,1,5478,True,"index, follow",BreadcrumbList|BusinessAudience|Country|ListItem|Organization|Service,47
336,/blog/ai-voice-agent-development,confirmed-runtime,RC-02|RC-04,H1_DUPLICATE|SCHEMA|DATES,200,True,136,1,13695,True,"index, follow",BlogPosting|BreadcrumbList|ImageObject|ListItem|Organization,44
337,/blog/automate-no-show-follow-up,confirmed-runtime,RC-01|RC-02|RC-04|RC-05,META_DESC|H1_DUPLICATE|SCHEMA|FAQ,200,True,144,1,12904,True,"index, follow",BlogPosting|BreadcrumbList|ImageObject|ListItem|Organization,45
338,/blog/ai-voice-agent-out-of-hours,confirmed-3p-mutation,RC-01|RC-04|RC-06|RC-07,META_DESC|H1_DUPLICATE|THIN|CITATION|TITLE_TAG|VALUEPROP,200,True,144,1,13746,True,"index, follow",BlogPosting|BreadcrumbList|ImageObject|ListItem|Organization,47
339,/industry/ecommerce,obsolete-advice,RC-02|RC-05,SCHEMA|FAQ,200,True,163,1,5478,True,"index, follow",BreadcrumbList|BusinessAudience|Country|ListItem|Organization|Service,47
340,/blog/ai-voice-agent-development,confirmed-runtime,RC-01|RC-02|RC-04|RC-05,META_DESC|H1_DUPLICATE|SCHEMA|FAQ,200,True,136,1,13695,True,"index, follow",BlogPosting|BreadcrumbList|ImageObject|ListItem|Organization,44
341,/blog/ai-voice-agent-out-of-hours,refuted-live,RC-01|RC-02,META_DESC|SCHEMA|DATES,200,True,144,1,13746,True,"index, follow",BlogPosting|BreadcrumbList|ImageObject|ListItem|Organization,47
342,/blog/ai-receptionist-small-business-guide,recommendation-only,RC-01|RC-02|RC-07,META_DESC|SCHEMA|TLDR,200,True,138,1,11989,True,"index, follow",BlogPosting|BreadcrumbList|ImageObject|ListItem|Organization,56
343,/blog/ai-voice-agent-development,recommendation-only,RC-01|RC-07,THIN|VALUEPROP,200,True,136,1,13695,True,"index, follow",BlogPosting|BreadcrumbList|ImageObject|ListItem|Organization,44
344,/blog/small-business-ai-automation,confirmed-runtime,RC-01|RC-04|RC-07,META_DESC|H1_DUPLICATE|THIN|CITATION|VALUEPROP,200,True,155,1,10897,True,"index, follow",BlogPosting|BreadcrumbList|ImageObject|ListItem|Organization,54
345,/blog/ai-voice-agent-out-of-hours,obsolete-advice,RC-02|RC-05,SCHEMA|FAQ,200,True,144,1,13746,True,"index, follow",BlogPosting|BreadcrumbList|ImageObject|ListItem|Organization,47
346,/blog/ai-receptionist-small-business-guide,obsolete-advice,RC-02|RC-05,SCHEMA|FAQ,200,True,138,1,11989,True,"index, follow",BlogPosting|BreadcrumbList|ImageObject|ListItem|Organization,56
347,/blog/trades-websites-ai-automation,recommendation-only,RC-01|RC-07,META_DESC|CITATION|VALUEPROP,200,True,151,1,11405,True,"index, follow",BlogPosting|BreadcrumbList|ImageObject|ListItem|Organization,52
348,/blog/small-business-ai-automation,confirmed-3p-mutation,RC-02|RC-03|RC-04|RC-06,H1_DUPLICATE|SCHEMA|DATES|COOKIE_H1|TITLE_TAG,200,True,155,1,10897,True,"index, follow",BlogPosting|BreadcrumbList|ImageObject|ListItem|Organization,54
349,/blog/ai-voice-agent-out-of-hours,recommendation-only,RC-01|RC-07,THIN|VALUEPROP,200,True,144,1,13746,True,"index, follow",BlogPosting|BreadcrumbList|ImageObject|ListItem|Organization,47
350,/blog/trades-websites-ai-automation,confirmed-runtime,RC-01|RC-04|RC-07,META_DESC|H1_DUPLICATE|THIN|CITATION,200,True,151,1,11405,True,"index, follow",BlogPosting|BreadcrumbList|ImageObject|ListItem|Organization,52
351,/blog/small-business-ai-automation,obsolete-advice,RC-01|RC-02|RC-05|RC-07,SCHEMA|FAQ|THIN|READABILITY,200,True,155,1,10897,True,"index, follow",BlogPosting|BreadcrumbList|ImageObject|ListItem|Organization,54
352,/blog/trades-websites-ai-automation,obsolete-advice,RC-02|RC-05,SCHEMA|FAQ,200,True,151,1,11405,True,"index, follow",BlogPosting|BreadcrumbList|ImageObject|ListItem|Organization,52
353,/blog/how-dental-practices-should-run,confirmed-runtime,RC-01|RC-04|RC-07,META_DESC|H1_DUPLICATE|THIN|CITATION,200,True,138,1,12485,True,"index, follow",BlogPosting|BreadcrumbList|ImageObject|ListItem|Organization,41
354,/blog/ai-receptionist-small-business-guide,confirmed-runtime,RC-01|RC-04|RC-07,META_DESC|H1_DUPLICATE|READABILITY,200,True,138,1,11989,True,"index, follow",BlogPosting|BreadcrumbList|ImageObject|ListItem|Organization,56
355,/blog/trades-websites-ai-automation,refuted-live,RC-02,SCHEMA|DATES,200,True,151,1,11405,True,"index, follow",BlogPosting|BreadcrumbList|ImageObject|ListItem|Organization,52
356,/blog/how-dental-practices-should-run,confirmed-runtime,RC-02|RC-03|RC-04,H1_DUPLICATE|SCHEMA|DATES|COOKIE_H1,200,True,138,1,12485,True,"index, follow",BlogPosting|BreadcrumbList|ImageObject|ListItem|Organization,41
357,/blog/ai-receptionist-small-business-guide,confirmed-runtime,RC-01|RC-02|RC-04,META_DESC|H1_DUPLICATE|SCHEMA|DATES,200,True,138,1,11989,True,"index, follow",BlogPosting|BreadcrumbList|ImageObject|ListItem|Organization,56
358,/blog/homepage-first-redesigns-misdiagnose-conversion,recommendation-only,RC-01|RC-07,META_DESC|THIN|CITATION,200,True,141,1,9620,True,"index, follow",BlogPosting|BreadcrumbList|ImageObject|ListItem|Organization,51
359,/blog/dental-practice-automation-guide,confirmed-3p-mutation,RC-01|RC-04|RC-06|RC-07,META_DESC|H1_DUPLICATE|CITATION|TITLE_TAG|TLDR,200,True,152,1,11338,True,"index, follow",BlogPosting|BreadcrumbList|ImageObject|ListItem|Organization,61
360,/blog/how-dental-practices-should-run,obsolete-advice,RC-05,FAQ,200,True,138,1,12485,True,"index, follow",BlogPosting|BreadcrumbList|ImageObject|ListItem|Organization,41
361,/,obsolete-advice,RC-02|RC-05|RC-07,SCHEMA|FAQ|VALUEPROP,200,True,132,1,10679,True,"index, follow",BreadcrumbList|ImageObject|ListItem|Organization|PostalAddress|WebPage|WebSite,64
362,/blog/homepage-first-redesigns-misdiagnose-conversion,confirmed-3p-mutation,RC-01|RC-02|RC-04|RC-06,META_DESC|H1_DUPLICATE|SCHEMA|DATES|TITLE_TAG,200,True,141,1,9620,True,"index, follow",BlogPosting|BreadcrumbList|ImageObject|ListItem|Organization,51
363,/blog/dental-practice-automation-guide,confirmed-runtime,RC-01|RC-03|RC-04,META_DESC|H1_DUPLICATE|COOKIE_H1,200,True,152,1,11338,True,"index, follow",BlogPosting|BreadcrumbList|ImageObject|ListItem|Organization,61
364,/blog/ecommerce-brands-websites-apps-ai-systems,recommendation-only,RC-01|RC-07,META_DESC|THIN|CITATION|TLDR|VALUEPROP,200,True,132,1,11401,True,"index, follow",BlogPosting|BreadcrumbList|ImageObject|ListItem|Organization,56
365,/,recommendation-only,RC-01|RC-02|RC-07,META_DESC|SCHEMA|THIN|TABLE|VALUEPROP,200,True,132,1,10679,True,"index, follow",BreadcrumbList|ImageObject|ListItem|Organization|PostalAddress|WebPage|WebSite,64
366,/blog/homepage-first-redesigns-misdiagnose-conversion,obsolete-advice,RC-02|RC-05,SCHEMA|FAQ,200,True,141,1,9620,True,"index, follow",BlogPosting|BreadcrumbList|ImageObject|ListItem|Organization,51
367,/blog/dental-practice-automation-guide,confirmed-runtime,RC-01|RC-02|RC-04|RC-05,META_DESC|H1_DUPLICATE|SCHEMA|FAQ,200,True,152,1,11338,True,"index, follow",BlogPosting|BreadcrumbList|ImageObject|ListItem|Organization,61
368,/blog/ecommerce-brands-websites-apps-ai-systems,recommendation-only,RC-01|RC-07,THIN|CITATION,200,True,132,1,11401,True,"index, follow",BlogPosting|BreadcrumbList|ImageObject|ListItem|Organization,56
369,/,refuted-live,RC-02,SCHEMA,200,True,132,1,10679,True,"index, follow",BreadcrumbList|ImageObject|ListItem|Organization|PostalAddress|WebPage|WebSite,64
370,/industry/trades,obsolete-advice,RC-01|RC-02|RC-05|RC-07,META_DESC|SCHEMA|FAQ|THIN|TABLE,200,True,157,1,5327,True,"index, follow",BreadcrumbList|BusinessAudience|Country|ListItem|Organization|Service,45
371,/blog/dental-practice-automation-guide,confirmed-runtime,RC-01|RC-02|RC-03|RC-04,META_DESC|H1_DUPLICATE|SCHEMA|DATES|COOKIE_H1,200,True,152,1,11338,True,"index, follow",BlogPosting|BreadcrumbList|ImageObject|ListItem|Organization,61
372,/blog/ecommerce-brands-websites-apps-ai-systems,confirmed-runtime,RC-01|RC-02|RC-03|RC-04|RC-05,META_DESC|H1_DUPLICATE|SCHEMA|FAQ|COOKIE_H1,200,True,132,1,11401,True,"index, follow",BlogPosting|BreadcrumbList|ImageObject|ListItem|Organization,56
373,/,obsolete-advice,RC-02|RC-05,SCHEMA|FAQ,200,True,132,1,10679,True,"index, follow",BreadcrumbList|ImageObject|ListItem|Organization|PostalAddress|WebPage|WebSite,64
374,/industry/hospitality,obsolete-advice,RC-01|RC-02|RC-05|RC-07,META_DESC|SCHEMA|FAQ|CITATION|TABLE|VALUEPROP,200,True,173,1,5332,True,"index, follow",BreadcrumbList|BusinessAudience|Country|ListItem|Organization|Service,53
375,/blog/ecommerce-brands-websites-apps-ai-systems,confirmed-runtime,RC-01|RC-02|RC-03|RC-04|RC-07,META_DESC|H1_DUPLICATE|SCHEMA|DATES|COOKIE_H1|VALUEPROP,200,True,132,1,11401,True,"index, follow",BlogPosting|BreadcrumbList|ImageObject|ListItem|Organization,56
376,/industry/trades,recommendation-only,RC-01|RC-07,META_DESC|CITATION,200,True,157,1,5327,True,"index, follow",BreadcrumbList|BusinessAudience|Country|ListItem|Organization|Service,45
377,/blog/ecommerce-ai-systems-guide,obsolete-advice,RC-01|RC-02|RC-05|RC-07,META_DESC|SCHEMA|FAQ|TLDR,200,True,136,1,11198,True,"index, follow",BlogPosting|BreadcrumbList|ImageObject|ListItem|Organization,48
378,/blog/estate-agent-automation-guide,confirmed-runtime,RC-02|RC-04,H1_DUPLICATE|SCHEMA|DATES,200,True,157,1,10270,True,"index, follow",BlogPosting|BreadcrumbList|ImageObject|ListItem|Organization,50
379,/industry/hospitality,recommendation-only,RC-07,CITATION,200,True,173,1,5332,True,"index, follow",BreadcrumbList|BusinessAudience|Country|ListItem|Organization|Service,53
380,/blog/ecommerce-ai-systems-guide,confirmed-runtime,RC-01|RC-04|RC-07,META_DESC|H1_DUPLICATE|VALUEPROP,200,True,136,1,11198,True,"index, follow",BlogPosting|BreadcrumbList|ImageObject|ListItem|Organization,48
381,/industry/hospitality,obsolete-advice,RC-01|RC-02|RC-05,META_DESC|SCHEMA|FAQ,200,True,173,1,5332,True,"index, follow",BreadcrumbList|BusinessAudience|Country|ListItem|Organization|Service,53
382,/blog/estate-agent-automation-guide,obsolete-advice,RC-02|RC-05|RC-07,SCHEMA|FAQ|TLDR,200,True,157,1,10270,True,"index, follow",BlogPosting|BreadcrumbList|ImageObject|ListItem|Organization,50
383,/industry/trades,obsolete-advice,RC-01|RC-02|RC-05,META_DESC|SCHEMA|FAQ,200,True,157,1,5327,True,"index, follow",BreadcrumbList|BusinessAudience|Country|ListItem|Organization|Service,45
384,/blog/ecommerce-ai-systems-guide,confirmed-runtime,RC-02|RC-04,H1_DUPLICATE|SCHEMA|DATES,200,True,136,1,11198,True,"index, follow",BlogPosting|BreadcrumbList|ImageObject|ListItem|Organization,48
385,/industry/trades,obsolete-advice,RC-01|RC-02|RC-05,SCHEMA|FAQ|THIN,200,True,157,1,5327,True,"index, follow",BreadcrumbList|BusinessAudience|Country|ListItem|Organization|Service,45
386,/blog/estate-agent-automation-guide,confirmed-runtime,RC-01|RC-03|RC-04|RC-07,META_DESC|H1_DUPLICATE|THIN|COOKIE_H1|VALUEPROP,200,True,157,1,10270,True,"index, follow",BlogPosting|BreadcrumbList|ImageObject|ListItem|Organization,50
387,/industry/hospitality,obsolete-advice,RC-02|RC-05|RC-07,SCHEMA|FAQ|CITATION|TABLE,200,True,173,1,5332,True,"index, follow",BreadcrumbList|BusinessAudience|Country|ListItem|Organization|Service,53
388,/blog/ecommerce-ai-systems-guide,obsolete-advice,RC-01|RC-05,META_DESC|FAQ,200,True,136,1,11198,True,"index, follow",BlogPosting|BreadcrumbList|ImageObject|ListItem|Organization,48
389,/how-we-work,recommendation-only,RC-01|RC-02|RC-07,META_DESC|SCHEMA|CITATION|TABLE,200,True,107,1,3579,True,"index, follow",BreadcrumbList|ListItem|WebPage,45
390,/services,recommendation-only,RC-01|RC-07,META_DESC|THIN|TLDR|VALUEPROP,200,True,136,1,2811,True,"index, follow",BreadcrumbList|CollectionPage|ListItem,51
391,/industry,recommendation-only,RC-01|RC-02|RC-07,META_DESC|SCHEMA|VALUEPROP,200,True,131,1,3827,True,"index, follow",BreadcrumbList|CollectionPage|ListItem,38
392,/services/web-design-development,recommendation-only,RC-01|RC-07,META_DESC|CITATION|VALUEPROP,200,True,169,1,5820,True,"index, follow",BreadcrumbList|BusinessAudience|Country|ListItem|Organization|Service,52
393,/industry,obsolete-advice,RC-05,FAQ,200,True,131,1,3827,True,"index, follow",BreadcrumbList|CollectionPage|ListItem,38
394,/services,recommendation-only,RC-02|RC-07,SCHEMA|CITATION|TABLE,200,True,136,1,2811,True,"index, follow",BreadcrumbList|CollectionPage|ListItem,51
395,/services/web-design-development,recommendation-only,RC-01|RC-07,META_DESC|TABLE,200,True,169,1,5820,True,"index, follow",BreadcrumbList|BusinessAudience|Country|ListItem|Organization|Service,52
396,/how-we-work,obsolete-advice,RC-01|RC-05|RC-07,META_DESC|FAQ|VALUEPROP,200,True,107,1,3579,True,"index, follow",BreadcrumbList|ListItem|WebPage,45
397,/industry,confirmed-runtime,RC-01|RC-04|RC-07,H1_DUPLICATE|THIN|TABLE|VALUEPROP,200,True,131,1,3827,True,"index, follow",BreadcrumbList|CollectionPage|ListItem,38
398,/services,refuted-live,RC-01|RC-02,META_DESC|SCHEMA,200,True,136,1,2811,True,"index, follow",BreadcrumbList|CollectionPage|ListItem,51
399,/services/web-design-development,confirmed-runtime,RC-02|RC-04,H1_DUPLICATE|SCHEMA,200,True,169,1,5820,True,"index, follow",BreadcrumbList|BusinessAudience|Country|ListItem|Organization|Service,52
400,/how-we-work,obsolete-advice,RC-01|RC-02|RC-05|RC-07,META_DESC|SCHEMA|FAQ|THIN|VALUEPROP,200,True,107,1,3579,True,"index, follow",BreadcrumbList|ListItem|WebPage,45
401,/services,obsolete-advice,RC-01|RC-02|RC-05,SCHEMA|FAQ|THIN,200,True,136,1,2811,True,"index, follow",BreadcrumbList|CollectionPage|ListItem,51
402,/services/web-design-development,obsolete-advice,RC-01|RC-02|RC-05,META_DESC|SCHEMA|FAQ,200,True,169,1,5820,True,"index, follow",BreadcrumbList|BusinessAudience|Country|ListItem|Organization|Service,52
403,/blog/small-business-app-development,recommendation-only,RC-01|RC-02|RC-07,SCHEMA|THIN|CITATION|TLDR,200,True,140,1,11615,True,"index, follow",BlogPosting|BreadcrumbList|ImageObject|ListItem|Organization,56
404,/blog/gym-membership-freeze-automation-myths,confirmed-runtime,RC-01|RC-04|RC-07,META_DESC|H1_DUPLICATE|VALUEPROP,200,True,136,1,12985,True,"index, follow",BlogPosting|BreadcrumbList|ImageObject|ListItem|Organization,39
405,/blog/small-business-app-development,recommendation-only,RC-01|RC-07,META_DESC|CITATION,200,True,140,1,11615,True,"index, follow",BlogPosting|BreadcrumbList|ImageObject|ListItem|Organization,56
406,/services/ai-voice-agents,recommendation-only,RC-01|RC-02|RC-07,META_DESC|SCHEMA|THIN|CITATION|TABLE,200,True,165,1,5217,True,"index, follow",BreadcrumbList|BusinessAudience|Country|ListItem|Organization|Service,46
407,/industry/estate-agents,recommendation-only,RC-07,CITATION,200,True,171,1,5454,True,"index, follow",BreadcrumbList|BusinessAudience|Country|ListItem|Organization|Service,51
408,/blog/small-business-app-development,confirmed-runtime,RC-01|RC-02|RC-04,META_DESC|H1_DUPLICATE|SCHEMA|DATES,200,True,140,1,11615,True,"index, follow",BlogPosting|BreadcrumbList|ImageObject|ListItem|Organization,56
409,/blog/gym-membership-freeze-automation-myths,refuted-live,RC-02,SCHEMA|DATES,200,True,136,1,12985,True,"index, follow",BlogPosting|BreadcrumbList|ImageObject|ListItem|Organization,39
410,/services/ai-voice-agents,refuted-live,RC-01|RC-02,META_DESC|SCHEMA|THIN,200,True,165,1,5217,True,"index, follow",BreadcrumbList|BusinessAudience|Country|ListItem|Organization|Service,46
411,/industry/estate-agents,recommendation-only,RC-02|RC-07,SCHEMA|CITATION|TABLE,200,True,171,1,5454,True,"index, follow",BreadcrumbList|BusinessAudience|Country|ListItem|Organization|Service,51
412,/blog/gym-membership-freeze-automation-myths,obsolete-advice,RC-02|RC-05,SCHEMA|FAQ,200,True,136,1,12985,True,"index, follow",BlogPosting|BreadcrumbList|ImageObject|ListItem|Organization,39
413,/blog/small-business-app-development,confirmed-3p-mutation,RC-03|RC-04|RC-05|RC-06,H1_DUPLICATE|FAQ|COOKIE_H1|TITLE_TAG,200,True,140,1,11615,True,"index, follow",BlogPosting|BreadcrumbList|ImageObject|ListItem|Organization,56
414,/services/ai-voice-agents,obsolete-advice,RC-02|RC-05,SCHEMA|FAQ,200,True,165,1,5217,True,"index, follow",BreadcrumbList|BusinessAudience|Country|ListItem|Organization|Service,46
415,/industry/estate-agents,obsolete-advice,RC-01|RC-02|RC-05|RC-07,META_DESC|SCHEMA|FAQ|VALUEPROP,200,True,171,1,5454,True,"index, follow",BreadcrumbList|BusinessAudience|Country|ListItem|Organization|Service,51
416,/blog/salon-automation-salons-barbers-first-should,confirmed-runtime,RC-01|RC-04|RC-07,META_DESC|H1_DUPLICATE|VALUEPROP,200,True,123,1,10391,True,"index, follow",BlogPosting|BreadcrumbList|ImageObject|ListItem|Organization,48
417,/services/ai-voice-agents,confirmed-runtime,RC-01|RC-04|RC-05,H1_DUPLICATE|FAQ|THIN,200,True,165,1,5217,True,"index, follow",BreadcrumbList|BusinessAudience|Country|ListItem|Organization|Service,46
418,/services/ai-voice-agents,recommendation-only,RC-01|RC-07,META_DESC|THIN|VALUEPROP,200,True,165,1,5217,True,"index, follow",BreadcrumbList|BusinessAudience|Country|ListItem|Organization|Service,46
419,/blog/salon-automation-salons-barbers-first-should,confirmed-runtime,RC-01|RC-02|RC-03|RC-04|RC-07,META_DESC|H1_DUPLICATE|SCHEMA|DATES|COOKIE_H1|VALUEPROP,200,True,123,1,10391,True,"index, follow",BlogPosting|BreadcrumbList|ImageObject|ListItem|Organization,48
420,/industry/estate-agents,obsolete-advice,RC-02|RC-05,SCHEMA|FAQ,200,True,171,1,5454,True,"index, follow",BreadcrumbList|BusinessAudience|Country|ListItem|Organization|Service,51
421,/blog/small-business-app-development,confirmed-3p-mutation,RC-01|RC-03|RC-04|RC-06,META_DESC|H1_DUPLICATE|HEADING_GENERIC|COOKIE_H1|TITLE_TAG,200,True,140,1,11615,True,"index, follow",BlogPosting|BreadcrumbList|ImageObject|ListItem|Organization,56
422,/services/ai-voice-agents,confirmed-runtime,RC-01|RC-04|RC-07,META_DESC|H1_DUPLICATE|THIN|VALUEPROP,200,True,165,1,5217,True,"index, follow",BreadcrumbList|BusinessAudience|Country|ListItem|Organization|Service,46
423,/blog/salon-automation-salons-barbers-first-should,obsolete-advice,RC-05|RC-07,FAQ|INTERNAL_LINK,200,True,123,1,10391,True,"index, follow",BlogPosting|BreadcrumbList|ImageObject|ListItem|Organization,48
424,/blog/workflow-automation-selection-guide,confirmed-runtime,RC-01|RC-04,META_DESC|H1_DUPLICATE,200,True,145,1,12649,True,"index, follow",BlogPosting|BreadcrumbList|ImageObject|ListItem|Organization,54
425,/blog/small-business-app-development,obsolete-advice,RC-02|RC-05,SCHEMA|FAQ,200,True,140,1,11615,True,"index, follow",BlogPosting|BreadcrumbList|ImageObject|ListItem|Organization,56
426,/services/ai-voice-agents,confirmed-runtime,RC-01|RC-04|RC-07,META_DESC|H1_DUPLICATE|THIN|VALUEPROP,200,True,165,1,5217,True,"index, follow",BreadcrumbList|BusinessAudience|Country|ListItem|Organization|Service,46
427,/blog/workflow-automation-selection-guide,confirmed-runtime,RC-01|RC-02|RC-04|RC-05,META_DESC|H1_DUPLICATE|SCHEMA|FAQ,200,True,145,1,12649,True,"index, follow",BlogPosting|BreadcrumbList|ImageObject|ListItem|Organization,54
428,/blog/trades-websites-ai-automation,confirmed-3p-mutation,RC-01|RC-04|RC-06|RC-07,META_DESC|H1_DUPLICATE|HEADING_GENERIC|TITLE_TAG|VALUEPROP,200,True,151,1,11405,True,"index, follow",BlogPosting|BreadcrumbList|ImageObject|ListItem|Organization,52
429,/blog/small-business-app-development,confirmed-3p-mutation,RC-01|RC-04|RC-06,META_DESC|H1_DUPLICATE|TITLE_TAG,200,True,140,1,11615,True,"index, follow",BlogPosting|BreadcrumbList|ImageObject|ListItem|Organization,56
430,/blog/workflow-automation-selection-guide,confirmed-3p-mutation,RC-01|RC-03|RC-04|RC-06,META_DESC|H1_DUPLICATE|COOKIE_H1|TITLE_TAG,200,True,145,1,12649,True,"index, follow",BlogPosting|BreadcrumbList|ImageObject|ListItem|Organization,54
431,/services/ai-voice-agents,confirmed-3p-mutation,RC-01|RC-06,META_DESC|THIN|TITLE_TAG,200,True,165,1,5217,True,"index, follow",BreadcrumbList|BusinessAudience|Country|ListItem|Organization|Service,46
432,/blog/small-business-app-development,confirmed-runtime,RC-01|RC-03|RC-04,META_DESC|H1_DUPLICATE|COOKIE_H1,200,True,140,1,11615,True,"index, follow",BlogPosting|BreadcrumbList|ImageObject|ListItem|Organization,56
433,/blog/workflow-automation-selection-guide,confirmed-runtime,RC-03|RC-04,H1_DUPLICATE|COOKIE_H1,200,True,145,1,12649,True,"index, follow",BlogPosting|BreadcrumbList|ImageObject|ListItem|Organization,54
434,/blog/salon-automation-salons-barbers-first-should,confirmed-runtime,RC-01|RC-04|RC-07,META_DESC|H1_DUPLICATE|READABILITY,200,True,123,1,10391,True,"index, follow",BlogPosting|BreadcrumbList|ImageObject|ListItem|Organization,48
435,/blog/small-business-web-development,recommendation-only,RC-01|RC-07,META_DESC|READABILITY|VALUEPROP,200,True,157,1,11291,True,"index, follow",BlogPosting|BreadcrumbList|ImageObject|ListItem|Organization,48
436,/blog/hospitality-automation-smes-build-first,confirmed-runtime,RC-01|RC-03|RC-04,META_DESC|H1_DUPLICATE|HEADING_GENERIC|COOKIE_H1,200,True,163,1,11735,True,"index, follow",BlogPosting|BreadcrumbList|ImageObject|ListItem|Organization,55
437,/blog/trades-websites-ai-automation,refuted-live,RC-01,META_DESC,200,True,151,1,11405,True,"index, follow",BlogPosting|BreadcrumbList|ImageObject|ListItem|Organization,52
438,/blog/salon-automation-salons-barbers-first-should,confirmed-runtime,RC-01|RC-03|RC-04|RC-05,H1_DUPLICATE|FAQ|THIN|COOKIE_H1,200,True,123,1,10391,True,"index, follow",BlogPosting|BreadcrumbList|ImageObject|ListItem|Organization,48
439,/blog/small-business-web-development,obsolete-advice,RC-02|RC-05|RC-07,SCHEMA|FAQ|CITATION,200,True,157,1,11291,True,"index, follow",BlogPosting|BreadcrumbList|ImageObject|ListItem|Organization,48
440,/blog/hospitality-automation-smes-build-first,confirmed-runtime,RC-01|RC-04|RC-07,META_DESC|H1_DUPLICATE|VALUEPROP,200,True,163,1,11735,True,"index, follow",BlogPosting|BreadcrumbList|ImageObject|ListItem|Organization,55
441,/blog/trades-websites-ai-automation,confirmed-3p-mutation,RC-01|RC-03|RC-04|RC-06,META_DESC|H1_DUPLICATE|COOKIE_H1|TITLE_TAG,200,True,151,1,11405,True,"index, follow",BlogPosting|BreadcrumbList|ImageObject|ListItem|Organization,52
442,/blog/small-business-web-development,confirmed-3p-mutation,RC-01|RC-03|RC-04|RC-06,META_DESC|H1_DUPLICATE|HEADING_GENERIC|COOKIE_H1|TITLE_TAG,200,True,157,1,11291,True,"index, follow",BlogPosting|BreadcrumbList|ImageObject|ListItem|Organization,48
443,/blog/hospitality-automation-smes-build-first,confirmed-runtime,RC-01|RC-04|RC-07,META_DESC|H1_DUPLICATE|VALUEPROP,200,True,163,1,11735,True,"index, follow",BlogPosting|BreadcrumbList|ImageObject|ListItem|Organization,55
444,/blog/salon-automation-salons-barbers-first-should,refuted-live,RC-01,META_DESC,200,True,123,1,10391,True,"index, follow",BlogPosting|BreadcrumbList|ImageObject|ListItem|Organization,48
445,/blog/gym-membership-freeze-automation-myths,confirmed-runtime,RC-01|RC-04|RC-07,META_DESC|H1_DUPLICATE|READABILITY,200,True,136,1,12985,True,"index, follow",BlogPosting|BreadcrumbList|ImageObject|ListItem|Organization,39
446,/blog/small-business-web-development,confirmed-3p-mutation,RC-04|RC-06,H1_DUPLICATE|TITLE_TAG,200,True,157,1,11291,True,"index, follow",BlogPosting|BreadcrumbList|ImageObject|ListItem|Organization,48
447,/blog/salon-automation-salons-barbers-first-should,confirmed-3p-mutation,RC-01|RC-04|RC-06,META_DESC|H1_DUPLICATE|TITLE_TAG,200,True,123,1,10391,True,"index, follow",BlogPosting|BreadcrumbList|ImageObject|ListItem|Organization,48
448,/blog/hospitality-automation-smes-build-first,confirmed-runtime,RC-01|RC-03|RC-04,META_DESC|H1_DUPLICATE|COOKIE_H1,200,True,163,1,11735,True,"index, follow",BlogPosting|BreadcrumbList|ImageObject|ListItem|Organization,55
449,/blog/gym-automation-operating-model,confirmed-runtime,RC-01|RC-04|RC-07,META_DESC|H1_DUPLICATE|VALUEPROP,200,True,154,1,11331,True,"index, follow",BlogPosting|BreadcrumbList|ImageObject|ListItem|Organization,57
450,/blog/gym-membership-freeze-automation-myths,obsolete-advice,RC-01|RC-02|RC-05,SCHEMA|FAQ|THIN,200,True,136,1,12985,True,"index, follow",BlogPosting|BreadcrumbList|ImageObject|ListItem|Organization,39
451,/blog/content-creation-system-should-build-not,confirmed-runtime,RC-01|RC-04|RC-07,META_DESC|H1_DUPLICATE|READABILITY,200,True,148,1,10711,True,"index, follow",BlogPosting|BreadcrumbList|ImageObject|ListItem|Organization,56
452,/blog/conversion-focused-website-planning,obsolete-advice,RC-01|RC-02|RC-05,META_DESC|SCHEMA|FAQ,200,True,159,1,9819,True,"index, follow",BlogPosting|BreadcrumbList|ImageObject|ListItem|Organization,53
453,/blog/gym-automation-operating-model,obsolete-advice,RC-02|RC-05,SCHEMA|FAQ,200,True,154,1,11331,True,"index, follow",BlogPosting|BreadcrumbList|ImageObject|ListItem|Organization,57
454,/blog/gym-membership-freeze-automation-myths,refuted-live,RC-01,META_DESC,200,True,136,1,12985,True,"index, follow",BlogPosting|BreadcrumbList|ImageObject|ListItem|Organization,39
455,/blog/content-creation-system-should-build-not,confirmed-runtime,RC-01|RC-04|RC-07,META_DESC|H1_DUPLICATE|THIN|VALUEPROP,200,True,148,1,10711,True,"index, follow",BlogPosting|BreadcrumbList|ImageObject|ListItem|Organization,56
456,/blog/gym-automation-operating-model,confirmed-runtime,RC-01|RC-04|RC-07,META_DESC|H1_DUPLICATE|VALUEPROP,200,True,154,1,11331,True,"index, follow",BlogPosting|BreadcrumbList|ImageObject|ListItem|Organization,57
457,/blog/gym-membership-freeze-automation-myths,confirmed-runtime,RC-01|RC-04,META_DESC|H1_DUPLICATE,200,True,136,1,12985,True,"index, follow",BlogPosting|BreadcrumbList|ImageObject|ListItem|Organization,39
458,/blog/gym-automation-operating-model,confirmed-runtime,RC-01|RC-03|RC-04,META_DESC|H1_DUPLICATE|COOKIE_H1,200,True,154,1,11331,True,"index, follow",BlogPosting|BreadcrumbList|ImageObject|ListItem|Organization,57
459,/blog/content-creation-system-should-build-not,confirmed-runtime,RC-01|RC-03|RC-04|RC-07,META_DESC|H1_DUPLICATE|COOKIE_H1|VALUEPROP,200,True,148,1,10711,True,"index, follow",BlogPosting|BreadcrumbList|ImageObject|ListItem|Organization,56
460,/blog/bespoke-app-development-guide,confirmed-runtime,RC-01|RC-02|RC-04|RC-05|RC-07,META_DESC|H1_DUPLICATE|SCHEMA|FAQ|CITATION,200,True,139,1,9209,True,"index, follow",BlogPosting|BreadcrumbList|ImageObject|ListItem|Organization,47
461,/blog/ai-voice-agent-out-of-hours,confirmed-3p-mutation,RC-01|RC-03|RC-04|RC-06,META_DESC|H1_DUPLICATE|COOKIE_H1|TITLE_TAG,200,True,144,1,13746,True,"index, follow",BlogPosting|BreadcrumbList|ImageObject|ListItem|Organization,47
462,/blog/content-creation-system-should-build-not,confirmed-runtime,RC-03|RC-04,H1_DUPLICATE|COOKIE_H1,200,True,148,1,10711,True,"index, follow",BlogPosting|BreadcrumbList|ImageObject|ListItem|Organization,56
463,/blog/conversion-focused-website-planning,confirmed-runtime,RC-01|RC-04,META_DESC|H1_DUPLICATE,200,True,159,1,9819,True,"index, follow",BlogPosting|BreadcrumbList|ImageObject|ListItem|Organization,53
464,/blog/bespoke-app-development-guide,confirmed-3p-mutation,RC-01|RC-03|RC-04|RC-06,META_DESC|H1_DUPLICATE|COOKIE_H1|TITLE_TAG,200,True,139,1,9209,True,"index, follow",BlogPosting|BreadcrumbList|ImageObject|ListItem|Organization,47
465,/blog/ai-voice-agent-out-of-hours,obsolete-advice,RC-02|RC-05,SCHEMA|FAQ,200,True,144,1,13746,True,"index, follow",BlogPosting|BreadcrumbList|ImageObject|ListItem|Organization,47
466,/blog/conversion-focused-website-planning,confirmed-3p-mutation,RC-01|RC-03|RC-04|RC-06,META_DESC|H1_DUPLICATE|COOKIE_H1|TITLE_TAG,200,True,159,1,9819,True,"index, follow",BlogPosting|BreadcrumbList|ImageObject|ListItem|Organization,53
467,/blog/bespoke-app-development-guide,confirmed-runtime,RC-01|RC-04,META_DESC|H1_DUPLICATE,200,True,139,1,9209,True,"index, follow",BlogPosting|BreadcrumbList|ImageObject|ListItem|Organization,47
468,/blog/ai-voice-agent-development,confirmed-3p-mutation,RC-01|RC-03|RC-04|RC-06,META_DESC|H1_DUPLICATE|COOKIE_H1|TITLE_TAG,200,True,136,1,13695,True,"index, follow",BlogPosting|BreadcrumbList|ImageObject|ListItem|Organization,44
469,/blog/ai-voice-agent-out-of-hours,confirmed-runtime,RC-01|RC-02|RC-03|RC-04|RC-07,META_DESC|H1_DUPLICATE|SCHEMA|COOKIE_H1|VALUEPROP,200,True,144,1,13746,True,"index, follow",BlogPosting|BreadcrumbList|ImageObject|ListItem|Organization,47
470,/blog/ai-trades-operating-system-websites-automation,recommendation-only,RC-01|RC-07,THIN|READABILITY,200,True,159,1,9720,True,"index, follow",BlogPosting|BreadcrumbList|ImageObject|ListItem|Organization,49
471,/blog/bespoke-app-development-guide,confirmed-runtime,RC-01|RC-02|RC-04,META_DESC|H1_DUPLICATE|SCHEMA,200,True,139,1,9209,True,"index, follow",BlogPosting|BreadcrumbList|ImageObject|ListItem|Organization,47
472,/blog/ai-voice-agent-development,confirmed-runtime,RC-01|RC-02|RC-03|RC-04|RC-05|RC-07,META_DESC|H1_DUPLICATE|SCHEMA|FAQ|COOKIE_H1|VALUEPROP,200,True,136,1,13695,True,"index, follow",BlogPosting|BreadcrumbList|ImageObject|ListItem|Organization,44
473,/blog/ai-voice-agent-out-of-hours,confirmed-runtime,RC-01|RC-03|RC-04|RC-07,META_DESC|H1_DUPLICATE|COOKIE_H1|VALUEPROP,200,True,144,1,13746,True,"index, follow",BlogPosting|BreadcrumbList|ImageObject|ListItem|Organization,47
474,/blog/ai-trades-operating-system-websites-automation,obsolete-advice,RC-01|RC-05,FAQ|THIN,200,True,159,1,9720,True,"index, follow",BlogPosting|BreadcrumbList|ImageObject|ListItem|Organization,49
475,/blog/ai-receptionist-small-business-guide,confirmed-runtime,RC-04,H1_DUPLICATE|HEADING_GENERIC,200,True,138,1,11989,True,"index, follow",BlogPosting|BreadcrumbList|ImageObject|ListItem|Organization,56
476,/blog/ai-automation-consulting-smarter-operating-system,obsolete-advice,RC-02|RC-05,SCHEMA|FAQ,200,True,133,1,11083,True,"index, follow",BlogPosting|BreadcrumbList|ImageObject|ListItem|Organization,59
477,/blog/ai-voice-agent-development,confirmed-3p-mutation,RC-01|RC-04|RC-06,META_DESC|H1_DUPLICATE|TITLE_TAG,200,True,136,1,13695,True,"index, follow",BlogPosting|BreadcrumbList|ImageObject|ListItem|Organization,44
478,/blog/ai-receptionist-small-business-guide,confirmed-runtime,RC-01|RC-02|RC-03|RC-04|RC-05,META_DESC|H1_DUPLICATE|SCHEMA|FAQ|COOKIE_H1,200,True,138,1,11989,True,"index, follow",BlogPosting|BreadcrumbList|ImageObject|ListItem|Organization,56
479,/blog/ai-trades-operating-system-websites-automation,confirmed-runtime,RC-01|RC-04|RC-07,META_DESC|H1_DUPLICATE|VALUEPROP,200,True,159,1,9720,True,"index, follow",BlogPosting|BreadcrumbList|ImageObject|ListItem|Organization,49
480,/blog/ai-voice-agent-development,confirmed-3p-mutation,RC-01|RC-02|RC-03|RC-04|RC-06,META_DESC|H1_DUPLICATE|SCHEMA|COOKIE_H1|TITLE_TAG,200,True,136,1,13695,True,"index, follow",BlogPosting|BreadcrumbList|ImageObject|ListItem|Organization,44
481,/blog/ai-automation-consulting-smarter-operating-system,confirmed-runtime,RC-01|RC-04,META_DESC|H1_DUPLICATE|THIN,200,True,133,1,11083,True,"index, follow",BlogPosting|BreadcrumbList|ImageObject|ListItem|Organization,59
482,/blog/ai-receptionist-small-business-guide,confirmed-runtime,RC-01|RC-04,META_DESC|H1_DUPLICATE,200,True,138,1,11989,True,"index, follow",BlogPosting|BreadcrumbList|ImageObject|ListItem|Organization,56
483,/blog/ai-trades-operating-system-websites-automation,confirmed-runtime,RC-01|RC-03|RC-04,META_DESC|H1_DUPLICATE|COOKIE_H1,200,True,159,1,9720,True,"index, follow",BlogPosting|BreadcrumbList|ImageObject|ListItem|Organization,49
484,/blog/ai-receptionist-small-business-guide,confirmed-runtime,RC-01|RC-03|RC-04,META_DESC|H1_DUPLICATE|COOKIE_H1,200,True,138,1,11989,True,"index, follow",BlogPosting|BreadcrumbList|ImageObject|ListItem|Organization,56
485,/blog/ai-automation-consulting-smarter-operating-system,confirmed-runtime,RC-01|RC-04|RC-07,META_DESC|H1_DUPLICATE|VALUEPROP,200,True,133,1,11083,True,"index, follow",BlogPosting|BreadcrumbList|ImageObject|ListItem|Organization,59
486,/services/content-creation,confirmed-runtime,RC-01|RC-02|RC-04|RC-05|RC-07,META_DESC|H1_DUPLICATE|SCHEMA|FAQ|THIN|INTERNAL_LINK,200,True,155,1,4200,True,"index, follow",BreadcrumbList|BusinessAudience|Country|ListItem|Organization|Service,52
487,/services/app-development,refuted-live,RC-01,THIN,200,True,167,1,4231,True,"index, follow",BreadcrumbList|BusinessAudience|Country|ListItem|Organization|Service,43
488,/blog/ai-receptionist-setup-guide,confirmed-runtime,RC-04,H1_DUPLICATE|HEADING_GENERIC,200,True,145,1,11032,True,"index, follow",BlogPosting|BreadcrumbList|ImageObject|ListItem|Organization,49
489,/blog/ai-automation-consulting-smarter-operating-system,confirmed-runtime,RC-03|RC-04,H1_DUPLICATE|COOKIE_H1,200,True,133,1,11083,True,"index, follow",BlogPosting|BreadcrumbList|ImageObject|ListItem|Organization,59
490,/services/app-development,refuted-live,RC-01,META_DESC,200,True,167,1,4231,True,"index, follow",BreadcrumbList|BusinessAudience|Country|ListItem|Organization|Service,43
491,/blog/ai-receptionist-setup-guide,confirmed-3p-mutation,RC-01|RC-04|RC-06|RC-07,META_DESC|H1_DUPLICATE|READABILITY|TITLE_TAG,200,True,145,1,11032,True,"index, follow",BlogPosting|BreadcrumbList|ImageObject|ListItem|Organization,49
492,/services/content-creation,refuted-live,RC-01,META_DESC,200,True,155,1,4200,True,"index, follow",BreadcrumbList|BusinessAudience|Country|ListItem|Organization|Service,52
493,/services/app-development,recommendation-only,RC-01|RC-07,META_DESC|THIN|VALUEPROP,200,True,167,1,4231,True,"index, follow",BreadcrumbList|BusinessAudience|Country|ListItem|Organization|Service,43
494,/services/content-creation,recommendation-only,RC-01|RC-07,THIN|VALUEPROP,200,True,155,1,4200,True,"index, follow",BreadcrumbList|BusinessAudience|Country|ListItem|Organization|Service,52
495,/blog/ai-receptionist-setup-guide,confirmed-runtime,RC-01|RC-04,META_DESC|H1_DUPLICATE,200,True,145,1,11032,True,"index, follow",BlogPosting|BreadcrumbList|ImageObject|ListItem|Organization,49
496,/services/content-creation,confirmed-runtime,RC-01|RC-04,META_DESC|H1_DUPLICATE|THIN,200,True,155,1,4200,True,"index, follow",BreadcrumbList|BusinessAudience|Country|ListItem|Organization|Service,52
497,/services/app-development,confirmed-3p-mutation,RC-01|RC-04|RC-06,META_DESC|H1_DUPLICATE|TITLE_TAG,200,True,167,1,4231,True,"index, follow",BreadcrumbList|BusinessAudience|Country|ListItem|Organization|Service,43
498,/blog/ai-receptionist-setup-guide,confirmed-3p-mutation,RC-01|RC-04|RC-06,META_DESC|H1_DUPLICATE|TITLE_TAG,200,True,145,1,11032,True,"index, follow",BlogPosting|BreadcrumbList|ImageObject|ListItem|Organization,49
499,/industry/physios-chiropractors,obsolete-advice,RC-01|RC-05|RC-07,META_DESC|FAQ|THIN|CITATION|IMAGE_ALT,200,True,148,1,5194,True,"index, follow",BreadcrumbList|BusinessAudience|Country|ListItem|Organization|Service,46
500,/services/ai-consulting,confirmed-runtime,RC-01|RC-04|RC-05,META_DESC|H1_DUPLICATE|FAQ|THIN,200,True,150,1,4197,True,"index, follow",BreadcrumbList|BusinessAudience|Country|ListItem|Organization|Service,46
501,/blog/ai-receptionist-setup-guide,exact-duplicate,RC-01|RC-04|RC-06|RC-07,META_DESC|H1_DUPLICATE|READABILITY|TITLE_TAG,200,True,145,1,11032,True,"index, follow",BlogPosting|BreadcrumbList|ImageObject|ListItem|Organization,49
502,/services/content-creation,exact-duplicate,RC-01,META_DESC,200,True,155,1,4200,True,"index, follow",BreadcrumbList|BusinessAudience|Country|ListItem|Organization|Service,52
503,/services/app-development,exact-duplicate,RC-01|RC-07,META_DESC|THIN|VALUEPROP,200,True,167,1,4231,True,"index, follow",BreadcrumbList|BusinessAudience|Country|ListItem|Organization|Service,43
504,/services/content-creation,exact-duplicate,RC-01|RC-07,THIN|VALUEPROP,200,True,155,1,4200,True,"index, follow",BreadcrumbList|BusinessAudience|Country|ListItem|Organization|Service,52
505,/blog/ai-receptionist-setup-guide,exact-duplicate,RC-01|RC-04,META_DESC|H1_DUPLICATE,200,True,145,1,11032,True,"index, follow",BlogPosting|BreadcrumbList|ImageObject|ListItem|Organization,49
506,/services/content-creation,exact-duplicate,RC-01|RC-04,META_DESC|H1_DUPLICATE|THIN,200,True,155,1,4200,True,"index, follow",BreadcrumbList|BusinessAudience|Country|ListItem|Organization|Service,52
507,/services/app-development,exact-duplicate,RC-01|RC-04|RC-06,META_DESC|H1_DUPLICATE|TITLE_TAG,200,True,167,1,4231,True,"index, follow",BreadcrumbList|BusinessAudience|Country|ListItem|Organization|Service,43
508,/blog/ai-receptionist-setup-guide,exact-duplicate,RC-01|RC-04|RC-06,META_DESC|H1_DUPLICATE|TITLE_TAG,200,True,145,1,11032,True,"index, follow",BlogPosting|BreadcrumbList|ImageObject|ListItem|Organization,49
509,/industry/physios-chiropractors,exact-duplicate,RC-01|RC-05|RC-07,META_DESC|FAQ|THIN|CITATION|IMAGE_ALT,200,True,148,1,5194,True,"index, follow",BreadcrumbList|BusinessAudience|Country|ListItem|Organization|Service,46
510,/services/ai-consulting,exact-duplicate,RC-01|RC-04|RC-05,META_DESC|H1_DUPLICATE|FAQ|THIN,200,True,150,1,4197,True,"index, follow",BreadcrumbList|BusinessAudience|Country|ListItem|Organization|Service,46
511,/services/ai-automation,refuted-live,RC-01,THIN,200,True,158,1,4107,True,"index, follow",BreadcrumbList|BusinessAudience|Country|ListItem|Organization|Service,51
512,/services/ai-consulting,refuted-live,RC-01,META_DESC,200,True,150,1,4197,True,"index, follow",BreadcrumbList|BusinessAudience|Country|ListItem|Organization|Service,46
513,/services/ai-automation,refuted-live,RC-01,META_DESC,200,True,158,1,4107,True,"index, follow",BreadcrumbList|BusinessAudience|Country|ListItem|Organization|Service,51
514,/industry/physios-chiropractors,refuted-live,RC-01,META_DESC,200,True,148,1,5194,True,"index, follow",BreadcrumbList|BusinessAudience|Country|ListItem|Organization|Service,46
515,/services/ai-consulting,confirmed-runtime,RC-01|RC-04|RC-07,META_DESC|H1_DUPLICATE|THIN|VALUEPROP,200,True,150,1,4197,True,"index, follow",BreadcrumbList|BusinessAudience|Country|ListItem|Organization|Service,46
516,/industry/trades,recommendation-only,RC-01|RC-07,META_DESC|VALUEPROP,200,True,157,1,5327,True,"index, follow",BreadcrumbList|BusinessAudience|Country|ListItem|Organization|Service,45
517,/services/ai-automation,recommendation-only,RC-01|RC-07,META_DESC|THIN|VALUEPROP,200,True,158,1,4107,True,"index, follow",BreadcrumbList|BusinessAudience|Country|ListItem|Organization|Service,51
518,/industry/physios-chiropractors,confirmed-runtime,RC-01|RC-04,META_DESC|H1_DUPLICATE,200,True,148,1,5194,True,"index, follow",BreadcrumbList|BusinessAudience|Country|ListItem|Organization|Service,46
519,/industry/trades,obsolete-advice,RC-01|RC-02|RC-05|RC-07,META_DESC|SCHEMA|FAQ|VALUEPROP,200,True,157,1,5327,True,"index, follow",BreadcrumbList|BusinessAudience|Country|ListItem|Organization|Service,45
520,/services/ai-consulting,confirmed-3p-mutation,RC-04|RC-06|RC-07,H1_DUPLICATE|TITLE_TAG|VALUEPROP,200,True,150,1,4197,True,"index, follow",BreadcrumbList|BusinessAudience|Country|ListItem|Organization|Service,46
521,/services/ai-automation,confirmed-runtime,RC-01|RC-04,META_DESC|H1_DUPLICATE,200,True,158,1,4107,True,"index, follow",BreadcrumbList|BusinessAudience|Country|ListItem|Organization|Service,51
522,/industry/physios-chiropractors,confirmed-3p-mutation,RC-01|RC-04|RC-06|RC-07,META_DESC|H1_DUPLICATE|TITLE_TAG|VALUEPROP,200,True,148,1,5194,True,"index, follow",BreadcrumbList|BusinessAudience|Country|ListItem|Organization|Service,46
523,/industry/trades,confirmed-runtime,RC-01|RC-04|RC-07,H1_DUPLICATE|THIN|TABLE|VALUEPROP,200,True,157,1,5327,True,"index, follow",BreadcrumbList|BusinessAudience|Country|ListItem|Organization|Service,45
524,/industry/hospitality,obsolete-advice,RC-01|RC-02|RC-05|RC-07,SCHEMA|FAQ|THIN|TABLE,200,True,173,1,5332,True,"index, follow",BreadcrumbList|BusinessAudience|Country|ListItem|Organization|Service,53
525,/industry/fitness-coaches,obsolete-advice,RC-01|RC-05,FAQ|THIN,200,True,158,1,5073,True,"index, follow",BreadcrumbList|BusinessAudience|Country|ListItem|Organization|Service,54
526,/industry/ecommerce,obsolete-advice,RC-01|RC-05|RC-07,META_DESC|FAQ|THIN|VALUEPROP,200,True,163,1,5478,True,"index, follow",BreadcrumbList|BusinessAudience|Country|ListItem|Organization|Service,47
527,/industry/hospitality,obsolete-advice,RC-01|RC-05|RC-07,META_DESC|FAQ|THIN|VALUEPROP,200,True,173,1,5332,True,"index, follow",BreadcrumbList|BusinessAudience|Country|ListItem|Organization|Service,53
528,/book,obsolete-advice,RC-01|RC-05,META_DESC|FAQ|THIN,200,True,107,1,2578,True,"index, follow",BreadcrumbList|ListItem|WebPage,38
529,/industry/fitness-coaches,obsolete-advice,RC-01|RC-05,META_DESC|FAQ|THIN,200,True,158,1,5073,True,"index, follow",BreadcrumbList|BusinessAudience|Country|ListItem|Organization|Service,54
530,/industry/hospitality,confirmed-runtime,RC-01|RC-04,META_DESC|H1_DUPLICATE,200,True,173,1,5332,True,"index, follow",BreadcrumbList|BusinessAudience|Country|ListItem|Organization|Service,53
531,/industry/ecommerce,recommendation-only,RC-01|RC-07,META_DESC|VALUEPROP,200,True,163,1,5478,True,"index, follow",BreadcrumbList|BusinessAudience|Country|ListItem|Organization|Service,47
532,/industry/fitness-coaches,recommendation-only,RC-01|RC-07,META_DESC|THIN|VALUEPROP,200,True,158,1,5073,True,"index, follow",BreadcrumbList|BusinessAudience|Country|ListItem|Organization|Service,54
533,/industry/hospitality,confirmed-3p-mutation,RC-01|RC-04|RC-06,META_DESC|H1_DUPLICATE|TITLE_TAG,200,True,173,1,5332,True,"index, follow",BreadcrumbList|BusinessAudience|Country|ListItem|Organization|Service,53
534,/book,refuted-live,RC-01,META_DESC,200,True,107,1,2578,True,"index, follow",BreadcrumbList|ListItem|WebPage,38
535,/industry/ecommerce,recommendation-only,RC-01|RC-07,META_DESC|THIN|VALUEPROP,200,True,163,1,5478,True,"index, follow",BreadcrumbList|BusinessAudience|Country|ListItem|Organization|Service,47
536,/industry/fitness-coaches,confirmed-3p-mutation,RC-01|RC-02|RC-04|RC-05|RC-06|RC-07,META_DESC|H1_DUPLICATE|SCHEMA|FAQ|TITLE_TAG|VALUEPROP,200,True,158,1,5073,True,"index, follow",BreadcrumbList|BusinessAudience|Country|ListItem|Organization|Service,54
537,/book,recommendation-only,RC-01|RC-07,META_DESC|THIN|VALUEPROP,200,True,107,1,2578,True,"index, follow",BreadcrumbList|ListItem|WebPage,38
538,/industry/ecommerce,confirmed-3p-mutation,RC-02|RC-05|RC-06|RC-07,SCHEMA|FAQ|TITLE_TAG|VALUEPROP,200,True,163,1,5478,True,"index, follow",BreadcrumbList|BusinessAudience|Country|ListItem|Organization|Service,47
539,/book,confirmed-runtime,RC-04,H1_DUPLICATE,200,True,107,1,2578,True,"index, follow",BreadcrumbList|ListItem|WebPage,38
540,/blog/salon-barber-ai-guide,confirmed-runtime,RC-01|RC-03|RC-04|RC-07,META_DESC|H1_DUPLICATE|THIN|READABILITY|COOKIE_H1,200,True,137,1,9931,True,"index, follow",BlogPosting|BreadcrumbList|ImageObject|ListItem|Organization,45
541,/blog,confirmed-runtime,RC-01|RC-04,META_DESC|H1_DUPLICATE|HEADING_GENERIC,200,True,106,1,16244,True,"index, follow",BreadcrumbList|CollectionPage|ListItem,48
542,/about,refuted-live,RC-01,THIN,200,True,144,1,2641,True,"index, follow",AboutPage|BreadcrumbList|ListItem,48
543,/blog,recommendation-only,RC-01|RC-07,META_DESC|THIN|READABILITY,200,True,106,1,16244,True,"index, follow",BreadcrumbList|CollectionPage|ListItem,48
544,/how-we-work,recommendation-only,RC-01|RC-07,META_DESC|THIN|VALUEPROP,200,True,107,1,3579,True,"index, follow",BreadcrumbList|ListItem|WebPage,45
545,/blog/salon-barber-ai-guide,confirmed-runtime,RC-01|RC-04|RC-07,META_DESC|H1_DUPLICATE|THIN|TABLE,200,True,137,1,9931,True,"index, follow",BlogPosting|BreadcrumbList|ImageObject|ListItem|Organization,45
546,/about,recommendation-only,RC-01|RC-07,META_DESC|VALUEPROP,200,True,144,1,2641,True,"index, follow",AboutPage|BreadcrumbList|ListItem,48
547,/how-we-work,refuted-live,RC-01,META_DESC,200,True,107,1,3579,True,"index, follow",BreadcrumbList|ListItem|WebPage,45
548,/blog,confirmed-runtime,RC-01|RC-04,META_DESC|H1_DUPLICATE,200,True,106,1,16244,True,"index, follow",BreadcrumbList|CollectionPage|ListItem,48
549,/blog/salon-barber-ai-guide,confirmed-runtime,RC-01|RC-03|RC-04,META_DESC|H1_DUPLICATE|COOKIE_H1,200,True,137,1,9931,True,"index, follow",BlogPosting|BreadcrumbList|ImageObject|ListItem|Organization,45
550,/about,recommendation-only,RC-01|RC-07,THIN|VALUEPROP,200,True,144,1,2641,True,"index, follow",AboutPage|BreadcrumbList|ListItem,48
551,/how-we-work,refuted-live,RC-01,META_DESC,200,True,107,1,3579,True,"index, follow",BreadcrumbList|ListItem|WebPage,45
552,/blog,confirmed-3p-mutation,RC-01|RC-04|RC-06,META_DESC|H1_DUPLICATE|THIN|TITLE_TAG,200,True,106,1,16244,True,"index, follow",BreadcrumbList|CollectionPage|ListItem,48
553,/blog/salon-barber-ai-guide,confirmed-runtime,RC-01|RC-03|RC-04,META_DESC|H1_DUPLICATE|COOKIE_H1,200,True,137,1,9931,True,"index, follow",BlogPosting|BreadcrumbList|ImageObject|ListItem|Organization,45
554,/about,confirmed-3p-mutation,RC-01|RC-04|RC-06,H1_DUPLICATE|THIN|TITLE_TAG,200,True,144,1,2641,True,"index, follow",AboutPage|BreadcrumbList|ListItem,48
555,/how-we-work,confirmed-runtime,RC-04,H1_DUPLICATE,200,True,107,1,3579,True,"index, follow",BreadcrumbList|ListItem|WebPage,45
556,/industry/salons-barbers,obsolete-advice,RC-01|RC-02|RC-05,SCHEMA|FAQ|THIN,200,True,164,1,5422,True,"index, follow",BreadcrumbList|BusinessAudience|Country|ListItem|Organization|Service,60
557,/blog/hospitality-automation-guide,confirmed-runtime,RC-01|RC-03|RC-04,META_DESC|H1_DUPLICATE|COOKIE_H1,200,True,137,1,10189,True,"index, follow",BlogPosting|BreadcrumbList|ImageObject|ListItem|Organization,46
558,/pricing,recommendation-only,RC-01|RC-07,THIN|TABLE,200,True,117,1,3030,True,"index, follow",BreadcrumbList|ListItem|WebPage,34
559,/blog/ai-automation-consulting-guide,obsolete-advice,RC-02|RC-05,SCHEMA|FAQ,200,True,139,1,10910,True,"index, follow",BlogPosting|BreadcrumbList|ImageObject|ListItem|Organization,50
560,/industry/salons-barbers,recommendation-only,RC-01|RC-07,META_DESC|VALUEPROP,200,True,164,1,5422,True,"index, follow",BreadcrumbList|BusinessAudience|Country|ListItem|Organization|Service,60
561,/blog/hospitality-automation-guide,obsolete-advice,RC-01|RC-05|RC-07,FAQ|THIN|TABLE,200,True,137,1,10189,True,"index, follow",BlogPosting|BreadcrumbList|ImageObject|ListItem|Organization,46
562,/pricing,refuted-live,RC-01,META_DESC,200,True,117,1,3030,True,"index, follow",BreadcrumbList|ListItem|WebPage,34
563,/blog/ai-automation-consulting-guide,confirmed-runtime,RC-01|RC-04,META_DESC|H1_DUPLICATE|THIN,200,True,139,1,10910,True,"index, follow",BlogPosting|BreadcrumbList|ImageObject|ListItem|Organization,50
564,/industry/salons-barbers,recommendation-only,RC-01|RC-07,META_DESC|THIN|VALUEPROP,200,True,164,1,5422,True,"index, follow",BreadcrumbList|BusinessAudience|Country|ListItem|Organization|Service,60
565,/pricing,confirmed-runtime,RC-01|RC-04|RC-07,META_DESC|H1_DUPLICATE|THIN|VALUEPROP,200,True,117,1,3030,True,"index, follow",BreadcrumbList|ListItem|WebPage,34
566,/blog/ai-automation-consulting-guide,recommendation-only,RC-01|RC-07,META_DESC|VALUEPROP,200,True,139,1,10910,True,"index, follow",BlogPosting|BreadcrumbList|ImageObject|ListItem|Organization,50
567,/industry/salons-barbers,recommendation-only,RC-07,VALUEPROP,200,True,164,1,5422,True,"index, follow",BreadcrumbList|BusinessAudience|Country|ListItem|Organization|Service,60
568,/blog/ai-automation-consulting-guide,confirmed-runtime,RC-03|RC-04,H1_DUPLICATE|COOKIE_H1,200,True,139,1,10910,True,"index, follow",BlogPosting|BreadcrumbList|ImageObject|ListItem|Organization,50
569,/pricing,confirmed-runtime,RC-01|RC-04|RC-07,META_DESC|H1_DUPLICATE|VALUEPROP,200,True,117,1,3030,True,"index, follow",BreadcrumbList|ListItem|WebPage,34
570,/industry/gyms-fitness-studios,obsolete-advice,RC-01|RC-05|RC-07,FAQ|THIN|TABLE,200,True,160,1,5447,True,"index, follow",BreadcrumbList|BusinessAudience|Country|ListItem|Organization|Service,49
571,/blog/ai-voice-agent-buyers-guide,confirmed-3p-mutation,RC-03|RC-04|RC-06,H1_DUPLICATE|COOKIE_H1|TITLE_TAG,200,True,149,1,11197,True,"index, follow",BlogPosting|BreadcrumbList|ImageObject|ListItem|Organization,46
572,/blog/small-business-ai-automation,obsolete-advice,RC-01|RC-02|RC-05|RC-07,META_DESC|SCHEMA|FAQ|CITATION|VALUEPROP,200,True,155,1,10897,True,"index, follow",BlogPosting|BreadcrumbList|ImageObject|ListItem|Organization,54
573,/blog/hospitality-automation-guide,confirmed-3p-mutation,RC-01|RC-03|RC-04|RC-06,META_DESC|H1_DUPLICATE|COOKIE_H1|TITLE_TAG,200,True,137,1,10189,True,"index, follow",BlogPosting|BreadcrumbList|ImageObject|ListItem|Organization,46
574,/blog/ai-voice-agent-buyers-guide,confirmed-3p-mutation,RC-01|RC-03|RC-04|RC-06,META_DESC|H1_DUPLICATE|COOKIE_H1|TITLE_TAG,200,True,149,1,11197,True,"index, follow",BlogPosting|BreadcrumbList|ImageObject|ListItem|Organization,46
575,/blog/hospitality-automation-guide,confirmed-runtime,RC-01|RC-03|RC-04|RC-07,META_DESC|H1_DUPLICATE|COOKIE_H1|VALUEPROP,200,True,137,1,10189,True,"index, follow",BlogPosting|BreadcrumbList|ImageObject|ListItem|Organization,46
576,/blog/ai-voice-agent-buyers-guide,confirmed-runtime,RC-01|RC-04,META_DESC|H1_DUPLICATE,200,True,149,1,11197,True,"index, follow",BlogPosting|BreadcrumbList|ImageObject|ListItem|Organization,46
577,/industry/gyms-fitness-studios,refuted-live,RC-01,META_DESC,200,True,160,1,5447,True,"index, follow",BreadcrumbList|BusinessAudience|Country|ListItem|Organization|Service,49
578,/blog/small-business-ai-automation,confirmed-runtime,RC-01|RC-03|RC-04,META_DESC|H1_DUPLICATE|COOKIE_H1,200,True,155,1,10897,True,"index, follow",BlogPosting|BreadcrumbList|ImageObject|ListItem|Organization,54
579,/industry/dentists,obsolete-advice,RC-01|RC-05,FAQ|THIN,200,True,170,1,5234,True,"index, follow",BreadcrumbList|BusinessAudience|Country|ListItem|Organization|Service,46
580,/blog/ai-voice-agent-buyers-guide,confirmed-runtime,RC-01|RC-04,META_DESC|H1_DUPLICATE,200,True,149,1,11197,True,"index, follow",BlogPosting|BreadcrumbList|ImageObject|ListItem|Organization,46
581,/industry/gyms-fitness-studios,confirmed-runtime,RC-01|RC-04|RC-07,META_DESC|H1_DUPLICATE|THIN|VALUEPROP,200,True,160,1,5447,True,"index, follow",BreadcrumbList|BusinessAudience|Country|ListItem|Organization|Service,49
582,/blog/small-business-ai-automation,confirmed-runtime,RC-01|RC-04,META_DESC|H1_DUPLICATE,200,True,155,1,10897,True,"index, follow",BlogPosting|BreadcrumbList|ImageObject|ListItem|Organization,54
583,/,recommendation-only,RC-01|RC-07,THIN|VALUEPROP,200,True,132,1,10679,True,"index, follow",BreadcrumbList|ImageObject|ListItem|Organization|PostalAddress|WebPage|WebSite,64
584,/blog/small-business-ai-automation,confirmed-3p-mutation,RC-01|RC-03|RC-04|RC-06,META_DESC|H1_DUPLICATE|THIN|COOKIE_H1|TITLE_TAG,200,True,155,1,10897,True,"index, follow",BlogPosting|BreadcrumbList|ImageObject|ListItem|Organization,54
585,/industry/gyms-fitness-studios,confirmed-runtime,RC-04|RC-05|RC-07,H1_DUPLICATE|FAQ|VALUEPROP,200,True,160,1,5447,True,"index, follow",BreadcrumbList|BusinessAudience|Country|ListItem|Organization|Service,49
586,/,recommendation-only,RC-01|RC-07,META_DESC|THIN|VALUEPROP,200,True,132,1,10679,True,"index, follow",BreadcrumbList|ImageObject|ListItem|Organization|PostalAddress|WebPage|WebSite,64
587,/industry/dentists,recommendation-only,RC-01|RC-07,META_DESC|VALUEPROP,200,True,170,1,5234,True,"index, follow",BreadcrumbList|BusinessAudience|Country|ListItem|Organization|Service,46
588,/industry/dentists,recommendation-only,RC-01|RC-07,META_DESC|THIN|VALUEPROP,200,True,170,1,5234,True,"index, follow",BreadcrumbList|BusinessAudience|Country|ListItem|Organization|Service,46
589,/services/ai-receptionists,obsolete-advice,RC-01|RC-02|RC-05,META_DESC|SCHEMA|FAQ|THIN,200,True,152,1,6632,True,"index, follow",BreadcrumbList|BusinessAudience|Country|ListItem|Organization|Service,44
590,/,recommendation-only,RC-01|RC-07,META_DESC|THIN|VALUEPROP,200,True,132,1,10679,True,"index, follow",BreadcrumbList|ImageObject|ListItem|Organization|PostalAddress|WebPage|WebSite,64
591,/blog/ai-estate-agents-systems-agencies,confirmed-runtime,RC-01|RC-04|RC-07,META_DESC|H1_DUPLICATE|READABILITY,200,True,150,1,10747,True,"index, follow",BlogPosting|BreadcrumbList|ImageObject|ListItem|Organization,52
592,/industry/dentists,confirmed-runtime,RC-01|RC-04,META_DESC|H1_DUPLICATE|THIN,200,True,170,1,5234,True,"index, follow",BreadcrumbList|BusinessAudience|Country|ListItem|Organization|Service,46
593,/services/ai-receptionists,refuted-live,RC-01|RC-02,META_DESC|SCHEMA|THIN,200,True,152,1,6632,True,"index, follow",BreadcrumbList|BusinessAudience|Country|ListItem|Organization|Service,44
594,/,refuted-live,RC-01,THIN,200,True,132,1,10679,True,"index, follow",BreadcrumbList|ImageObject|ListItem|Organization|PostalAddress|WebPage|WebSite,64
595,/services/ai-receptionists,recommendation-only,RC-01|RC-07,THIN|VALUEPROP,200,True,152,1,6632,True,"index, follow",BreadcrumbList|BusinessAudience|Country|ListItem|Organization|Service,44
596,/blog/automate-no-show-follow-up,confirmed-runtime,RC-01|RC-03|RC-04,META_DESC|H1_DUPLICATE|COOKIE_H1,200,True,144,1,12904,True,"index, follow",BlogPosting|BreadcrumbList|ImageObject|ListItem|Organization,45
597,/blog/homepage-first-redesigns-misdiagnose-conversion,refuted-live,RC-01,THIN,200,True,141,1,9620,True,"index, follow",BlogPosting|BreadcrumbList|ImageObject|ListItem|Organization,51
598,/services/ai-receptionists,recommendation-only,RC-01|RC-07,META_DESC|THIN|VALUEPROP,200,True,152,1,6632,True,"index, follow",BreadcrumbList|BusinessAudience|Country|ListItem|Organization|Service,44
599,/blog/automate-no-show-follow-up,obsolete-advice,RC-01|RC-02|RC-05,SCHEMA|FAQ|THIN,200,True,144,1,12904,True,"index, follow",BlogPosting|BreadcrumbList|ImageObject|ListItem|Organization,45
600,/blog/ai-estate-agents-systems-agencies,recommendation-only,RC-01|RC-07,META_DESC|VALUEPROP,200,True,150,1,10747,True,"index, follow",BlogPosting|BreadcrumbList|ImageObject|ListItem|Organization,52
601,/blog/homepage-first-redesigns-misdiagnose-conversion,refuted-live,RC-01,META_DESC,200,True,141,1,9620,True,"index, follow",BlogPosting|BreadcrumbList|ImageObject|ListItem|Organization,51
602,/blog/automate-no-show-follow-up,confirmed-runtime,RC-01|RC-04,META_DESC|H1_DUPLICATE,200,True,144,1,12904,True,"index, follow",BlogPosting|BreadcrumbList|ImageObject|ListItem|Organization,45
603,/blog/fitness-coach-enquiry-automation,confirmed-runtime,RC-01|RC-02|RC-03|RC-04|RC-05|RC-07,META_DESC|H1_DUPLICATE|SCHEMA|FAQ|CITATION|COOKIE_H1,200,True,138,1,10033,True,"index, follow",BlogPosting|BreadcrumbList|ImageObject|ListItem|Organization,56
604,/blog/ai-estate-agents-systems-agencies,confirmed-runtime,RC-03|RC-04,H1_DUPLICATE|COOKIE_H1,200,True,150,1,10747,True,"index, follow",BlogPosting|BreadcrumbList|ImageObject|ListItem|Organization,52
605,/blog/automate-no-show-follow-up,confirmed-3p-mutation,RC-06,TITLE_TAG,200,True,144,1,12904,True,"index, follow",BlogPosting|BreadcrumbList|ImageObject|ListItem|Organization,45
606,/services/web-design-development,refuted-live,RC-01,THIN,200,True,169,1,5820,True,"index, follow",BreadcrumbList|BusinessAudience|Country|ListItem|Organization|Service,52
607,/blog/homepage-first-redesigns-misdiagnose-conversion,confirmed-3p-mutation,RC-01|RC-03|RC-04|RC-06,META_DESC|H1_DUPLICATE|COOKIE_H1|TITLE_TAG,200,True,141,1,9620,True,"index, follow",BlogPosting|BreadcrumbList|ImageObject|ListItem|Organization,51
608,/blog/how-dental-practices-should-run,confirmed-runtime,RC-01|RC-04,META_DESC|H1_DUPLICATE,200,True,138,1,12485,True,"index, follow",BlogPosting|BreadcrumbList|ImageObject|ListItem|Organization,41
609,/services/web-design-development,refuted-live,RC-01,META_DESC,200,True,169,1,5820,True,"index, follow",BreadcrumbList|BusinessAudience|Country|ListItem|Organization|Service,52
610,/blog/estate-agent-automation-guide,confirmed-3p-mutation,RC-01|RC-03|RC-04|RC-06,META_DESC|H1_DUPLICATE|COOKIE_H1|TITLE_TAG,200,True,157,1,10270,True,"index, follow",BlogPosting|BreadcrumbList|ImageObject|ListItem|Organization,50
611,/services/web-design-development,recommendation-only,RC-01|RC-07,META_DESC|THIN|VALUEPROP,200,True,169,1,5820,True,"index, follow",BreadcrumbList|BusinessAudience|Country|ListItem|Organization|Service,52
612,/blog/how-dental-practices-should-run,obsolete-advice,RC-02|RC-05,SCHEMA|FAQ,200,True,138,1,12485,True,"index, follow",BlogPosting|BreadcrumbList|ImageObject|ListItem|Organization,41
613,/blog/fitness-coach-enquiry-automation,confirmed-runtime,RC-01|RC-04,META_DESC|H1_DUPLICATE,200,True,138,1,10033,True,"index, follow",BlogPosting|BreadcrumbList|ImageObject|ListItem|Organization,56
614,/blog/estate-agent-automation-guide,confirmed-runtime,RC-01|RC-02|RC-03|RC-04|RC-05,META_DESC|H1_DUPLICATE|SCHEMA|FAQ|THIN|COOKIE_H1,200,True,157,1,10270,True,"index, follow",BlogPosting|BreadcrumbList|ImageObject|ListItem|Organization,50
615,/about,confirmed-runtime,RC-04,H1_DUPLICATE,200,True,144,1,2641,True,"index, follow",AboutPage|BreadcrumbList|ListItem,48
615,/blog,confirmed-runtime,RC-04,H1_DUPLICATE,200,True,106,1,16244,True,"index, follow",BreadcrumbList|CollectionPage|ListItem,48
615,/blog/ai-automation-consulting-guide,confirmed-runtime,RC-04,H1_DUPLICATE,200,True,139,1,10910,True,"index, follow",BlogPosting|BreadcrumbList|ImageObject|ListItem|Organization,50
615,/blog/ai-automation-consulting-smarter-operating-system,confirmed-runtime,RC-04,H1_DUPLICATE,200,True,133,1,11083,True,"index, follow",BlogPosting|BreadcrumbList|ImageObject|ListItem|Organization,59
615,/blog/ai-estate-agents-systems-agencies,confirmed-runtime,RC-04,H1_DUPLICATE,200,True,150,1,10747,True,"index, follow",BlogPosting|BreadcrumbList|ImageObject|ListItem|Organization,52
615,/blog/ai-receptionist-setup-guide,confirmed-runtime,RC-04,H1_DUPLICATE,200,True,145,1,11032,True,"index, follow",BlogPosting|BreadcrumbList|ImageObject|ListItem|Organization,49
615,/blog/ai-receptionist-small-business-guide,confirmed-runtime,RC-04,H1_DUPLICATE,200,True,138,1,11989,True,"index, follow",BlogPosting|BreadcrumbList|ImageObject|ListItem|Organization,56
615,/blog/ai-trades-operating-system-websites-automation,confirmed-runtime,RC-04,H1_DUPLICATE,200,True,159,1,9720,True,"index, follow",BlogPosting|BreadcrumbList|ImageObject|ListItem|Organization,49
615,/blog/ai-voice-agent-buyers-guide,confirmed-runtime,RC-04,H1_DUPLICATE,200,True,149,1,11197,True,"index, follow",BlogPosting|BreadcrumbList|ImageObject|ListItem|Organization,46
615,/blog/ai-voice-agent-development,confirmed-runtime,RC-04,H1_DUPLICATE,200,True,136,1,13695,True,"index, follow",BlogPosting|BreadcrumbList|ImageObject|ListItem|Organization,44
618,/privacy-policy,recommendation-only,RC-07,OTHER,200,True,105,1,2492,True,"noindex,nofollow",BreadcrumbList|ListItem|WebPage,31
619,/blog/how-dental-practices-should-run,confirmed-runtime,RC-01|RC-03|RC-04,META_DESC|H1_DUPLICATE|COOKIE_H1,200,True,138,1,12485,True,"index, follow",BlogPosting|BreadcrumbList|ImageObject|ListItem|Organization,41
620,/blog/fitness-coach-enquiry-automation,confirmed-runtime,RC-01|RC-03|RC-04,META_DESC|H1_DUPLICATE|COOKIE_H1,200,True,138,1,10033,True,"index, follow",BlogPosting|BreadcrumbList|ImageObject|ListItem|Organization,56
621,/services/web-design-development,confirmed-3p-mutation,RC-01|RC-04|RC-06|RC-07,H1_DUPLICATE|THIN|TITLE_TAG|VALUEPROP,200,True,169,1,5820,True,"index, follow",BreadcrumbList|BusinessAudience|Country|ListItem|Organization|Service,52
622,/blog/how-dental-practices-should-run,confirmed-3p-mutation,RC-01|RC-03|RC-04|RC-06,META_DESC|H1_DUPLICATE|COOKIE_H1|TITLE_TAG,200,True,138,1,12485,True,"index, follow",BlogPosting|BreadcrumbList|ImageObject|ListItem|Organization,41
623,/blog/build-a-prototype-instead,confirmed-runtime,RC-01|RC-03|RC-04|RC-07,META_DESC|H1_DUPLICATE|READABILITY|COOKIE_H1,200,True,151,1,11674,True,"index, follow",BlogPosting|BreadcrumbList|ImageObject|ListItem|Organization,46
624,/blog/physio-chiropractic-ai-guide,confirmed-3p-mutation,RC-01|RC-04|RC-06|RC-07,META_DESC|H1_DUPLICATE|READABILITY|TITLE_TAG,200,True,138,1,14012,True,"index, follow",BlogPosting|BreadcrumbList|ImageObject|ListItem|Organization,39
625,/blog/dental-practice-automation-guide,confirmed-runtime,RC-01|RC-04|RC-07,META_DESC|H1_DUPLICATE|READABILITY|VALUEPROP,200,True,152,1,11338,True,"index, follow",BlogPosting|BreadcrumbList|ImageObject|ListItem|Organization,61
626,/blog/build-a-prototype-instead,obsolete-advice,RC-01|RC-02|RC-05,SCHEMA|FAQ|THIN,200,True,151,1,11674,True,"index, follow",BlogPosting|BreadcrumbList|ImageObject|ListItem|Organization,46
627,/blog/physio-chiropractic-ai-guide,confirmed-runtime,RC-02|RC-03|RC-04|RC-05,H1_DUPLICATE|SCHEMA|FAQ|COOKIE_H1,200,True,138,1,14012,True,"index, follow",BlogPosting|BreadcrumbList|ImageObject|ListItem|Organization,39
628,/blog/dental-practice-automation-guide,confirmed-runtime,RC-01|RC-04|RC-05,H1_DUPLICATE|FAQ|THIN,200,True,152,1,11338,True,"index, follow",BlogPosting|BreadcrumbList|ImageObject|ListItem|Organization,61
629,/blog/physio-chiropractic-ai-guide,confirmed-runtime,RC-01|RC-04,META_DESC|H1_DUPLICATE,200,True,138,1,14012,True,"index, follow",BlogPosting|BreadcrumbList|ImageObject|ListItem|Organization,39
630,/blog/build-a-prototype-instead,refuted-live,RC-01,META_DESC,200,True,151,1,11674,True,"index, follow",BlogPosting|BreadcrumbList|ImageObject|ListItem|Organization,46
631,/blog/dental-practice-automation-guide,confirmed-runtime,RC-01|RC-04,META_DESC|H1_DUPLICATE,200,True,152,1,11338,True,"index, follow",BlogPosting|BreadcrumbList|ImageObject|ListItem|Organization,61
632,/blog/build-a-prototype-instead,confirmed-runtime,RC-01|RC-03|RC-04,META_DESC|H1_DUPLICATE|COOKIE_H1,200,True,151,1,11674,True,"index, follow",BlogPosting|BreadcrumbList|ImageObject|ListItem|Organization,46
633,/blog/physio-chiropractic-ai-guide,confirmed-3p-mutation,RC-01|RC-04|RC-06,META_DESC|H1_DUPLICATE|TITLE_TAG,200,True,138,1,14012,True,"index, follow",BlogPosting|BreadcrumbList|ImageObject|ListItem|Organization,39
634,/blog/estate-agent-automation-guide,confirmed-runtime,RC-01|RC-04|RC-07,META_DESC|H1_DUPLICATE|VALUEPROP,200,True,157,1,10270,True,"index, follow",BlogPosting|BreadcrumbList|ImageObject|ListItem|Organization,50
635,/blog/dental-practice-automation-guide,confirmed-3p-mutation,RC-01|RC-04|RC-06,META_DESC|H1_DUPLICATE|TITLE_TAG,200,True,152,1,11338,True,"index, follow",BlogPosting|BreadcrumbList|ImageObject|ListItem|Organization,61
636,/blog/estate-agent-automation-guide,confirmed-3p-mutation,RC-01|RC-03|RC-04|RC-06,META_DESC|H1_DUPLICATE|COOKIE_H1|TITLE_TAG,200,True,157,1,10270,True,"index, follow",BlogPosting|BreadcrumbList|ImageObject|ListItem|Organization,50
637,/blog/ecommerce-brands-websites-apps-ai-systems,confirmed-runtime,RC-03|RC-04,H1_DUPLICATE|HEADING_GENERIC|COOKIE_H1,200,True,132,1,11401,True,"index, follow",BlogPosting|BreadcrumbList|ImageObject|ListItem|Organization,56
638,/industry,confirmed-runtime,RC-04,H1_DUPLICATE|HEADING_GENERIC,200,True,131,1,3827,True,"index, follow",BreadcrumbList|CollectionPage|ListItem,38
639,/blog/ecommerce-brands-websites-apps-ai-systems,recommendation-only,RC-01|RC-07,META_DESC|READABILITY,200,True,132,1,11401,True,"index, follow",BlogPosting|BreadcrumbList|ImageObject|ListItem|Organization,56
640,/blog/content-creation-framework,confirmed-runtime,RC-04,H1_DUPLICATE|HEADING_GENERIC,200,True,143,1,11773,True,"index, follow",BlogPosting|BreadcrumbList|ImageObject|ListItem|Organization,50
641,/industry,confirmed-runtime,RC-01|RC-04|RC-05|RC-07,H1_DUPLICATE|FAQ|THIN|READABILITY|VALUEPROP,200,True,131,1,3827,True,"index, follow",BreadcrumbList|CollectionPage|ListItem,38
642,/blog/ecommerce-brands-websites-apps-ai-systems,refuted-live,RC-01,META_DESC,200,True,132,1,11401,True,"index, follow",BlogPosting|BreadcrumbList|ImageObject|ListItem|Organization,56
643,/blog/content-creation-framework,confirmed-runtime,RC-01|RC-03|RC-04|RC-07,META_DESC|H1_DUPLICATE|READABILITY|COOKIE_H1,200,True,143,1,11773,True,"index, follow",BlogPosting|BreadcrumbList|ImageObject|ListItem|Organization,50
644,/blog/ecommerce-brands-websites-apps-ai-systems,confirmed-runtime,RC-01|RC-04|RC-07,META_DESC|H1_DUPLICATE|VALUEPROP,200,True,132,1,11401,True,"index, follow",BlogPosting|BreadcrumbList|ImageObject|ListItem|Organization,56
645,/industry,refuted-live,RC-01|RC-02,META_DESC|SCHEMA|THIN,200,True,131,1,3827,True,"index, follow",BreadcrumbList|CollectionPage|ListItem,38
646,/blog/content-creation-framework,refuted-live,RC-01,META_DESC,200,True,143,1,11773,True,"index, follow",BlogPosting|BreadcrumbList|ImageObject|ListItem|Organization,50
647,/blog/ecommerce-ai-systems-guide,confirmed-3p-mutation,RC-01|RC-02|RC-04|RC-05|RC-06,META_DESC|H1_DUPLICATE|SCHEMA|FAQ|TITLE_TAG,200,True,136,1,11198,True,"index, follow",BlogPosting|BreadcrumbList|ImageObject|ListItem|Organization,48
648,/blog/content-creation-framework,confirmed-runtime,RC-01|RC-04|RC-07,META_DESC|H1_DUPLICATE|VALUEPROP,200,True,143,1,11773,True,"index, follow",BlogPosting|BreadcrumbList|ImageObject|ListItem|Organization,50
649,/industry,confirmed-3p-mutation,RC-01|RC-06|RC-07,META_DESC|TITLE_TAG|VALUEPROP,200,True,131,1,3827,True,"index, follow",BreadcrumbList|CollectionPage|ListItem,38
650,/blog/ecommerce-ai-systems-guide,confirmed-runtime,RC-01|RC-03|RC-04|RC-07,META_DESC|H1_DUPLICATE|THIN|COOKIE_H1|VALUEPROP,200,True,136,1,11198,True,"index, follow",BlogPosting|BreadcrumbList|ImageObject|ListItem|Organization,48
651,/services,confirmed-runtime,RC-04|RC-07,H1_DUPLICATE|HEADING_GENERIC|READABILITY,200,True,136,1,2811,True,"index, follow",BreadcrumbList|CollectionPage|ListItem,51
652,/industry/estate-agents,obsolete-advice,RC-01|RC-02|RC-05,SCHEMA|FAQ|THIN,200,True,171,1,5454,True,"index, follow",BreadcrumbList|BusinessAudience|Country|ListItem|Organization|Service,51
653,/services,recommendation-only,RC-01|RC-07,META_DESC|THIN|READABILITY|VALUEPROP,200,True,136,1,2811,True,"index, follow",BreadcrumbList|CollectionPage|ListItem,51
654,/blog/ecommerce-ai-systems-guide,refuted-live,RC-01,META_DESC,200,True,136,1,11198,True,"index, follow",BlogPosting|BreadcrumbList|ImageObject|ListItem|Organization,48
655,/industry/estate-agents,refuted-live,RC-01,META_DESC,200,True,171,1,5454,True,"index, follow",BreadcrumbList|BusinessAudience|Country|ListItem|Organization|Service,51
656,/industry/estate-agents,recommendation-only,RC-01|RC-07,META_DESC|THIN|VALUEPROP,200,True,171,1,5454,True,"index, follow",BreadcrumbList|BusinessAudience|Country|ListItem|Organization|Service,51
657,/services,refuted-live,RC-01,META_DESC,200,True,136,1,2811,True,"index, follow",BreadcrumbList|CollectionPage|ListItem,51
658,/industry/estate-agents,confirmed-3p-mutation,RC-02|RC-04|RC-05|RC-06|RC-07,H1_DUPLICATE|SCHEMA|FAQ|TITLE_TAG|VALUEPROP,200,True,171,1,5454,True,"index, follow",BreadcrumbList|BusinessAudience|Country|ListItem|Organization|Service,51
659,/services,refuted-live,RC-01,META_DESC,200,True,136,1,2811,True,"index, follow",BreadcrumbList|CollectionPage|ListItem,51
660,/blog/ecommerce-ai-systems-guide,confirmed-3p-mutation,RC-04|RC-06,H1_DUPLICATE|TITLE_TAG,200,True,136,1,11198,True,"index, follow",BlogPosting|BreadcrumbList|ImageObject|ListItem|Organization,48
661,/blog/salon-automation-salons-barbers-first-should,confirmed-runtime,RC-02|RC-04,H1_DUPLICATE|DATES,200,True,123,1,10391,True,"index, follow",BlogPosting|BreadcrumbList|ImageObject|ListItem|Organization,48
662,/blog/workflow-automation-selection-guide,recommendation-only,RC-07,CITATION,200,True,145,1,12649,True,"index, follow",BlogPosting|BreadcrumbList|ImageObject|ListItem|Organization,54
663,/blog/gym-membership-freeze-automation-myths,recommendation-only,RC-07,CITATION|TABLE,200,True,136,1,12985,True,"index, follow",BlogPosting|BreadcrumbList|ImageObject|ListItem|Organization,39
664,/blog/content-creation-system-should-build-not,refuted-live,RC-02,SCHEMA|DATES,200,True,148,1,10711,True,"index, follow",BlogPosting|BreadcrumbList|ImageObject|ListItem|Organization,56
665,/blog/conversion-focused-website-planning,recommendation-only,RC-02|RC-07,SCHEMA|TABLE,200,True,159,1,9819,True,"index, follow",BlogPosting|BreadcrumbList|ImageObject|ListItem|Organization,53
666,/blog/ai-voice-agent-out-of-hours,refuted-live,RC-02,SCHEMA|DATES,200,True,144,1,13746,True,"index, follow",BlogPosting|BreadcrumbList|ImageObject|ListItem|Organization,47
667,/blog/ai-receptionist-small-business-guide,confirmed-runtime,RC-02|RC-04,H1_DUPLICATE|SCHEMA|DATES,200,True,138,1,11989,True,"index, follow",BlogPosting|BreadcrumbList|ImageObject|ListItem|Organization,56
668,/blog/ai-receptionist-small-business-guide,recommendation-only,RC-01|RC-07,THIN|CITATION,200,True,138,1,11989,True,"index, follow",BlogPosting|BreadcrumbList|ImageObject|ListItem|Organization,56
669,/blog/ai-trades-operating-system-websites-automation,confirmed-runtime,RC-02|RC-04|RC-07,H1_DUPLICATE|SCHEMA|READABILITY|DATES,200,True,159,1,9720,True,"index, follow",BlogPosting|BreadcrumbList|ImageObject|ListItem|Organization,49
670,/industry/physios-chiropractors,recommendation-only,RC-07,READABILITY,200,True,148,1,5194,True,"index, follow",BreadcrumbList|BusinessAudience|Country|ListItem|Organization|Service,46
671,/about,recommendation-only,RC-01|RC-07,THIN|READABILITY|VALUEPROP,200,True,144,1,2641,True,"index, follow",AboutPage|BreadcrumbList|ListItem,48
672,/blog/ai-voice-agent-buyers-guide,recommendation-only,RC-07,CITATION,200,True,149,1,11197,True,"index, follow",BlogPosting|BreadcrumbList|ImageObject|ListItem|Organization,46
673,/blog/small-business-ai-automation,recommendation-only,RC-07,TABLE,200,True,155,1,10897,True,"index, follow",BlogPosting|BreadcrumbList|ImageObject|ListItem|Organization,54
674,/,refuted-live,RC-01|RC-02,META_DESC|SCHEMA,200,True,132,1,10679,True,"index, follow",BreadcrumbList|ImageObject|ListItem|Organization|PostalAddress|WebPage|WebSite,64
676,/blog/ecommerce-brands-websites-apps-ai-systems,recommendation-only,RC-01|RC-07,THIN|CITATION,200,True,132,1,11401,True,"index, follow",BlogPosting|BreadcrumbList|ImageObject|ListItem|Organization,56
677,/blog/build-a-prototype-instead,recommendation-only,RC-01|RC-07,THIN|READABILITY|CITATION,200,True,151,1,11674,True,"index, follow",BlogPosting|BreadcrumbList|ImageObject|ListItem|Organization,46
678,/blog/small-business-web-development,recommendation-only,RC-07,CITATION,200,True,157,1,11291,True,"index, follow",BlogPosting|BreadcrumbList|ImageObject|ListItem|Organization,48
679,/book,recommendation-only,RC-07,CITATION|TLDR|VALUEPROP,200,True,107,1,2578,True,"index, follow",BreadcrumbList|ListItem|WebPage,38
680,/services/ai-automation,obsolete-advice,RC-05,FAQ,200,True,158,1,4107,True,"index, follow",BreadcrumbList|BusinessAudience|Country|ListItem|Organization|Service,51
681,/blog,confirmed-runtime,RC-04|RC-07,H1_DUPLICATE|CITATION|TLDR,200,True,106,1,16244,True,"index, follow",BreadcrumbList|CollectionPage|ListItem,48
682,/blog/ai-automation-consulting-smarter-operating-system,confirmed-runtime,RC-01|RC-04|RC-07,H1_DUPLICATE|THIN|CITATION|TLDR,200,True,133,1,11083,True,"index, follow",BlogPosting|BreadcrumbList|ImageObject|ListItem|Organization,59
683,/blog,recommendation-only,RC-02|RC-07,SCHEMA|TABLE,200,True,106,1,16244,True,"index, follow",BreadcrumbList|CollectionPage|ListItem,48
684,/blog/physio-chiropractic-ai-guide,obsolete-advice,RC-02|RC-05,SCHEMA|FAQ,200,True,138,1,14012,True,"index, follow",BlogPosting|BreadcrumbList|ImageObject|ListItem|Organization,39
685,/services/ai-receptionists,obsolete-advice,RC-02|RC-05|RC-07,SCHEMA|FAQ|CITATION,200,True,152,1,6632,True,"index, follow",BreadcrumbList|BusinessAudience|Country|ListItem|Organization|Service,44
686,/blog/small-business-ai-automation,refuted-live,RC-01,THIN,200,True,155,1,10897,True,"index, follow",BlogPosting|BreadcrumbList|ImageObject|ListItem|Organization,54
687,/blog/how-dental-practices-should-run,confirmed-runtime,RC-01|RC-04|RC-07,H1_DUPLICATE|THIN|CITATION|TLDR|VALUEPROP,200,True,138,1,12485,True,"index, follow",BlogPosting|BreadcrumbList|ImageObject|ListItem|Organization,41
688,/blog/homepage-first-redesigns-misdiagnose-conversion,recommendation-only,RC-07,CITATION|TLDR,200,True,141,1,9620,True,"index, follow",BlogPosting|BreadcrumbList|ImageObject|ListItem|Organization,51
689,/how-we-work,refuted-live,RC-02,SCHEMA|DATES,200,True,107,1,3579,True,"index, follow",BreadcrumbList|ListItem|WebPage,45
690,/blog/gym-membership-freeze-automation-myths,confirmed-runtime,RC-02|RC-04|RC-07,H1_DUPLICATE|SCHEMA|CITATION|TLDR,200,True,136,1,12985,True,"index, follow",BlogPosting|BreadcrumbList|ImageObject|ListItem|Organization,39
691,/blog/trades-websites-ai-automation,recommendation-only,RC-07,READABILITY|TLDR,200,True,151,1,11405,True,"index, follow",BlogPosting|BreadcrumbList|ImageObject|ListItem|Organization,52
692,/blog/conversion-focused-website-planning,obsolete-advice,RC-01|RC-05|RC-07,FAQ|THIN|CITATION|TABLE,200,True,159,1,9819,True,"index, follow",BlogPosting|BreadcrumbList|ImageObject|ListItem|Organization,53
693,/industry/trades,obsolete-advice,RC-01|RC-05,FAQ|THIN,200,True,157,1,5327,True,"index, follow",BreadcrumbList|BusinessAudience|Country|ListItem|Organization|Service,45
694,/blog/ai-estate-agents-systems-agencies,recommendation-only,RC-01|RC-07,THIN|TABLE,200,True,150,1,10747,True,"index, follow",BlogPosting|BreadcrumbList|ImageObject|ListItem|Organization,52
695,/blog/homepage-first-redesigns-misdiagnose-conversion,obsolete-advice,RC-02|RC-05,SCHEMA|FAQ,200,True,141,1,9620,True,"index, follow",BlogPosting|BreadcrumbList|ImageObject|ListItem|Organization,51
696,/blog/fitness-coach-enquiry-automation,obsolete-advice,RC-01|RC-05|RC-07,FAQ|THIN|INTERNAL_LINK,200,True,138,1,10033,True,"index, follow",BlogPosting|BreadcrumbList|ImageObject|ListItem|Organization,56
